date,store_id,city,store_profile,transactions,holiday_flag,holiday_name,local_event_flag,local_event_name,weekend_flag,payday_flag,heatwave_flag,avg_temp_f,temp_index,day_of_week,month,day_name,week_of_year,quarter,day_of_month
2024-01-01,S001,Tempe,campus corridor,749.0,1,new_years_day,0,none,0,1,0,76.9,0.3981818181818183,0,1,Monday,1,1,1
2024-01-02,S001,Tempe,campus corridor,833.0,0,none,0,none,0,1,0,76.6,0.39272727272727265,1,1,Tuesday,1,1,2
2024-01-03,S001,Tempe,campus corridor,877.0,0,none,0,none,0,0,0,76.3,0.3872727272727272,2,1,Wednesday,1,1,3
2024-01-04,S001,Tempe,campus corridor,909.0,0,none,0,none,0,0,0,76.0,0.38181818181818183,3,1,Thursday,1,1,4
2024-01-05,S001,Tempe,campus corridor,856.0,0,none,0,none,0,0,0,75.7,0.3763636363636364,4,1,Friday,1,1,5
2024-01-06,S001,Tempe,campus corridor,937.0,0,none,0,none,1,0,0,75.4,0.370909090909091,5,1,Saturday,1,1,6
2024-01-07,S001,Tempe,campus corridor,933.0,0,none,0,none,1,0,0,75.1,0.36545454545454537,6,1,Sunday,1,1,7
2024-01-08,S001,Tempe,campus corridor,782.0,0,none,0,none,0,0,0,74.8,0.35999999999999993,0,1,Monday,2,1,8
2024-01-09,S001,Tempe,campus corridor,818.0,0,none,0,none,0,0,0,74.5,0.35454545454545455,1,1,Tuesday,2,1,9
2024-01-10,S001,Tempe,campus corridor,825.0,0,none,0,none,0,0,0,74.2,0.3490909090909091,2,1,Wednesday,2,1,10
2024-01-11,S001,Tempe,campus corridor,907.0,0,none,0,none,0,0,0,74.0,0.34545454545454546,3,1,Thursday,2,1,11
2024-01-12,S001,Tempe,campus corridor,947.0,0,none,0,none,0,0,0,73.7,0.34,4,1,Friday,2,1,12
2024-01-13,S001,Tempe,campus corridor,983.0,0,none,0,none,1,0,0,73.4,0.33454545454545465,5,1,Saturday,2,1,13
2024-01-14,S001,Tempe,campus corridor,1023.0,0,none,0,none,1,1,0,73.1,0.329090909090909,6,1,Sunday,2,1,14
2024-01-15,S001,Tempe,campus corridor,856.0,0,none,0,none,0,1,0,72.8,0.3236363636363636,0,1,Monday,3,1,15
2024-01-16,S001,Tempe,campus corridor,840.0,0,none,0,none,0,1,0,72.5,0.3181818181818182,1,1,Tuesday,3,1,16
2024-01-17,S001,Tempe,campus corridor,866.0,0,none,0,none,0,0,0,72.3,0.3145454545454545,2,1,Wednesday,3,1,17
2024-01-18,S001,Tempe,campus corridor,847.0,0,none,0,none,0,0,0,72.0,0.3090909090909091,3,1,Thursday,3,1,18
2024-01-19,S001,Tempe,campus corridor,951.0,0,none,0,none,0,0,0,71.7,0.3036363636363637,4,1,Friday,3,1,19
2024-01-20,S001,Tempe,campus corridor,980.0,0,none,0,none,1,0,0,71.4,0.29818181818181827,5,1,Saturday,3,1,20
2024-01-21,S001,Tempe,campus corridor,924.0,0,none,0,none,1,0,0,71.2,0.2945454545454546,6,1,Sunday,3,1,21
2024-01-22,S001,Tempe,campus corridor,772.0,0,none,0,none,0,0,0,70.9,0.2890909090909092,0,1,Monday,4,1,22
2024-01-23,S001,Tempe,campus corridor,860.0,0,none,0,none,0,0,0,70.7,0.2854545454545455,1,1,Tuesday,4,1,23
2024-01-24,S001,Tempe,campus corridor,849.0,0,none,0,none,0,0,0,70.4,0.2800000000000001,2,1,Wednesday,4,1,24
2024-01-25,S001,Tempe,campus corridor,866.0,0,none,0,none,0,0,0,70.1,0.2745454545454544,3,1,Thursday,4,1,25
2024-01-26,S001,Tempe,campus corridor,911.0,0,none,0,none,0,0,0,69.9,0.270909090909091,4,1,Friday,4,1,26
2024-01-27,S001,Tempe,campus corridor,1000.0,0,none,0,none,1,0,0,69.6,0.26545454545454533,5,1,Saturday,4,1,27
2024-01-28,S001,Tempe,campus corridor,943.0,0,none,0,none,1,0,0,69.4,0.2618181818181819,6,1,Sunday,4,1,28
2024-01-29,S001,Tempe,campus corridor,808.0,0,none,0,none,0,0,0,69.2,0.25818181818181823,0,1,Monday,5,1,29
2024-01-30,S001,Tempe,campus corridor,834.0,0,none,0,none,0,0,0,68.9,0.25272727272727286,1,1,Tuesday,5,1,30
2024-01-31,S001,Tempe,campus corridor,925.0,0,none,0,none,0,0,0,68.7,0.24909090909090914,2,1,Wednesday,5,1,31
2024-02-01,S001,Tempe,campus corridor,920.0,0,none,0,none,0,1,0,68.5,0.24545454545454545,3,2,Thursday,5,1,1
2024-02-02,S001,Tempe,campus corridor,962.0,0,none,0,none,0,1,0,68.2,0.24000000000000005,4,2,Friday,5,1,2
2024-02-03,S001,Tempe,campus corridor,956.0,0,none,0,none,1,0,0,68.0,0.23636363636363636,5,2,Saturday,5,1,3
2024-02-04,S001,Tempe,campus corridor,952.0,0,none,0,none,1,0,0,67.8,0.23272727272727267,6,2,Sunday,5,1,4
2024-02-05,S001,Tempe,campus corridor,832.0,0,none,0,none,0,0,0,67.6,0.22909090909090898,0,2,Monday,6,1,5
2024-02-06,S001,Tempe,campus corridor,817.0,0,none,0,none,0,0,0,67.3,0.22363636363636358,1,2,Tuesday,6,1,6
2024-02-07,S001,Tempe,campus corridor,827.0,0,none,0,none,0,0,0,67.1,0.2199999999999999,2,2,Wednesday,6,1,7
2024-02-08,S001,Tempe,campus corridor,854.0,0,none,0,none,0,0,0,66.9,0.21636363636363648,3,2,Thursday,6,1,8
2024-02-09,S001,Tempe,campus corridor,945.0,0,none,0,none,0,0,0,66.7,0.2127272727272728,4,2,Friday,6,1,9
2024-02-10,S001,Tempe,campus corridor,1008.0,0,none,0,none,1,0,0,66.5,0.20909090909090908,5,2,Saturday,6,1,10
2024-02-11,S001,Tempe,campus corridor,1100.0,1,super_bowl,0,none,1,0,0,66.3,0.2054545454545454,6,2,Sunday,6,1,11
2024-02-12,S001,Tempe,campus corridor,774.0,0,none,0,none,0,0,0,66.2,0.2036363636363637,0,2,Monday,7,1,12
2024-02-13,S001,Tempe,campus corridor,829.0,0,none,0,none,0,0,0,66.0,0.2,1,2,Tuesday,7,1,13
2024-02-14,S001,Tempe,campus corridor,911.0,0,none,0,none,0,1,0,65.8,0.19636363636363632,2,2,Wednesday,7,1,14
2024-02-15,S001,Tempe,campus corridor,942.0,0,none,0,none,0,1,0,65.6,0.19272727272727264,3,2,Thursday,7,1,15
2024-02-16,S001,Tempe,campus corridor,1009.0,0,none,0,none,0,1,0,65.4,0.1890909090909092,4,2,Friday,7,1,16
2024-02-17,S001,Tempe,campus corridor,992.0,0,none,0,none,1,0,0,65.3,0.18727272727272723,5,2,Saturday,7,1,17
2024-02-18,S001,Tempe,campus corridor,955.0,0,none,0,none,1,0,0,65.1,0.18363636363636354,6,2,Sunday,7,1,18
2024-02-19,S001,Tempe,campus corridor,798.0,0,none,0,none,0,0,0,65.0,0.18181818181818182,0,2,Monday,8,1,19
2024-02-20,S001,Tempe,campus corridor,831.0,0,none,0,none,0,0,0,64.8,0.17818181818181814,1,2,Tuesday,8,1,20
2024-02-21,S001,Tempe,campus corridor,877.0,0,none,0,none,0,0,0,64.6,0.17454545454545445,2,2,Wednesday,8,1,21
2024-02-22,S001,Tempe,campus corridor,834.0,0,none,0,none,0,0,0,64.5,0.17272727272727273,3,2,Thursday,8,1,22
2024-02-23,S001,Tempe,campus corridor,914.0,0,none,0,none,0,0,0,64.4,0.170909090909091,4,2,Friday,8,1,23
2024-02-24,S001,Tempe,campus corridor,969.0,0,none,0,none,1,0,0,64.2,0.16727272727272732,5,2,Saturday,8,1,24
2024-02-25,S001,Tempe,campus corridor,987.0,0,none,1,tempe_marathon,1,0,0,64.1,0.16545454545454535,6,2,Sunday,8,1,25
2024-02-26,S001,Tempe,campus corridor,788.0,0,none,0,none,0,0,0,64.0,0.16363636363636364,0,2,Monday,9,1,26
2024-02-27,S001,Tempe,campus corridor,872.0,0,none,0,none,0,0,0,63.9,0.1618181818181818,1,2,Tuesday,9,1,27
2024-02-28,S001,Tempe,campus corridor,828.0,0,none,0,none,0,0,0,63.7,0.15818181818181823,2,2,Wednesday,9,1,28
2024-02-29,S001,Tempe,campus corridor,915.0,0,none,0,none,0,0,0,63.6,0.1563636363636364,3,2,Thursday,9,1,29
2024-03-01,S001,Tempe,campus corridor,926.0,0,none,0,none,0,1,0,63.5,0.15454545454545454,4,3,Friday,9,1,1
2024-03-02,S001,Tempe,campus corridor,1034.0,0,none,0,none,1,1,0,63.4,0.1527272727272727,5,3,Saturday,9,1,2
2024-03-03,S001,Tempe,campus corridor,940.0,0,none,0,none,1,0,0,63.3,0.15090909090909085,6,3,Sunday,9,1,3
2024-03-04,S001,Tempe,campus corridor,817.0,0,none,0,none,0,0,0,63.2,0.14909090909090914,0,3,Monday,10,1,4
2024-03-05,S001,Tempe,campus corridor,847.0,0,none,0,none,0,0,0,63.2,0.14909090909090914,1,3,Tuesday,10,1,5
2024-03-06,S001,Tempe,campus corridor,884.0,0,none,0,none,0,0,0,63.1,0.1472727272727273,2,3,Wednesday,10,1,6
2024-03-07,S001,Tempe,campus corridor,872.0,0,none,0,none,0,0,0,63.0,0.14545454545454545,3,3,Thursday,10,1,7
2024-03-08,S001,Tempe,campus corridor,1013.0,0,none,1,tempe_festival_of_the_arts,0,0,0,62.9,0.14363636363636362,4,3,Friday,10,1,8
2024-03-09,S001,Tempe,campus corridor,1015.0,0,none,0,none,1,0,0,62.9,0.14363636363636362,5,3,Saturday,10,1,9
2024-03-10,S001,Tempe,campus corridor,929.0,0,none,0,none,1,0,0,62.8,0.14181818181818176,6,3,Sunday,10,1,10
2024-03-11,S001,Tempe,campus corridor,756.0,0,none,0,none,0,0,0,62.7,0.14000000000000004,0,3,Monday,11,1,11
2024-03-12,S001,Tempe,campus corridor,786.0,0,none,0,none,0,0,0,62.7,0.14000000000000004,1,3,Tuesday,11,1,12
2024-03-13,S001,Tempe,campus corridor,828.0,0,none,0,none,0,0,0,62.7,0.14000000000000004,2,3,Wednesday,11,1,13
2024-03-14,S001,Tempe,campus corridor,953.0,0,none,0,none,0,1,0,62.6,0.1381818181818182,3,3,Thursday,11,1,14
2024-03-15,S001,Tempe,campus corridor,987.0,0,none,0,none,0,1,0,62.6,0.1381818181818182,4,3,Friday,11,1,15
2024-03-16,S001,Tempe,campus corridor,1069.0,0,none,0,none,1,1,0,62.6,0.1381818181818182,5,3,Saturday,11,1,16
2024-03-17,S001,Tempe,campus corridor,921.0,0,none,0,none,1,0,0,62.5,0.13636363636363635,6,3,Sunday,11,1,17
2024-03-18,S001,Tempe,campus corridor,804.0,0,none,0,none,0,0,0,62.5,0.13636363636363635,0,3,Monday,12,1,18
2024-03-19,S001,Tempe,campus corridor,845.0,0,none,0,none,0,0,0,62.5,0.13636363636363635,1,3,Tuesday,12,1,19
2024-03-20,S001,Tempe,campus corridor,848.0,0,none,0,none,0,0,0,62.5,0.13636363636363635,2,3,Wednesday,12,1,20
2024-03-21,S001,Tempe,campus corridor,899.0,0,none,0,none,0,0,0,62.5,0.13636363636363635,3,3,Thursday,12,1,21
2024-03-22,S001,Tempe,campus corridor,906.0,0,none,0,none,0,0,0,62.5,0.13636363636363635,4,3,Friday,12,1,22
2024-03-23,S001,Tempe,campus corridor,976.0,0,none,0,none,1,0,0,62.5,0.13636363636363635,5,3,Saturday,12,1,23
2024-03-24,S001,Tempe,campus corridor,924.0,0,none,0,none,1,0,0,62.5,0.13636363636363635,6,3,Sunday,12,1,24
2024-03-25,S001,Tempe,campus corridor,759.0,0,none,0,none,0,0,0,62.5,0.13636363636363635,0,3,Monday,13,1,25
2024-03-26,S001,Tempe,campus corridor,841.0,0,none,0,none,0,0,0,62.6,0.1381818181818182,1,3,Tuesday,13,1,26
2024-03-27,S001,Tempe,campus corridor,844.0,0,none,0,none,0,0,0,62.6,0.1381818181818182,2,3,Wednesday,13,1,27
2024-03-28,S001,Tempe,campus corridor,885.0,0,none,0,none,0,0,0,62.6,0.1381818181818182,3,3,Thursday,13,1,28
2024-03-29,S001,Tempe,campus corridor,944.0,0,none,0,none,0,0,0,62.7,0.14000000000000004,4,3,Friday,13,1,29
2024-03-30,S001,Tempe,campus corridor,1003.0,0,none,0,none,1,0,0,62.7,0.14000000000000004,5,3,Saturday,13,1,30
2024-03-31,S001,Tempe,campus corridor,959.0,0,none,0,none,1,0,0,62.8,0.14181818181818176,6,3,Sunday,13,1,31
2024-04-01,S001,Tempe,campus corridor,844.0,0,none,0,none,0,1,0,62.8,0.14181818181818176,0,4,Monday,14,2,1
2024-04-02,S001,Tempe,campus corridor,861.0,0,none,0,none,0,1,0,62.9,0.14363636363636362,1,4,Tuesday,14,2,2
2024-04-03,S001,Tempe,campus corridor,857.0,0,none,0,none,0,0,0,63.0,0.14545454545454545,2,4,Wednesday,14,2,3
2024-04-04,S001,Tempe,campus corridor,830.0,0,none,0,none,0,0,0,63.0,0.14545454545454545,3,4,Thursday,14,2,4
2024-04-05,S001,Tempe,campus corridor,881.0,0,none,0,none,0,0,0,63.1,0.1472727272727273,4,4,Friday,14,2,5
2024-04-06,S001,Tempe,campus corridor,945.0,0,none,0,none,1,0,0,63.2,0.14909090909090914,5,4,Saturday,14,2,6
2024-04-07,S001,Tempe,campus corridor,905.0,0,none,0,none,1,0,0,63.3,0.15090909090909085,6,4,Sunday,14,2,7
2024-04-08,S001,Tempe,campus corridor,813.0,0,none,0,none,0,0,0,63.4,0.1527272727272727,0,4,Monday,15,2,8
2024-04-09,S001,Tempe,campus corridor,796.0,0,none,0,none,0,0,0,63.5,0.15454545454545454,1,4,Tuesday,15,2,9
2024-04-10,S001,Tempe,campus corridor,848.0,0,none,0,none,0,0,0,63.6,0.1563636363636364,2,4,Wednesday,15,2,10
2024-04-11,S001,Tempe,campus corridor,929.0,0,none,0,none,0,0,0,63.7,0.15818181818181823,3,4,Thursday,15,2,11
2024-04-12,S001,Tempe,campus corridor,918.0,0,none,0,none,0,0,0,63.8,0.15999999999999995,4,4,Friday,15,2,12
2024-04-13,S001,Tempe,campus corridor,1014.0,0,none,0,none,1,0,0,63.9,0.1618181818181818,5,4,Saturday,15,2,13
2024-04-14,S001,Tempe,campus corridor,964.0,0,none,0,none,1,1,0,64.1,0.16545454545454535,6,4,Sunday,15,2,14
2024-04-15,S001,Tempe,campus corridor,842.0,0,none,0,none,0,1,0,64.2,0.16727272727272732,0,4,Monday,16,2,15
2024-04-16,S001,Tempe,campus corridor,845.0,0,none,0,none,0,1,0,64.3,0.16909090909090904,1,4,Tuesday,16,2,16
2024-04-17,S001,Tempe,campus corridor,850.0,0,none,0,none,0,0,0,64.5,0.17272727272727273,2,4,Wednesday,16,2,17
2024-04-18,S001,Tempe,campus corridor,915.0,0,none,0,none,0,0,0,64.6,0.17454545454545445,3,4,Thursday,16,2,18
2024-04-19,S001,Tempe,campus corridor,873.0,0,none,0,none,0,0,0,64.7,0.17636363636363642,4,4,Friday,16,2,19
2024-04-20,S001,Tempe,campus corridor,1005.0,0,none,0,none,1,0,0,64.9,0.1800000000000001,5,4,Saturday,16,2,20
2024-04-21,S001,Tempe,campus corridor,947.0,0,none,0,none,1,0,0,65.0,0.18181818181818182,6,4,Sunday,16,2,21
2024-04-22,S001,Tempe,campus corridor,781.0,0,none,0,none,0,0,0,65.2,0.1854545454545455,0,4,Monday,17,2,22
2024-04-23,S001,Tempe,campus corridor,779.0,0,none,0,none,0,0,0,65.4,0.1890909090909092,1,4,Tuesday,17,2,23
2024-04-24,S001,Tempe,campus corridor,864.0,0,none,0,none,0,0,0,65.5,0.19090909090909092,2,4,Wednesday,17,2,24
2024-04-25,S001,Tempe,campus corridor,870.0,0,none,0,none,0,0,0,65.7,0.1945454545454546,3,4,Thursday,17,2,25
2024-04-26,S001,Tempe,campus corridor,938.0,0,none,0,none,0,0,0,65.9,0.1981818181818183,4,4,Friday,17,2,26
2024-04-27,S001,Tempe,campus corridor,992.0,0,none,0,none,1,0,0,66.1,0.2018181818181817,5,4,Saturday,17,2,27
2024-04-28,S001,Tempe,campus corridor,992.0,0,none,0,none,1,0,0,66.3,0.2054545454545454,6,4,Sunday,17,2,28
2024-04-29,S001,Tempe,campus corridor,794.0,0,none,0,none,0,0,0,66.5,0.20909090909090908,0,4,Monday,18,2,29
2024-04-30,S001,Tempe,campus corridor,794.0,0,none,0,none,0,0,0,66.7,0.2127272727272728,1,4,Tuesday,18,2,30
2024-05-01,S001,Tempe,campus corridor,920.0,0,none,0,none,0,1,0,66.9,0.21636363636363648,2,5,Wednesday,18,2,1
2024-05-02,S001,Tempe,campus corridor,949.0,0,none,0,none,0,1,0,67.1,0.2199999999999999,3,5,Thursday,18,2,2
2024-05-03,S001,Tempe,campus corridor,976.0,0,none,0,none,0,0,0,67.3,0.22363636363636358,4,5,Friday,18,2,3
2024-05-04,S001,Tempe,campus corridor,1019.0,0,none,0,none,1,0,0,67.5,0.22727272727272727,5,5,Saturday,18,2,4
2024-05-05,S001,Tempe,campus corridor,952.0,0,none,0,none,1,0,0,67.7,0.23090909090909095,6,5,Sunday,18,2,5
2024-05-06,S001,Tempe,campus corridor,850.0,0,none,0,none,0,0,0,67.9,0.23454545454545464,0,5,Monday,19,2,6
2024-05-07,S001,Tempe,campus corridor,789.0,0,none,0,none,0,0,0,68.1,0.23818181818181808,1,5,Tuesday,19,2,7
2024-05-08,S001,Tempe,campus corridor,842.0,0,none,0,none,0,0,0,68.4,0.24363636363636373,2,5,Wednesday,19,2,8
2024-05-09,S001,Tempe,campus corridor,858.0,0,none,0,none,0,0,0,68.6,0.24727272727272717,3,5,Thursday,19,2,9
2024-05-10,S001,Tempe,campus corridor,919.0,0,none,0,none,0,0,0,68.8,0.25090909090909086,4,5,Friday,19,2,10
2024-05-11,S001,Tempe,campus corridor,947.0,0,none,0,none,1,0,0,69.1,0.25636363636363624,5,5,Saturday,19,2,11
2024-05-12,S001,Tempe,campus corridor,962.0,0,none,0,none,1,0,0,69.3,0.25999999999999995,6,5,Sunday,19,2,12
2024-05-13,S001,Tempe,campus corridor,795.0,0,none,0,none,0,0,0,69.6,0.26545454545454533,0,5,Monday,20,2,13
2024-05-14,S001,Tempe,campus corridor,830.0,0,none,0,none,0,1,0,69.8,0.26909090909090905,1,5,Tuesday,20,2,14
2024-05-15,S001,Tempe,campus corridor,882.0,0,none,0,none,0,1,0,70.1,0.2745454545454544,2,5,Wednesday,20,2,15
2024-05-16,S001,Tempe,campus corridor,953.0,0,none,0,none,0,1,0,70.3,0.27818181818181814,3,5,Thursday,20,2,16
2024-05-17,S001,Tempe,campus corridor,960.0,0,none,0,none,0,0,0,70.6,0.2836363636363635,4,5,Friday,20,2,17
2024-05-18,S001,Tempe,campus corridor,1059.0,0,none,0,none,1,0,0,70.8,0.28727272727272724,5,5,Saturday,20,2,18
2024-05-19,S001,Tempe,campus corridor,1037.0,0,none,0,none,1,0,0,71.1,0.2927272727272726,6,5,Sunday,20,2,19
2024-05-20,S001,Tempe,campus corridor,817.0,0,none,0,none,0,0,0,71.3,0.29636363636363633,0,5,Monday,21,2,20
2024-05-21,S001,Tempe,campus corridor,797.0,0,none,0,none,0,0,0,71.6,0.3018181818181817,1,5,Tuesday,21,2,21
2024-05-22,S001,Tempe,campus corridor,793.0,0,none,0,none,0,0,0,71.9,0.30727272727272736,2,5,Wednesday,21,2,22
2024-05-23,S001,Tempe,campus corridor,899.0,0,none,0,none,0,0,0,72.2,0.3127272727272728,3,5,Thursday,21,2,23
2024-05-24,S001,Tempe,campus corridor,906.0,0,none,0,none,0,0,0,72.4,0.31636363636363646,4,5,Friday,21,2,24
2024-05-25,S001,Tempe,campus corridor,980.0,0,none,0,none,1,0,0,72.7,0.3218181818181819,5,5,Saturday,21,2,25
2024-05-26,S001,Tempe,campus corridor,922.0,0,none,0,none,1,0,0,73.0,0.32727272727272727,6,5,Sunday,21,2,26
2024-05-27,S001,Tempe,campus corridor,928.0,1,memorial_day,0,none,0,0,0,73.3,0.33272727272727265,0,5,Monday,22,2,27
2024-05-28,S001,Tempe,campus corridor,865.0,0,none,0,none,0,0,0,73.6,0.3381818181818181,1,5,Tuesday,22,2,28
2024-05-29,S001,Tempe,campus corridor,870.0,0,none,0,none,0,0,0,73.8,0.34181818181818174,2,5,Wednesday,22,2,29
2024-05-30,S001,Tempe,campus corridor,885.0,0,none,0,none,0,0,0,74.1,0.3472727272727272,3,5,Thursday,22,2,30
2024-05-31,S001,Tempe,campus corridor,900.0,0,none,0,none,0,0,0,74.4,0.35272727272727283,4,5,Friday,22,2,31
2024-06-01,S001,Tempe,campus corridor,999.0,0,none,0,none,1,1,0,74.7,0.3581818181818182,5,6,Saturday,22,2,1
2024-06-02,S001,Tempe,campus corridor,983.0,0,none,0,none,1,1,0,75.0,0.36363636363636365,6,6,Sunday,22,2,2
2024-06-03,S001,Tempe,campus corridor,802.0,0,none,0,none,0,0,0,75.3,0.369090909090909,0,6,Monday,23,2,3
2024-06-04,S001,Tempe,campus corridor,889.0,0,none,0,none,0,0,0,75.6,0.37454545454545446,1,6,Tuesday,23,2,4
2024-06-05,S001,Tempe,campus corridor,869.0,0,none,0,none,0,0,0,75.9,0.3800000000000001,2,6,Wednesday,23,2,5
2024-06-06,S001,Tempe,campus corridor,923.0,0,none,0,none,0,0,0,76.2,0.3854545454545455,3,6,Thursday,23,2,6
2024-06-07,S001,Tempe,campus corridor,918.0,0,none,0,none,0,0,0,76.5,0.39090909090909093,4,6,Friday,23,2,7
2024-06-08,S001,Tempe,campus corridor,956.0,0,none,0,none,1,0,0,76.8,0.3963636363636363,5,6,Saturday,23,2,8
2024-06-09,S001,Tempe,campus corridor,911.0,0,none,0,none,1,0,0,77.1,0.40181818181818174,6,6,Sunday,23,2,9
2024-06-10,S001,Tempe,campus corridor,781.0,0,none,0,none,0,0,0,77.4,0.4072727272727274,0,6,Monday,24,2,10
2024-06-11,S001,Tempe,campus corridor,901.0,0,none,0,none,0,0,0,77.7,0.4127272727272728,1,6,Tuesday,24,2,11
2024-06-12,S001,Tempe,campus corridor,838.0,0,none,0,none,0,0,0,78.0,0.41818181818181815,2,6,Wednesday,24,2,12
2024-06-13,S001,Tempe,campus corridor,919.0,0,none,0,none,0,0,0,78.3,0.4236363636363636,3,6,Thursday,24,2,13
2024-06-14,S001,Tempe,campus corridor,961.0,0,none,0,none,0,1,0,78.6,0.42909090909090897,4,6,Friday,24,2,14
2024-06-15,S001,Tempe,campus corridor,1086.0,0,none,0,none,1,1,0,79.0,0.43636363636363634,5,6,Saturday,24,2,15
2024-06-16,S001,Tempe,campus corridor,1013.0,0,none,0,none,1,1,0,79.3,0.4418181818181818,6,6,Sunday,24,2,16
2024-06-17,S001,Tempe,campus corridor,800.0,0,none,0,none,0,0,0,79.6,0.44727272727272716,0,6,Monday,25,2,17
2024-06-18,S001,Tempe,campus corridor,830.0,0,none,0,none,0,0,0,79.9,0.4527272727272728,1,6,Tuesday,25,2,18
2024-06-19,S001,Tempe,campus corridor,845.0,0,none,0,none,0,0,0,80.2,0.45818181818181825,2,6,Wednesday,25,2,19
2024-06-20,S001,Tempe,campus corridor,907.0,0,none,0,none,0,0,0,80.5,0.4636363636363636,3,6,Thursday,25,2,20
2024-06-21,S001,Tempe,campus corridor,921.0,0,none,0,none,0,0,0,80.8,0.46909090909090906,4,6,Friday,25,2,21
2024-06-22,S001,Tempe,campus corridor,956.0,0,none,0,none,1,0,0,81.1,0.47454545454545444,5,6,Saturday,25,2,22
2024-06-23,S001,Tempe,campus corridor,902.0,0,none,0,none,1,0,0,81.4,0.4800000000000001,6,6,Sunday,25,2,23
2024-06-24,S001,Tempe,campus corridor,812.0,0,none,0,none,0,0,0,81.7,0.4854545454545455,0,6,Monday,26,2,24
2024-06-25,S001,Tempe,campus corridor,884.0,0,none,0,none,0,0,0,82.0,0.4909090909090909,1,6,Tuesday,26,2,25
2024-06-26,S001,Tempe,campus corridor,872.0,0,none,0,none,0,0,0,82.4,0.4981818181818183,2,6,Wednesday,26,2,26
2024-06-27,S001,Tempe,campus corridor,889.0,0,none,0,none,0,0,0,82.7,0.5036363636363637,3,6,Thursday,26,2,27
2024-06-28,S001,Tempe,campus corridor,946.0,0,none,0,none,0,0,0,83.0,0.509090909090909,4,6,Friday,26,2,28
2024-06-29,S001,Tempe,campus corridor,1040.0,0,none,0,none,1,0,0,83.3,0.5145454545454545,5,6,Saturday,26,2,29
2024-06-30,S001,Tempe,campus corridor,952.0,0,none,0,none,1,0,0,83.6,0.5199999999999999,6,6,Sunday,26,2,30
2024-07-01,S001,Tempe,campus corridor,841.0,0,none,0,none,0,1,0,83.9,0.5254545454545455,0,7,Monday,27,3,1
2024-07-02,S001,Tempe,campus corridor,919.0,0,none,0,none,0,1,0,84.2,0.530909090909091,1,7,Tuesday,27,3,2
2024-07-03,S001,Tempe,campus corridor,881.0,0,none,0,none,0,0,0,84.5,0.5363636363636364,2,7,Wednesday,27,3,3
2024-07-04,S001,Tempe,campus corridor,1087.0,1,independence_day,0,none,0,0,0,84.8,0.5418181818181818,3,7,Thursday,27,3,4
2024-07-05,S001,Tempe,campus corridor,943.0,0,none,0,none,0,0,0,85.1,0.5472727272727271,4,7,Friday,27,3,5
2024-07-06,S001,Tempe,campus corridor,957.0,0,none,0,none,1,0,0,85.4,0.5527272727272728,5,7,Saturday,27,3,6
2024-07-07,S001,Tempe,campus corridor,901.0,0,none,0,none,1,0,0,85.7,0.5581818181818182,6,7,Sunday,27,3,7
2024-07-08,S001,Tempe,campus corridor,861.0,0,none,0,none,0,0,0,86.0,0.5636363636363636,0,7,Monday,28,3,8
2024-07-09,S001,Tempe,campus corridor,890.0,0,none,0,none,0,0,0,86.3,0.5690909090909091,1,7,Tuesday,28,3,9
2024-07-10,S001,Tempe,campus corridor,862.0,0,none,0,none,0,0,0,86.6,0.5745454545454545,2,7,Wednesday,28,3,10
2024-07-11,S001,Tempe,campus corridor,881.0,0,none,0,none,0,0,0,86.9,0.5800000000000001,3,7,Thursday,28,3,11
2024-07-12,S001,Tempe,campus corridor,986.0,0,none,0,none,0,0,0,87.2,0.5854545454545456,4,7,Friday,28,3,12
2024-07-13,S001,Tempe,campus corridor,962.0,0,none,0,none,1,0,0,87.4,0.5890909090909092,5,7,Saturday,28,3,13
2024-07-14,S001,Tempe,campus corridor,974.0,0,none,0,none,1,1,0,87.7,0.5945454545454546,6,7,Sunday,28,3,14
2024-07-15,S001,Tempe,campus corridor,877.0,0,none,0,none,0,1,0,88.0,0.6,0,7,Monday,29,3,15
2024-07-16,S001,Tempe,campus corridor,871.0,0,none,0,none,0,1,0,88.3,0.6054545454545454,1,7,Tuesday,29,3,16
2024-07-17,S001,Tempe,campus corridor,868.0,0,none,0,none,0,0,0,88.6,0.6109090909090908,2,7,Wednesday,29,3,17
2024-07-18,S001,Tempe,campus corridor,889.0,0,none,0,none,0,0,0,88.8,0.6145454545454545,3,7,Thursday,29,3,18
2024-07-19,S001,Tempe,campus corridor,949.0,0,none,0,none,0,0,0,89.1,0.6199999999999999,4,7,Friday,29,3,19
2024-07-20,S001,Tempe,campus corridor,1045.0,0,none,0,none,1,0,0,89.4,0.6254545454545456,5,7,Saturday,29,3,20
2024-07-21,S001,Tempe,campus corridor,950.0,0,none,0,none,1,0,0,89.7,0.630909090909091,6,7,Sunday,29,3,21
2024-07-22,S001,Tempe,campus corridor,829.0,0,none,0,none,0,0,0,89.9,0.6345454545454546,0,7,Monday,30,3,22
2024-07-23,S001,Tempe,campus corridor,767.0,0,none,0,none,0,0,0,90.2,0.64,1,7,Tuesday,30,3,23
2024-07-24,S001,Tempe,campus corridor,867.0,0,none,0,none,0,0,0,90.4,0.6436363636363638,2,7,Wednesday,30,3,24
2024-07-25,S001,Tempe,campus corridor,867.0,0,none,0,none,0,0,0,90.7,0.6490909090909092,3,7,Thursday,30,3,25
2024-07-26,S001,Tempe,campus corridor,899.0,0,none,0,none,0,0,0,90.9,0.6527272727272728,4,7,Friday,30,3,26
2024-07-27,S001,Tempe,campus corridor,971.0,0,none,0,none,1,0,0,91.2,0.6581818181818182,5,7,Saturday,30,3,27
2024-07-28,S001,Tempe,campus corridor,937.0,0,none,0,none,1,0,0,91.4,0.661818181818182,6,7,Sunday,30,3,28
2024-07-29,S001,Tempe,campus corridor,839.0,0,none,0,none,0,0,0,91.7,0.6672727272727274,0,7,Monday,31,3,29
2024-07-30,S001,Tempe,campus corridor,791.0,0,none,0,none,0,0,0,91.9,0.670909090909091,1,7,Tuesday,31,3,30
2024-07-31,S001,Tempe,campus corridor,871.0,0,none,0,none,0,0,0,92.2,0.6763636363636364,2,7,Wednesday,31,3,31
2024-08-01,S001,Tempe,campus corridor,934.0,0,none,0,none,0,1,0,92.4,0.68,3,8,Thursday,31,3,1
2024-08-02,S001,Tempe,campus corridor,985.0,0,none,0,none,0,1,0,92.6,0.6836363636363635,4,8,Friday,31,3,2
2024-08-03,S001,Tempe,campus corridor,1033.0,0,none,0,none,1,0,0,92.9,0.6890909090909092,5,8,Saturday,31,3,3
2024-08-04,S001,Tempe,campus corridor,966.0,0,none,0,none,1,0,0,93.1,0.6927272727272726,6,8,Sunday,31,3,4
2024-08-05,S001,Tempe,campus corridor,853.0,0,none,0,none,0,0,0,93.3,0.6963636363636363,0,8,Monday,32,3,5
2024-08-06,S001,Tempe,campus corridor,830.0,0,none,0,none,0,0,0,93.5,0.7,1,8,Tuesday,32,3,6
2024-08-07,S001,Tempe,campus corridor,847.0,0,none,0,none,0,0,0,93.7,0.7036363636363637,2,8,Wednesday,32,3,7
2024-08-08,S001,Tempe,campus corridor,889.0,0,none,0,none,0,0,0,93.9,0.7072727272727274,3,8,Thursday,32,3,8
2024-08-09,S001,Tempe,campus corridor,948.0,0,none,0,none,0,0,0,94.1,0.7109090909090908,4,8,Friday,32,3,9
2024-08-10,S001,Tempe,campus corridor,1246.0,0,none,1,asu_move_in,1,0,0,94.3,0.7145454545454545,5,8,Saturday,32,3,10
2024-08-11,S001,Tempe,campus corridor,913.0,0,none,0,none,1,0,0,94.5,0.7181818181818181,6,8,Sunday,32,3,11
2024-08-12,S001,Tempe,campus corridor,813.0,0,none,0,none,0,0,0,94.7,0.7218181818181819,0,8,Monday,33,3,12
2024-08-13,S001,Tempe,campus corridor,843.0,0,none,0,none,0,0,0,94.9,0.7254545454545456,1,8,Tuesday,33,3,13
2024-08-14,S001,Tempe,campus corridor,1006.0,0,none,0,none,0,1,0,95.1,0.729090909090909,2,8,Wednesday,33,3,14
2024-08-15,S001,Tempe,campus corridor,1013.0,0,none,0,none,0,1,0,95.3,0.7327272727272727,3,8,Thursday,33,3,15
2024-08-16,S001,Tempe,campus corridor,969.0,0,none,0,none,0,1,0,95.5,0.7363636363636363,4,8,Friday,33,3,16
2024-08-17,S001,Tempe,campus corridor,992.0,0,none,0,none,1,0,0,95.6,0.738181818181818,5,8,Saturday,33,3,17
2024-08-18,S001,Tempe,campus corridor,901.0,0,none,0,none,1,0,0,95.8,0.7418181818181818,6,8,Sunday,33,3,18
2024-08-19,S001,Tempe,campus corridor,791.0,0,none,0,none,0,0,0,96.0,0.7454545454545455,0,8,Monday,34,3,19
2024-08-20,S001,Tempe,campus corridor,847.0,0,none,0,none,0,0,0,96.1,0.7472727272727272,1,8,Tuesday,34,3,20
2024-08-21,S001,Tempe,campus corridor,911.0,0,none,0,none,0,0,0,96.3,0.7509090909090909,2,8,Wednesday,34,3,21
2024-08-22,S001,Tempe,campus corridor,874.0,0,none,0,none,0,0,0,96.4,0.7527272727272728,3,8,Thursday,34,3,22
2024-08-23,S001,Tempe,campus corridor,920.0,0,none,0,none,0,0,0,96.5,0.7545454545454545,4,8,Friday,34,3,23
2024-08-24,S001,Tempe,campus corridor,931.0,0,none,0,none,1,0,0,96.7,0.7581818181818182,5,8,Saturday,34,3,24
2024-08-25,S001,Tempe,campus corridor,945.0,0,none,0,none,1,0,0,96.8,0.7599999999999999,6,8,Sunday,34,3,25
2024-08-26,S001,Tempe,campus corridor,776.0,0,none,0,none,0,0,0,96.9,0.761818181818182,0,8,Monday,35,3,26
2024-08-27,S001,Tempe,campus corridor,820.0,0,none,0,none,0,0,0,97.1,0.7654545454545454,1,8,Tuesday,35,3,27
2024-08-28,S001,Tempe,campus corridor,843.0,0,none,0,none,0,0,0,97.2,0.7672727272727273,2,8,Wednesday,35,3,28
2024-08-29,S001,Tempe,campus corridor,895.0,0,none,0,none,0,0,0,97.3,0.769090909090909,3,8,Thursday,35,3,29
2024-08-30,S001,Tempe,campus corridor,884.0,0,none,0,none,0,0,0,97.4,0.770909090909091,4,8,Friday,35,3,30
2024-08-31,S001,Tempe,campus corridor,955.0,0,none,0,none,1,0,0,97.5,0.7727272727272727,5,8,Saturday,35,3,31
2024-09-01,S001,Tempe,campus corridor,1078.0,0,none,0,none,1,1,0,97.6,0.7745454545454544,6,9,Sunday,35,3,1
2024-09-02,S001,Tempe,campus corridor,955.0,1,labor_day,0,none,0,1,0,97.7,0.7763636363636364,0,9,Monday,36,3,2
2024-09-03,S001,Tempe,campus corridor,801.0,0,none,0,none,0,0,0,97.8,0.7781818181818181,1,9,Tuesday,36,3,3
2024-09-04,S001,Tempe,campus corridor,933.0,0,none,0,none,0,0,0,97.9,0.7800000000000001,2,9,Wednesday,36,3,4
2024-09-05,S001,Tempe,campus corridor,995.0,0,none,0,none,0,0,0,98.0,0.7818181818181819,3,9,Thursday,36,3,5
2024-09-06,S001,Tempe,campus corridor,904.0,0,none,0,none,0,0,0,98.0,0.7818181818181819,4,9,Friday,36,3,6
2024-09-07,S001,Tempe,campus corridor,992.0,0,none,0,none,1,0,0,98.1,0.7836363636363636,5,9,Saturday,36,3,7
2024-09-08,S001,Tempe,campus corridor,963.0,0,none,0,none,1,0,0,98.2,0.7854545454545455,6,9,Sunday,36,3,8
2024-09-09,S001,Tempe,campus corridor,869.0,0,none,0,none,0,0,0,98.2,0.7854545454545455,0,9,Monday,37,3,9
2024-09-10,S001,Tempe,campus corridor,806.0,0,none,0,none,0,0,0,98.3,0.7872727272727272,1,9,Tuesday,37,3,10
2024-09-11,S001,Tempe,campus corridor,865.0,0,none,0,none,0,0,0,98.3,0.7872727272727272,2,9,Wednesday,37,3,11
2024-09-12,S001,Tempe,campus corridor,925.0,0,none,0,none,0,0,0,98.4,0.7890909090909092,3,9,Thursday,37,3,12
2024-09-13,S001,Tempe,campus corridor,957.0,0,none,0,none,0,0,0,98.4,0.7890909090909092,4,9,Friday,37,3,13
2024-09-14,S001,Tempe,campus corridor,1052.0,0,none,0,none,1,1,0,98.4,0.7890909090909092,5,9,Saturday,37,3,14
2024-09-15,S001,Tempe,campus corridor,1005.0,0,none,0,none,1,1,0,98.5,0.7909090909090909,6,9,Sunday,37,3,15
2024-09-16,S001,Tempe,campus corridor,816.0,0,none,0,none,0,1,0,98.5,0.7909090909090909,0,9,Monday,38,3,16
2024-09-17,S001,Tempe,campus corridor,831.0,0,none,0,none,0,0,0,98.5,0.7909090909090909,1,9,Tuesday,38,3,17
2024-09-18,S001,Tempe,campus corridor,865.0,0,none,0,none,0,0,0,98.5,0.7909090909090909,2,9,Wednesday,38,3,18
2024-09-19,S001,Tempe,campus corridor,908.0,0,none,0,none,0,0,0,98.5,0.7909090909090909,3,9,Thursday,38,3,19
2024-09-20,S001,Tempe,campus corridor,925.0,0,none,0,none,0,0,0,98.5,0.7909090909090909,4,9,Friday,38,3,20
2024-09-21,S001,Tempe,campus corridor,1021.0,0,none,0,none,1,0,0,98.5,0.7909090909090909,5,9,Saturday,38,3,21
2024-09-22,S001,Tempe,campus corridor,986.0,0,none,0,none,1,0,0,98.5,0.7909090909090909,6,9,Sunday,38,3,22
2024-09-23,S001,Tempe,campus corridor,818.0,0,none,0,none,0,0,0,98.5,0.7909090909090909,0,9,Monday,39,3,23
2024-09-24,S001,Tempe,campus corridor,851.0,0,none,0,none,0,0,0,98.4,0.7890909090909092,1,9,Tuesday,39,3,24
2024-09-25,S001,Tempe,campus corridor,876.0,0,none,0,none,0,0,0,98.4,0.7890909090909092,2,9,Wednesday,39,3,25
2024-09-26,S001,Tempe,campus corridor,901.0,0,none,0,none,0,0,0,98.4,0.7890909090909092,3,9,Thursday,39,3,26
2024-09-27,S001,Tempe,campus corridor,921.0,0,none,0,none,0,0,0,98.3,0.7872727272727272,4,9,Friday,39,3,27
2024-09-28,S001,Tempe,campus corridor,1016.0,0,none,0,none,1,0,0,98.3,0.7872727272727272,5,9,Saturday,39,3,28
2024-09-29,S001,Tempe,campus corridor,950.0,0,none,0,none,1,0,0,98.3,0.7872727272727272,6,9,Sunday,39,3,29
2024-09-30,S001,Tempe,campus corridor,883.0,0,none,0,none,0,0,0,98.2,0.7854545454545455,0,9,Monday,40,3,30
2024-10-01,S001,Tempe,campus corridor,942.0,0,none,0,none,0,1,0,98.1,0.7836363636363636,1,10,Tuesday,40,4,1
2024-10-02,S001,Tempe,campus corridor,940.0,0,none,0,none,0,1,0,98.1,0.7836363636363636,2,10,Wednesday,40,4,2
2024-10-03,S001,Tempe,campus corridor,876.0,0,none,0,none,0,0,0,98.0,0.7818181818181819,3,10,Thursday,40,4,3
2024-10-04,S001,Tempe,campus corridor,908.0,0,none,0,none,0,0,0,97.9,0.7800000000000001,4,10,Friday,40,4,4
2024-10-05,S001,Tempe,campus corridor,1046.0,0,none,0,none,1,0,0,97.8,0.7781818181818181,5,10,Saturday,40,4,5
2024-10-06,S001,Tempe,campus corridor,963.0,0,none,0,none,1,0,0,97.8,0.7781818181818181,6,10,Sunday,40,4,6
2024-10-07,S001,Tempe,campus corridor,830.0,0,none,0,none,0,0,0,97.7,0.7763636363636364,0,10,Monday,41,4,7
2024-10-08,S001,Tempe,campus corridor,783.0,0,none,0,none,0,0,0,97.6,0.7745454545454544,1,10,Tuesday,41,4,8
2024-10-09,S001,Tempe,campus corridor,906.0,0,none,0,none,0,0,0,97.5,0.7727272727272727,2,10,Wednesday,41,4,9
2024-10-10,S001,Tempe,campus corridor,917.0,0,none,0,none,0,0,0,97.4,0.770909090909091,3,10,Thursday,41,4,10
2024-10-11,S001,Tempe,campus corridor,909.0,0,none,0,none,0,0,0,97.3,0.769090909090909,4,10,Friday,41,4,11
2024-10-12,S001,Tempe,campus corridor,991.0,0,none,0,none,1,0,0,97.1,0.7654545454545454,5,10,Saturday,41,4,12
2024-10-13,S001,Tempe,campus corridor,963.0,0,none,0,none,1,0,0,97.0,0.7636363636363637,6,10,Sunday,41,4,13
2024-10-14,S001,Tempe,campus corridor,865.0,0,none,0,none,0,1,0,96.9,0.761818181818182,0,10,Monday,42,4,14
2024-10-15,S001,Tempe,campus corridor,882.0,0,none,0,none,0,1,0,96.8,0.7599999999999999,1,10,Tuesday,42,4,15
2024-10-16,S001,Tempe,campus corridor,925.0,0,none,0,none,0,1,0,96.6,0.7563636363636362,2,10,Wednesday,42,4,16
2024-10-17,S001,Tempe,campus corridor,894.0,0,none,0,none,0,0,0,96.5,0.7545454545454545,3,10,Thursday,42,4,17
2024-10-18,S001,Tempe,campus corridor,951.0,0,none,0,none,0,0,0,96.4,0.7527272727272728,4,10,Friday,42,4,18
2024-10-19,S001,Tempe,campus corridor,1217.0,0,none,1,asu_homecoming,1,0,0,96.2,0.7490909090909091,5,10,Saturday,42,4,19
2024-10-20,S001,Tempe,campus corridor,870.0,0,none,0,none,1,0,0,96.0,0.7454545454545455,6,10,Sunday,42,4,20
2024-10-21,S001,Tempe,campus corridor,807.0,0,none,0,none,0,0,0,95.9,0.7436363636363638,0,10,Monday,43,4,21
2024-10-22,S001,Tempe,campus corridor,847.0,0,none,0,none,0,0,0,95.7,0.7400000000000001,1,10,Tuesday,43,4,22
2024-10-23,S001,Tempe,campus corridor,886.0,0,none,0,none,0,0,0,95.6,0.738181818181818,2,10,Wednesday,43,4,23
2024-10-24,S001,Tempe,campus corridor,891.0,0,none,0,none,0,0,0,95.4,0.7345454545454546,3,10,Thursday,43,4,24
2024-10-25,S001,Tempe,campus corridor,889.0,0,none,0,none,0,0,0,95.2,0.730909090909091,4,10,Friday,43,4,25
2024-10-26,S001,Tempe,campus corridor,1019.0,0,none,0,none,1,0,0,95.0,0.7272727272727273,5,10,Saturday,43,4,26
2024-10-27,S001,Tempe,campus corridor,1013.0,0,none,0,none,1,0,0,94.8,0.7236363636363636,6,10,Sunday,43,4,27
2024-10-28,S001,Tempe,campus corridor,765.0,0,none,0,none,0,0,0,94.7,0.7218181818181819,0,10,Monday,44,4,28
2024-10-29,S001,Tempe,campus corridor,870.0,0,none,0,none,0,0,0,94.5,0.7181818181818181,1,10,Tuesday,44,4,29
2024-10-30,S001,Tempe,campus corridor,866.0,0,none,0,none,0,0,0,94.3,0.7145454545454545,2,10,Wednesday,44,4,30
2024-10-31,S001,Tempe,campus corridor,1046.0,1,halloween,0,none,0,0,0,94.1,0.7109090909090908,3,10,Thursday,44,4,31
2024-11-01,S001,Tempe,campus corridor,970.0,0,none,0,none,0,1,0,93.9,0.7072727272727274,4,11,Friday,44,4,1
2024-11-02,S001,Tempe,campus corridor,1059.0,0,none,0,none,1,1,0,93.7,0.7036363636363637,5,11,Saturday,44,4,2
2024-11-03,S001,Tempe,campus corridor,999.0,0,none,0,none,1,0,0,93.4,0.6981818181818182,6,11,Sunday,44,4,3
2024-11-04,S001,Tempe,campus corridor,835.0,0,none,0,none,0,0,0,93.2,0.6945454545454546,0,11,Monday,45,4,4
2024-11-05,S001,Tempe,campus corridor,900.0,0,none,0,none,0,0,0,93.0,0.6909090909090909,1,11,Tuesday,45,4,5
2024-11-06,S001,Tempe,campus corridor,917.0,0,none,0,none,0,0,0,92.8,0.6872727272727273,2,11,Wednesday,45,4,6
2024-11-07,S001,Tempe,campus corridor,919.0,0,none,0,none,0,0,0,92.5,0.6818181818181818,3,11,Thursday,45,4,7
2024-11-08,S001,Tempe,campus corridor,1006.0,0,none,0,none,0,0,0,92.3,0.6781818181818181,4,11,Friday,45,4,8
2024-11-09,S001,Tempe,campus corridor,1024.0,0,none,0,none,1,0,0,92.1,0.6745454545454544,5,11,Saturday,45,4,9
2024-11-10,S001,Tempe,campus corridor,984.0,0,none,0,none,1,0,0,91.8,0.6690909090909091,6,11,Sunday,45,4,10
2024-11-11,S001,Tempe,campus corridor,807.0,0,none,0,none,0,0,0,91.6,0.6654545454545453,0,11,Monday,46,4,11
2024-11-12,S001,Tempe,campus corridor,845.0,0,none,0,none,0,0,0,91.4,0.661818181818182,1,11,Tuesday,46,4,12
2024-11-13,S001,Tempe,campus corridor,855.0,0,none,0,none,0,0,0,91.1,0.6563636363636363,2,11,Wednesday,46,4,13
2024-11-14,S001,Tempe,campus corridor,992.0,0,none,0,none,0,1,0,90.9,0.6527272727272728,3,11,Thursday,46,4,14
2024-11-15,S001,Tempe,campus corridor,967.0,0,none,0,none,0,1,0,90.6,0.6472727272727272,4,11,Friday,46,4,15
2024-11-16,S001,Tempe,campus corridor,1097.0,0,none,0,none,1,1,0,90.3,0.6418181818181817,5,11,Saturday,46,4,16
2024-11-17,S001,Tempe,campus corridor,951.0,0,none,0,none,1,0,0,90.1,0.6381818181818181,6,11,Sunday,46,4,17
2024-11-18,S001,Tempe,campus corridor,856.0,0,none,0,none,0,0,0,89.8,0.6327272727272727,0,11,Monday,47,4,18
2024-11-19,S001,Tempe,campus corridor,868.0,0,none,0,none,0,0,0,89.6,0.629090909090909,1,11,Tuesday,47,4,19
2024-11-20,S001,Tempe,campus corridor,939.0,0,none,0,none,0,0,0,89.3,0.6236363636363635,2,11,Wednesday,47,4,20
2024-11-21,S001,Tempe,campus corridor,929.0,0,none,0,none,0,0,0,89.0,0.6181818181818182,3,11,Thursday,47,4,21
2024-11-22,S001,Tempe,campus corridor,898.0,0,none,0,none,0,0,0,88.7,0.6127272727272728,4,11,Friday,47,4,22
2024-11-23,S001,Tempe,campus corridor,1009.0,0,none,0,none,1,0,0,88.5,0.6090909090909091,5,11,Saturday,47,4,23
2024-11-24,S001,Tempe,campus corridor,920.0,0,none,0,none,1,0,0,88.2,0.6036363636363636,6,11,Sunday,47,4,24
2024-11-25,S001,Tempe,campus corridor,801.0,0,none,0,none,0,0,0,87.9,0.5981818181818183,0,11,Monday,48,4,25
2024-11-26,S001,Tempe,campus corridor,894.0,0,none,0,none,0,0,0,87.6,0.5927272727272727,1,11,Tuesday,48,4,26
2024-11-27,S001,Tempe,campus corridor,901.0,0,none,0,none,0,0,0,87.3,0.5872727272727272,2,11,Wednesday,48,4,27
2024-11-28,S001,Tempe,campus corridor,1028.0,1,thanksgiving,0,none,0,0,0,87.0,0.5818181818181818,3,11,Thursday,48,4,28
2024-11-29,S001,Tempe,campus corridor,1069.0,1,black_friday,0,none,0,0,0,86.8,0.5781818181818181,4,11,Friday,48,4,29
2024-11-30,S001,Tempe,campus corridor,1013.0,0,none,0,none,1,0,0,86.5,0.5727272727272728,5,11,Saturday,48,4,30
2024-12-01,S001,Tempe,campus corridor,976.0,0,none,0,none,1,1,0,86.2,0.5672727272727274,6,12,Sunday,48,4,1
2024-12-02,S001,Tempe,campus corridor,845.0,0,none,0,none,0,1,0,85.9,0.5618181818181819,0,12,Monday,49,4,2
2024-12-03,S001,Tempe,campus corridor,855.0,0,none,0,none,0,0,0,85.6,0.5563636363636363,1,12,Tuesday,49,4,3
2024-12-04,S001,Tempe,campus corridor,918.0,0,none,0,none,0,0,0,85.3,0.5509090909090909,2,12,Wednesday,49,4,4
2024-12-05,S001,Tempe,campus corridor,927.0,0,none,0,none,0,0,0,85.0,0.5454545454545454,3,12,Thursday,49,4,5
2024-12-06,S001,Tempe,campus corridor,875.0,0,none,0,none,0,0,0,84.7,0.54,4,12,Friday,49,4,6
2024-12-07,S001,Tempe,campus corridor,1022.0,0,none,0,none,1,0,0,84.4,0.5345454545454547,5,12,Saturday,49,4,7
2024-12-08,S001,Tempe,campus corridor,962.0,0,none,0,none,1,0,0,84.1,0.529090909090909,6,12,Sunday,49,4,8
2024-12-09,S001,Tempe,campus corridor,833.0,0,none,0,none,0,0,0,83.8,0.5236363636363636,0,12,Monday,50,4,9
2024-12-10,S001,Tempe,campus corridor,899.0,0,none,0,none,0,0,0,83.5,0.5181818181818182,1,12,Tuesday,50,4,10
2024-12-11,S001,Tempe,campus corridor,813.0,0,none,0,none,0,0,0,83.2,0.5127272727272728,2,12,Wednesday,50,4,11
2024-12-12,S001,Tempe,campus corridor,888.0,0,none,0,none,0,0,0,82.9,0.5072727272727274,3,12,Thursday,50,4,12
2024-12-13,S001,Tempe,campus corridor,971.0,0,none,0,none,0,0,0,82.5,0.5,4,12,Friday,50,4,13
2024-12-14,S001,Tempe,campus corridor,1022.0,0,none,0,none,1,1,0,82.2,0.4945454545454546,5,12,Saturday,50,4,14
2024-12-15,S001,Tempe,campus corridor,1067.0,0,none,0,none,1,1,0,81.9,0.4890909090909092,6,12,Sunday,50,4,15
2024-12-16,S001,Tempe,campus corridor,881.0,0,none,0,none,0,1,0,81.6,0.48363636363636353,0,12,Monday,51,4,16
2024-12-17,S001,Tempe,campus corridor,874.0,0,none,0,none,0,0,0,81.3,0.47818181818181815,1,12,Tuesday,51,4,17
2024-12-18,S001,Tempe,campus corridor,862.0,0,none,0,none,0,0,0,81.0,0.4727272727272727,2,12,Wednesday,51,4,18
2024-12-19,S001,Tempe,campus corridor,935.0,0,none,0,none,0,0,0,80.7,0.46727272727272734,3,12,Thursday,51,4,19
2024-12-20,S001,Tempe,campus corridor,987.0,0,none,0,none,0,0,0,80.4,0.4618181818181819,4,12,Friday,51,4,20
2024-12-21,S001,Tempe,campus corridor,1021.0,0,none,0,none,1,0,0,80.1,0.45636363636363625,5,12,Saturday,51,4,21
2024-12-22,S001,Tempe,campus corridor,969.0,0,none,0,none,1,0,0,79.8,0.45090909090909087,6,12,Sunday,51,4,22
2024-12-23,S001,Tempe,campus corridor,829.0,0,none,0,none,0,0,0,79.5,0.44545454545454544,0,12,Monday,52,4,23
2024-12-24,S001,Tempe,campus corridor,953.0,1,christmas_eve,0,none,0,0,0,79.1,0.43818181818181806,1,12,Tuesday,52,4,24
2024-12-25,S001,Tempe,campus corridor,665.0,1,christmas_day,0,none,0,0,0,78.8,0.4327272727272727,2,12,Wednesday,52,4,25
2024-12-26,S001,Tempe,campus corridor,903.0,0,none,0,none,0,0,0,78.5,0.42727272727272725,3,12,Thursday,52,4,26
2024-12-27,S001,Tempe,campus corridor,965.0,0,none,0,none,0,0,0,78.2,0.42181818181818187,4,12,Friday,52,4,27
2024-12-28,S001,Tempe,campus corridor,1047.0,0,none,0,none,1,0,0,77.9,0.4163636363636365,5,12,Saturday,52,4,28
2024-12-29,S001,Tempe,campus corridor,927.0,0,none,0,none,1,0,0,77.6,0.4109090909090908,6,12,Sunday,52,4,29
2024-12-30,S001,Tempe,campus corridor,816.0,0,none,0,none,0,0,0,77.3,0.4054545454545454,0,12,Monday,1,4,30
2024-12-31,S001,Tempe,campus corridor,1031.0,1,new_years_eve,0,none,0,0,0,77.0,0.4,1,12,Tuesday,1,4,31
2025-01-01,S001,Tempe,campus corridor,799.0,1,new_years_day,0,none,0,1,0,76.9,0.3981818181818183,2,1,Wednesday,1,1,1
2025-01-02,S001,Tempe,campus corridor,936.0,0,none,0,none,0,1,0,76.6,0.39272727272727265,3,1,Thursday,1,1,2
2025-01-03,S001,Tempe,campus corridor,960.0,0,none,0,none,0,0,0,76.3,0.3872727272727272,4,1,Friday,1,1,3
2025-01-04,S001,Tempe,campus corridor,1043.0,0,none,0,none,1,0,0,76.0,0.38181818181818183,5,1,Saturday,1,1,4
2025-01-05,S001,Tempe,campus corridor,963.0,0,none,0,none,1,0,0,75.7,0.3763636363636364,6,1,Sunday,1,1,5
2025-01-06,S001,Tempe,campus corridor,865.0,0,none,0,none,0,0,0,75.4,0.370909090909091,0,1,Monday,2,1,6
2025-01-07,S001,Tempe,campus corridor,876.0,0,none,0,none,0,0,0,75.1,0.36545454545454537,1,1,Tuesday,2,1,7
2025-01-08,S001,Tempe,campus corridor,911.0,0,none,0,none,0,0,0,74.8,0.35999999999999993,2,1,Wednesday,2,1,8
2025-01-09,S001,Tempe,campus corridor,928.0,0,none,0,none,0,0,0,74.5,0.35454545454545455,3,1,Thursday,2,1,9
2025-01-10,S001,Tempe,campus corridor,1031.0,0,none,0,none,0,0,0,74.2,0.3490909090909091,4,1,Friday,2,1,10
2025-01-11,S001,Tempe,campus corridor,1009.0,0,none,0,none,1,0,0,74.0,0.34545454545454546,5,1,Saturday,2,1,11
2025-01-12,S001,Tempe,campus corridor,897.0,0,none,0,none,1,0,0,73.7,0.34,6,1,Sunday,2,1,12
2025-01-13,S001,Tempe,campus corridor,874.0,0,none,0,none,0,0,0,73.4,0.33454545454545465,0,1,Monday,3,1,13
2025-01-14,S001,Tempe,campus corridor,884.0,0,none,0,none,0,1,0,73.1,0.329090909090909,1,1,Tuesday,3,1,14
2025-01-15,S001,Tempe,campus corridor,940.0,0,none,0,none,0,1,0,72.8,0.3236363636363636,2,1,Wednesday,3,1,15
2025-01-16,S001,Tempe,campus corridor,1008.0,0,none,0,none,0,1,0,72.5,0.3181818181818182,3,1,Thursday,3,1,16
2025-01-17,S001,Tempe,campus corridor,902.0,0,none,0,none,0,0,0,72.3,0.3145454545454545,4,1,Friday,3,1,17
2025-01-18,S001,Tempe,campus corridor,975.0,0,none,0,none,1,0,0,72.0,0.3090909090909091,5,1,Saturday,3,1,18
2025-01-19,S001,Tempe,campus corridor,911.0,0,none,0,none,1,0,0,71.7,0.3036363636363637,6,1,Sunday,3,1,19
2025-01-20,S001,Tempe,campus corridor,796.0,0,none,0,none,0,0,0,71.4,0.29818181818181827,0,1,Monday,4,1,20
2025-01-21,S001,Tempe,campus corridor,863.0,0,none,0,none,0,0,0,71.2,0.2945454545454546,1,1,Tuesday,4,1,21
2025-01-22,S001,Tempe,campus corridor,901.0,0,none,0,none,0,0,0,70.9,0.2890909090909092,2,1,Wednesday,4,1,22
2025-01-23,S001,Tempe,campus corridor,920.0,0,none,0,none,0,0,0,70.7,0.2854545454545455,3,1,Thursday,4,1,23
2025-01-24,S001,Tempe,campus corridor,908.0,0,none,0,none,0,0,0,70.4,0.2800000000000001,4,1,Friday,4,1,24
2025-01-25,S001,Tempe,campus corridor,941.0,0,none,0,none,1,0,0,70.1,0.2745454545454544,5,1,Saturday,4,1,25
2025-01-26,S001,Tempe,campus corridor,966.0,0,none,0,none,1,0,0,69.9,0.270909090909091,6,1,Sunday,4,1,26
2025-01-27,S001,Tempe,campus corridor,807.0,0,none,0,none,0,0,0,69.6,0.26545454545454533,0,1,Monday,5,1,27
2025-01-28,S001,Tempe,campus corridor,864.0,0,none,0,none,0,0,0,69.4,0.2618181818181819,1,1,Tuesday,5,1,28
2025-01-29,S001,Tempe,campus corridor,908.0,0,none,0,none,0,0,0,69.2,0.25818181818181823,2,1,Wednesday,5,1,29
2025-01-30,S001,Tempe,campus corridor,916.0,0,none,0,none,0,0,0,68.9,0.25272727272727286,3,1,Thursday,5,1,30
2025-01-31,S001,Tempe,campus corridor,981.0,0,none,0,none,0,0,0,68.7,0.24909090909090914,4,1,Friday,5,1,31
2025-02-01,S001,Tempe,campus corridor,1086.0,0,none,0,none,1,1,0,68.5,0.24545454545454545,5,2,Saturday,5,1,1
2025-02-02,S001,Tempe,campus corridor,1040.0,0,none,0,none,1,1,0,68.2,0.24000000000000005,6,2,Sunday,5,1,2
2025-02-03,S001,Tempe,campus corridor,800.0,0,none,0,none,0,0,0,68.0,0.23636363636363636,0,2,Monday,6,1,3
2025-02-04,S001,Tempe,campus corridor,844.0,0,none,0,none,0,0,0,67.8,0.23272727272727267,1,2,Tuesday,6,1,4
2025-02-05,S001,Tempe,campus corridor,892.0,0,none,0,none,0,0,0,67.6,0.22909090909090898,2,2,Wednesday,6,1,5
2025-02-06,S001,Tempe,campus corridor,939.0,0,none,0,none,0,0,0,67.3,0.22363636363636358,3,2,Thursday,6,1,6
2025-02-07,S001,Tempe,campus corridor,943.0,0,none,0,none,0,0,0,67.1,0.2199999999999999,4,2,Friday,6,1,7
2025-02-08,S001,Tempe,campus corridor,1036.0,0,none,0,none,1,0,0,66.9,0.21636363636363648,5,2,Saturday,6,1,8
2025-02-09,S001,Tempe,campus corridor,1111.0,1,super_bowl,0,none,1,0,0,66.7,0.2127272727272728,6,2,Sunday,6,1,9
2025-02-10,S001,Tempe,campus corridor,820.0,0,none,0,none,0,0,0,66.5,0.20909090909090908,0,2,Monday,7,1,10
2025-02-11,S001,Tempe,campus corridor,878.0,0,none,0,none,0,0,0,66.3,0.2054545454545454,1,2,Tuesday,7,1,11
2025-02-12,S001,Tempe,campus corridor,820.0,0,none,0,none,0,0,0,66.2,0.2036363636363637,2,2,Wednesday,7,1,12
2025-02-13,S001,Tempe,campus corridor,870.0,0,none,0,none,0,0,0,66.0,0.2,3,2,Thursday,7,1,13
2025-02-14,S001,Tempe,campus corridor,965.0,0,none,0,none,0,1,0,65.8,0.19636363636363632,4,2,Friday,7,1,14
2025-02-15,S001,Tempe,campus corridor,1003.0,0,none,0,none,1,1,0,65.6,0.19272727272727264,5,2,Saturday,7,1,15
2025-02-16,S001,Tempe,campus corridor,1002.0,0,none,0,none,1,1,0,65.4,0.1890909090909092,6,2,Sunday,7,1,16
2025-02-17,S001,Tempe,campus corridor,849.0,0,none,0,none,0,0,0,65.3,0.18727272727272723,0,2,Monday,8,1,17
2025-02-18,S001,Tempe,campus corridor,842.0,0,none,0,none,0,0,0,65.1,0.18363636363636354,1,2,Tuesday,8,1,18
2025-02-19,S001,Tempe,campus corridor,893.0,0,none,0,none,0,0,0,65.0,0.18181818181818182,2,2,Wednesday,8,1,19
2025-02-20,S001,Tempe,campus corridor,949.0,0,none,0,none,0,0,0,64.8,0.17818181818181814,3,2,Thursday,8,1,20
2025-02-21,S001,Tempe,campus corridor,1001.0,0,none,0,none,0,0,0,64.6,0.17454545454545445,4,2,Friday,8,1,21
2025-02-22,S001,Tempe,campus corridor,1017.0,0,none,0,none,1,0,0,64.5,0.17272727272727273,5,2,Saturday,8,1,22
2025-02-23,S001,Tempe,campus corridor,1089.0,0,none,1,tempe_marathon,1,0,0,64.4,0.170909090909091,6,2,Sunday,8,1,23
2025-02-24,S001,Tempe,campus corridor,828.0,0,none,0,none,0,0,0,64.2,0.16727272727272732,0,2,Monday,9,1,24
2025-02-25,S001,Tempe,campus corridor,824.0,0,none,0,none,0,0,0,64.1,0.16545454545454535,1,2,Tuesday,9,1,25
2025-02-26,S001,Tempe,campus corridor,867.0,0,none,0,none,0,0,0,64.0,0.16363636363636364,2,2,Wednesday,9,1,26
2025-02-27,S001,Tempe,campus corridor,865.0,0,none,0,none,0,0,0,63.9,0.1618181818181818,3,2,Thursday,9,1,27
2025-02-28,S001,Tempe,campus corridor,929.0,0,none,0,none,0,0,0,63.7,0.15818181818181823,4,2,Friday,9,1,28
2025-03-01,S001,Tempe,campus corridor,1070.0,0,none,0,none,1,1,0,63.6,0.1563636363636364,5,3,Saturday,9,1,1
2025-03-02,S001,Tempe,campus corridor,1052.0,0,none,0,none,1,1,0,63.5,0.15454545454545454,6,3,Sunday,9,1,2
2025-03-03,S001,Tempe,campus corridor,882.0,0,none,0,none,0,0,0,63.4,0.1527272727272727,0,3,Monday,10,1,3
2025-03-04,S001,Tempe,campus corridor,806.0,0,none,0,none,0,0,0,63.3,0.15090909090909085,1,3,Tuesday,10,1,4
2025-03-05,S001,Tempe,campus corridor,901.0,0,none,0,none,0,0,0,63.2,0.14909090909090914,2,3,Wednesday,10,1,5
2025-03-06,S001,Tempe,campus corridor,880.0,0,none,0,none,0,0,0,63.2,0.14909090909090914,3,3,Thursday,10,1,6
2025-03-07,S001,Tempe,campus corridor,974.0,0,none,0,none,0,0,0,63.1,0.1472727272727273,4,3,Friday,10,1,7
2025-03-08,S001,Tempe,campus corridor,1017.0,0,none,0,none,1,0,0,63.0,0.14545454545454545,5,3,Saturday,10,1,8
2025-03-09,S001,Tempe,campus corridor,907.0,0,none,0,none,1,0,0,62.9,0.14363636363636362,6,3,Sunday,10,1,9
2025-03-10,S001,Tempe,campus corridor,856.0,0,none,0,none,0,0,0,62.9,0.14363636363636362,0,3,Monday,11,1,10
2025-03-11,S001,Tempe,campus corridor,833.0,0,none,0,none,0,0,0,62.8,0.14181818181818176,1,3,Tuesday,11,1,11
2025-03-12,S001,Tempe,campus corridor,871.0,0,none,0,none,0,0,0,62.7,0.14000000000000004,2,3,Wednesday,11,1,12
2025-03-13,S001,Tempe,campus corridor,880.0,0,none,0,none,0,0,0,62.7,0.14000000000000004,3,3,Thursday,11,1,13
2025-03-14,S001,Tempe,campus corridor,1107.0,0,none,1,tempe_festival_of_the_arts,0,1,0,62.7,0.14000000000000004,4,3,Friday,11,1,14
2025-03-15,S001,Tempe,campus corridor,1097.0,0,none,0,none,1,1,0,62.6,0.1381818181818182,5,3,Saturday,11,1,15
2025-03-16,S001,Tempe,campus corridor,1020.0,0,none,0,none,1,1,0,62.6,0.1381818181818182,6,3,Sunday,11,1,16
2025-03-17,S001,Tempe,campus corridor,837.0,0,none,0,none,0,0,0,62.6,0.1381818181818182,0,3,Monday,12,1,17
2025-03-18,S001,Tempe,campus corridor,865.0,0,none,0,none,0,0,0,62.5,0.13636363636363635,1,3,Tuesday,12,1,18
2025-03-19,S001,Tempe,campus corridor,932.0,0,none,0,none,0,0,0,62.5,0.13636363636363635,2,3,Wednesday,12,1,19
2025-03-20,S001,Tempe,campus corridor,904.0,0,none,0,none,0,0,0,62.5,0.13636363636363635,3,3,Thursday,12,1,20
2025-03-21,S001,Tempe,campus corridor,911.0,0,none,0,none,0,0,0,62.5,0.13636363636363635,4,3,Friday,12,1,21
2025-03-22,S001,Tempe,campus corridor,1058.0,0,none,0,none,1,0,0,62.5,0.13636363636363635,5,3,Saturday,12,1,22
2025-03-23,S001,Tempe,campus corridor,958.0,0,none,0,none,1,0,0,62.5,0.13636363636363635,6,3,Sunday,12,1,23
2025-03-24,S001,Tempe,campus corridor,864.0,0,none,0,none,0,0,0,62.5,0.13636363636363635,0,3,Monday,13,1,24
2025-03-25,S001,Tempe,campus corridor,866.0,0,none,0,none,0,0,0,62.5,0.13636363636363635,1,3,Tuesday,13,1,25
2025-03-26,S001,Tempe,campus corridor,885.0,0,none,0,none,0,0,0,62.5,0.13636363636363635,2,3,Wednesday,13,1,26
2025-03-27,S001,Tempe,campus corridor,928.0,0,none,0,none,0,0,0,62.6,0.1381818181818182,3,3,Thursday,13,1,27
2025-03-28,S001,Tempe,campus corridor,1025.0,0,none,0,none,0,0,0,62.6,0.1381818181818182,4,3,Friday,13,1,28
2025-03-29,S001,Tempe,campus corridor,1092.0,0,none,0,none,1,0,0,62.6,0.1381818181818182,5,3,Saturday,13,1,29
2025-03-30,S001,Tempe,campus corridor,972.0,0,none,0,none,1,0,0,62.7,0.14000000000000004,6,3,Sunday,13,1,30
2025-03-31,S001,Tempe,campus corridor,833.0,0,none,0,none,0,0,0,62.7,0.14000000000000004,0,3,Monday,14,1,31
2025-04-01,S001,Tempe,campus corridor,941.0,0,none,0,none,0,1,0,62.8,0.14181818181818176,1,4,Tuesday,14,2,1
2025-04-02,S001,Tempe,campus corridor,915.0,0,none,0,none,0,1,0,62.8,0.14181818181818176,2,4,Wednesday,14,2,2
2025-04-03,S001,Tempe,campus corridor,928.0,0,none,0,none,0,0,0,62.9,0.14363636363636362,3,4,Thursday,14,2,3
2025-04-04,S001,Tempe,campus corridor,960.0,0,none,0,none,0,0,0,63.0,0.14545454545454545,4,4,Friday,14,2,4
2025-04-05,S001,Tempe,campus corridor,1034.0,0,none,0,none,1,0,0,63.0,0.14545454545454545,5,4,Saturday,14,2,5
2025-04-06,S001,Tempe,campus corridor,943.0,0,none,0,none,1,0,0,63.1,0.1472727272727273,6,4,Sunday,14,2,6
2025-04-07,S001,Tempe,campus corridor,776.0,0,none,0,none,0,0,0,63.2,0.14909090909090914,0,4,Monday,15,2,7
2025-04-08,S001,Tempe,campus corridor,786.0,0,none,0,none,0,0,0,63.3,0.15090909090909085,1,4,Tuesday,15,2,8
2025-04-09,S001,Tempe,campus corridor,854.0,0,none,0,none,0,0,0,63.4,0.1527272727272727,2,4,Wednesday,15,2,9
2025-04-10,S001,Tempe,campus corridor,902.0,0,none,0,none,0,0,0,63.5,0.15454545454545454,3,4,Thursday,15,2,10
2025-04-11,S001,Tempe,campus corridor,952.0,0,none,0,none,0,0,0,63.6,0.1563636363636364,4,4,Friday,15,2,11
2025-04-12,S001,Tempe,campus corridor,1088.0,0,none,0,none,1,0,0,63.7,0.15818181818181823,5,4,Saturday,15,2,12
2025-04-13,S001,Tempe,campus corridor,1008.0,0,none,0,none,1,0,0,63.8,0.15999999999999995,6,4,Sunday,15,2,13
2025-04-14,S001,Tempe,campus corridor,847.0,0,none,0,none,0,1,0,63.9,0.1618181818181818,0,4,Monday,16,2,14
2025-04-15,S001,Tempe,campus corridor,918.0,0,none,0,none,0,1,0,64.1,0.16545454545454535,1,4,Tuesday,16,2,15
2025-04-16,S001,Tempe,campus corridor,931.0,0,none,0,none,0,1,0,64.2,0.16727272727272732,2,4,Wednesday,16,2,16
2025-04-17,S001,Tempe,campus corridor,909.0,0,none,0,none,0,0,0,64.3,0.16909090909090904,3,4,Thursday,16,2,17
2025-04-18,S001,Tempe,campus corridor,969.0,0,none,0,none,0,0,0,64.5,0.17272727272727273,4,4,Friday,16,2,18
2025-04-19,S001,Tempe,campus corridor,1045.0,0,none,0,none,1,0,0,64.6,0.17454545454545445,5,4,Saturday,16,2,19
2025-04-20,S001,Tempe,campus corridor,960.0,0,none,0,none,1,0,0,64.7,0.17636363636363642,6,4,Sunday,16,2,20
2025-04-21,S001,Tempe,campus corridor,864.0,0,none,0,none,0,0,0,64.9,0.1800000000000001,0,4,Monday,17,2,21
2025-04-22,S001,Tempe,campus corridor,818.0,0,none,0,none,0,0,0,65.0,0.18181818181818182,1,4,Tuesday,17,2,22
2025-04-23,S001,Tempe,campus corridor,892.0,0,none,0,none,0,0,0,65.2,0.1854545454545455,2,4,Wednesday,17,2,23
2025-04-24,S001,Tempe,campus corridor,1004.0,0,none,0,none,0,0,0,65.4,0.1890909090909092,3,4,Thursday,17,2,24
2025-04-25,S001,Tempe,campus corridor,971.0,0,none,0,none,0,0,0,65.5,0.19090909090909092,4,4,Friday,17,2,25
2025-04-26,S001,Tempe,campus corridor,1073.0,0,none,0,none,1,0,0,65.7,0.1945454545454546,5,4,Saturday,17,2,26
2025-04-27,S001,Tempe,campus corridor,975.0,0,none,0,none,1,0,0,65.9,0.1981818181818183,6,4,Sunday,17,2,27
2025-04-28,S001,Tempe,campus corridor,849.0,0,none,0,none,0,0,0,66.1,0.2018181818181817,0,4,Monday,18,2,28
2025-04-29,S001,Tempe,campus corridor,855.0,0,none,0,none,0,0,0,66.3,0.2054545454545454,1,4,Tuesday,18,2,29
2025-04-30,S001,Tempe,campus corridor,887.0,0,none,0,none,0,0,0,66.5,0.20909090909090908,2,4,Wednesday,18,2,30
2025-05-01,S001,Tempe,campus corridor,949.0,0,none,0,none,0,1,0,66.7,0.2127272727272728,3,5,Thursday,18,2,1
2025-05-02,S001,Tempe,campus corridor,1036.0,0,none,0,none,0,1,0,66.9,0.21636363636363648,4,5,Friday,18,2,2
2025-05-03,S001,Tempe,campus corridor,998.0,0,none,0,none,1,0,0,67.1,0.2199999999999999,5,5,Saturday,18,2,3
2025-05-04,S001,Tempe,campus corridor,995.0,0,none,0,none,1,0,0,67.3,0.22363636363636358,6,5,Sunday,18,2,4
2025-05-05,S001,Tempe,campus corridor,866.0,0,none,0,none,0,0,0,67.5,0.22727272727272727,0,5,Monday,19,2,5
2025-05-06,S001,Tempe,campus corridor,869.0,0,none,0,none,0,0,0,67.7,0.23090909090909095,1,5,Tuesday,19,2,6
2025-05-07,S001,Tempe,campus corridor,883.0,0,none,0,none,0,0,0,67.9,0.23454545454545464,2,5,Wednesday,19,2,7
2025-05-08,S001,Tempe,campus corridor,935.0,0,none,0,none,0,0,0,68.1,0.23818181818181808,3,5,Thursday,19,2,8
2025-05-09,S001,Tempe,campus corridor,954.0,0,none,0,none,0,0,0,68.4,0.24363636363636373,4,5,Friday,19,2,9
2025-05-10,S001,Tempe,campus corridor,1058.0,0,none,0,none,1,0,0,68.6,0.24727272727272717,5,5,Saturday,19,2,10
2025-05-11,S001,Tempe,campus corridor,913.0,0,none,0,none,1,0,0,68.8,0.25090909090909086,6,5,Sunday,19,2,11
2025-05-12,S001,Tempe,campus corridor,820.0,0,none,0,none,0,0,0,69.1,0.25636363636363624,0,5,Monday,20,2,12
2025-05-13,S001,Tempe,campus corridor,792.0,0,none,0,none,0,0,0,69.3,0.25999999999999995,1,5,Tuesday,20,2,13
2025-05-14,S001,Tempe,campus corridor,898.0,0,none,0,none,0,1,0,69.6,0.26545454545454533,2,5,Wednesday,20,2,14
2025-05-15,S001,Tempe,campus corridor,1021.0,0,none,0,none,0,1,0,69.8,0.26909090909090905,3,5,Thursday,20,2,15
2025-05-16,S001,Tempe,campus corridor,1053.0,0,none,0,none,0,1,0,70.1,0.2745454545454544,4,5,Friday,20,2,16
2025-05-17,S001,Tempe,campus corridor,1004.0,0,none,0,none,1,0,0,70.3,0.27818181818181814,5,5,Saturday,20,2,17
2025-05-18,S001,Tempe,campus corridor,925.0,0,none,0,none,1,0,0,70.6,0.2836363636363635,6,5,Sunday,20,2,18
2025-05-19,S001,Tempe,campus corridor,733.0,0,none,0,none,0,0,0,70.8,0.28727272727272724,0,5,Monday,21,2,19
2025-05-20,S001,Tempe,campus corridor,840.0,0,none,0,none,0,0,0,71.1,0.2927272727272726,1,5,Tuesday,21,2,20
2025-05-21,S001,Tempe,campus corridor,974.0,0,none,0,none,0,0,0,71.3,0.29636363636363633,2,5,Wednesday,21,2,21
2025-05-22,S001,Tempe,campus corridor,935.0,0,none,0,none,0,0,0,71.6,0.3018181818181817,3,5,Thursday,21,2,22
2025-05-23,S001,Tempe,campus corridor,947.0,0,none,0,none,0,0,0,71.9,0.30727272727272736,4,5,Friday,21,2,23
2025-05-24,S001,Tempe,campus corridor,1044.0,0,none,0,none,1,0,0,72.2,0.3127272727272728,5,5,Saturday,21,2,24
2025-05-25,S001,Tempe,campus corridor,923.0,0,none,0,none,1,0,0,72.4,0.31636363636363646,6,5,Sunday,21,2,25
2025-05-26,S001,Tempe,campus corridor,955.0,1,memorial_day,0,none,0,0,0,72.7,0.3218181818181819,0,5,Monday,22,2,26
2025-05-27,S001,Tempe,campus corridor,862.0,0,none,0,none,0,0,0,73.0,0.32727272727272727,1,5,Tuesday,22,2,27
2025-05-28,S001,Tempe,campus corridor,892.0,0,none,0,none,0,0,0,73.3,0.33272727272727265,2,5,Wednesday,22,2,28
2025-05-29,S001,Tempe,campus corridor,948.0,0,none,0,none,0,0,0,73.6,0.3381818181818181,3,5,Thursday,22,2,29
2025-05-30,S001,Tempe,campus corridor,978.0,0,none,0,none,0,0,0,73.8,0.34181818181818174,4,5,Friday,22,2,30
2025-05-31,S001,Tempe,campus corridor,1051.0,0,none,0,none,1,0,0,74.1,0.3472727272727272,5,5,Saturday,22,2,31
2025-06-01,S001,Tempe,campus corridor,1011.0,0,none,0,none,1,1,0,74.4,0.35272727272727283,6,6,Sunday,22,2,1
2025-06-02,S001,Tempe,campus corridor,912.0,0,none,0,none,0,1,0,74.7,0.3581818181818182,0,6,Monday,23,2,2
2025-06-03,S001,Tempe,campus corridor,913.0,0,none,0,none,0,0,0,75.0,0.36363636363636365,1,6,Tuesday,23,2,3
2025-06-04,S001,Tempe,campus corridor,863.0,0,none,0,none,0,0,0,75.3,0.369090909090909,2,6,Wednesday,23,2,4
2025-06-05,S001,Tempe,campus corridor,893.0,0,none,0,none,0,0,0,75.6,0.37454545454545446,3,6,Thursday,23,2,5
2025-06-06,S001,Tempe,campus corridor,1011.0,0,none,0,none,0,0,0,75.9,0.3800000000000001,4,6,Friday,23,2,6
2025-06-07,S001,Tempe,campus corridor,1023.0,0,none,0,none,1,0,0,76.2,0.3854545454545455,5,6,Saturday,23,2,7
2025-06-08,S001,Tempe,campus corridor,1022.0,0,none,0,none,1,0,0,76.5,0.39090909090909093,6,6,Sunday,23,2,8
2025-06-09,S001,Tempe,campus corridor,818.0,0,none,0,none,0,0,0,76.8,0.3963636363636363,0,6,Monday,24,2,9
2025-06-10,S001,Tempe,campus corridor,908.0,0,none,0,none,0,0,0,77.1,0.40181818181818174,1,6,Tuesday,24,2,10
2025-06-11,S001,Tempe,campus corridor,900.0,0,none,0,none,0,0,0,77.4,0.4072727272727274,2,6,Wednesday,24,2,11
2025-06-12,S001,Tempe,campus corridor,931.0,0,none,0,none,0,0,0,77.7,0.4127272727272728,3,6,Thursday,24,2,12
2025-06-13,S001,Tempe,campus corridor,1019.0,0,none,0,none,0,0,0,78.0,0.41818181818181815,4,6,Friday,24,2,13
2025-06-14,S001,Tempe,campus corridor,1080.0,0,none,0,none,1,1,0,78.3,0.4236363636363636,5,6,Saturday,24,2,14
2025-06-15,S001,Tempe,campus corridor,1004.0,0,none,0,none,1,1,0,78.6,0.42909090909090897,6,6,Sunday,24,2,15
2025-06-16,S001,Tempe,campus corridor,869.0,0,none,0,none,0,1,0,79.0,0.43636363636363634,0,6,Monday,25,2,16
2025-06-17,S001,Tempe,campus corridor,875.0,0,none,0,none,0,0,0,79.3,0.4418181818181818,1,6,Tuesday,25,2,17
2025-06-18,S001,Tempe,campus corridor,845.0,0,none,0,none,0,0,0,79.6,0.44727272727272716,2,6,Wednesday,25,2,18
2025-06-19,S001,Tempe,campus corridor,944.0,0,none,0,none,0,0,0,79.9,0.4527272727272728,3,6,Thursday,25,2,19
2025-06-20,S001,Tempe,campus corridor,950.0,0,none,0,none,0,0,0,80.2,0.45818181818181825,4,6,Friday,25,2,20
2025-06-21,S001,Tempe,campus corridor,1069.0,0,none,0,none,1,0,0,80.5,0.4636363636363636,5,6,Saturday,25,2,21
2025-06-22,S001,Tempe,campus corridor,898.0,0,none,0,none,1,0,0,80.8,0.46909090909090906,6,6,Sunday,25,2,22
2025-06-23,S001,Tempe,campus corridor,808.0,0,none,0,none,0,0,0,81.1,0.47454545454545444,0,6,Monday,26,2,23
2025-06-24,S001,Tempe,campus corridor,805.0,0,none,0,none,0,0,0,81.4,0.4800000000000001,1,6,Tuesday,26,2,24
2025-06-25,S001,Tempe,campus corridor,870.0,0,none,0,none,0,0,0,81.7,0.4854545454545455,2,6,Wednesday,26,2,25
2025-06-26,S001,Tempe,campus corridor,932.0,0,none,0,none,0,0,0,82.0,0.4909090909090909,3,6,Thursday,26,2,26
2025-06-27,S001,Tempe,campus corridor,963.0,0,none,0,none,0,0,0,82.4,0.4981818181818183,4,6,Friday,26,2,27
2025-06-28,S001,Tempe,campus corridor,1023.0,0,none,0,none,1,0,0,82.7,0.5036363636363637,5,6,Saturday,26,2,28
2025-06-29,S001,Tempe,campus corridor,973.0,0,none,0,none,1,0,0,83.0,0.509090909090909,6,6,Sunday,26,2,29
2025-06-30,S001,Tempe,campus corridor,841.0,0,none,0,none,0,0,0,83.3,0.5145454545454545,0,6,Monday,27,2,30
2025-07-01,S001,Tempe,campus corridor,880.0,0,none,0,none,0,1,0,83.6,0.5199999999999999,1,7,Tuesday,27,3,1
2025-07-02,S001,Tempe,campus corridor,975.0,0,none,0,none,0,1,0,83.9,0.5254545454545455,2,7,Wednesday,27,3,2
2025-07-03,S001,Tempe,campus corridor,946.0,0,none,0,none,0,0,0,84.2,0.530909090909091,3,7,Thursday,27,3,3
2025-07-04,S001,Tempe,campus corridor,1137.0,1,independence_day,0,none,0,0,0,84.5,0.5363636363636364,4,7,Friday,27,3,4
2025-07-05,S001,Tempe,campus corridor,1051.0,0,none,0,none,1,0,0,84.8,0.5418181818181818,5,7,Saturday,27,3,5
2025-07-06,S001,Tempe,campus corridor,988.0,0,none,0,none,1,0,0,85.1,0.5472727272727271,6,7,Sunday,27,3,6
2025-07-07,S001,Tempe,campus corridor,902.0,0,none,0,none,0,0,0,85.4,0.5527272727272728,0,7,Monday,28,3,7
2025-07-08,S001,Tempe,campus corridor,859.0,0,none,0,none,0,0,0,85.7,0.5581818181818182,1,7,Tuesday,28,3,8
2025-07-09,S001,Tempe,campus corridor,888.0,0,none,0,none,0,0,0,86.0,0.5636363636363636,2,7,Wednesday,28,3,9
2025-07-10,S001,Tempe,campus corridor,900.0,0,none,0,none,0,0,0,86.3,0.5690909090909091,3,7,Thursday,28,3,10
2025-07-11,S001,Tempe,campus corridor,936.0,0,none,0,none,0,0,0,86.6,0.5745454545454545,4,7,Friday,28,3,11
2025-07-12,S001,Tempe,campus corridor,992.0,0,none,0,none,1,0,0,86.9,0.5800000000000001,5,7,Saturday,28,3,12
2025-07-13,S001,Tempe,campus corridor,950.0,0,none,0,none,1,0,0,87.2,0.5854545454545456,6,7,Sunday,28,3,13
2025-07-14,S001,Tempe,campus corridor,883.0,0,none,0,none,0,1,0,87.4,0.5890909090909092,0,7,Monday,29,3,14
2025-07-15,S001,Tempe,campus corridor,925.0,0,none,0,none,0,1,0,87.7,0.5945454545454546,1,7,Tuesday,29,3,15
2025-07-16,S001,Tempe,campus corridor,954.0,0,none,0,none,0,1,0,88.0,0.6,2,7,Wednesday,29,3,16
2025-07-17,S001,Tempe,campus corridor,900.0,0,none,0,none,0,0,0,88.3,0.6054545454545454,3,7,Thursday,29,3,17
2025-07-18,S001,Tempe,campus corridor,1000.0,0,none,0,none,0,0,0,88.6,0.6109090909090908,4,7,Friday,29,3,18
2025-07-19,S001,Tempe,campus corridor,1058.0,0,none,0,none,1,0,0,88.8,0.6145454545454545,5,7,Saturday,29,3,19
2025-07-20,S001,Tempe,campus corridor,975.0,0,none,0,none,1,0,0,89.1,0.6199999999999999,6,7,Sunday,29,3,20
2025-07-21,S001,Tempe,campus corridor,815.0,0,none,0,none,0,0,0,89.4,0.6254545454545456,0,7,Monday,30,3,21
2025-07-22,S001,Tempe,campus corridor,881.0,0,none,0,none,0,0,0,89.7,0.630909090909091,1,7,Tuesday,30,3,22
2025-07-23,S001,Tempe,campus corridor,905.0,0,none,0,none,0,0,0,89.9,0.6345454545454546,2,7,Wednesday,30,3,23
2025-07-24,S001,Tempe,campus corridor,878.0,0,none,0,none,0,0,0,90.2,0.64,3,7,Thursday,30,3,24
2025-07-25,S001,Tempe,campus corridor,969.0,0,none,0,none,0,0,0,90.4,0.6436363636363638,4,7,Friday,30,3,25
2025-07-26,S001,Tempe,campus corridor,1043.0,0,none,0,none,1,0,0,90.7,0.6490909090909092,5,7,Saturday,30,3,26
2025-07-27,S001,Tempe,campus corridor,951.0,0,none,0,none,1,0,0,90.9,0.6527272727272728,6,7,Sunday,30,3,27
2025-07-28,S001,Tempe,campus corridor,843.0,0,none,0,none,0,0,0,91.2,0.6581818181818182,0,7,Monday,31,3,28
2025-07-29,S001,Tempe,campus corridor,816.0,0,none,0,none,0,0,0,91.4,0.661818181818182,1,7,Tuesday,31,3,29
2025-07-30,S001,Tempe,campus corridor,944.0,0,none,0,none,0,0,0,91.7,0.6672727272727274,2,7,Wednesday,31,3,30
2025-07-31,S001,Tempe,campus corridor,968.0,0,none,0,none,0,0,0,91.9,0.670909090909091,3,7,Thursday,31,3,31
2025-08-01,S001,Tempe,campus corridor,1022.0,0,none,0,none,0,1,0,92.2,0.6763636363636364,4,8,Friday,31,3,1
2025-08-02,S001,Tempe,campus corridor,1109.0,0,none,0,none,1,1,0,92.4,0.68,5,8,Saturday,31,3,2
2025-08-03,S001,Tempe,campus corridor,902.0,0,none,0,none,1,0,0,92.6,0.6836363636363635,6,8,Sunday,31,3,3
2025-08-04,S001,Tempe,campus corridor,799.0,0,none,0,none,0,0,0,92.9,0.6890909090909092,0,8,Monday,32,3,4
2025-08-05,S001,Tempe,campus corridor,855.0,0,none,0,none,0,0,0,93.1,0.6927272727272726,1,8,Tuesday,32,3,5
2025-08-06,S001,Tempe,campus corridor,865.0,0,none,0,none,0,0,0,93.3,0.6963636363636363,2,8,Wednesday,32,3,6
2025-08-07,S001,Tempe,campus corridor,951.0,0,none,0,none,0,0,0,93.5,0.7,3,8,Thursday,32,3,7
2025-08-08,S001,Tempe,campus corridor,1039.0,0,none,0,none,0,0,0,93.7,0.7036363636363637,4,8,Friday,32,3,8
2025-08-09,S001,Tempe,campus corridor,1244.0,0,none,1,asu_move_in,1,0,0,93.9,0.7072727272727274,5,8,Saturday,32,3,9
2025-08-10,S001,Tempe,campus corridor,954.0,0,none,0,none,1,0,0,94.1,0.7109090909090908,6,8,Sunday,32,3,10
2025-08-11,S001,Tempe,campus corridor,846.0,0,none,0,none,0,0,0,94.3,0.7145454545454545,0,8,Monday,33,3,11
2025-08-12,S001,Tempe,campus corridor,918.0,0,none,0,none,0,0,0,94.5,0.7181818181818181,1,8,Tuesday,33,3,12
2025-08-13,S001,Tempe,campus corridor,861.0,0,none,0,none,0,0,0,94.7,0.7218181818181819,2,8,Wednesday,33,3,13
2025-08-14,S001,Tempe,campus corridor,992.0,0,none,0,none,0,1,0,94.9,0.7254545454545456,3,8,Thursday,33,3,14
2025-08-15,S001,Tempe,campus corridor,1092.0,0,none,0,none,0,1,0,95.1,0.729090909090909,4,8,Friday,33,3,15
2025-08-16,S001,Tempe,campus corridor,1044.0,0,none,0,none,1,1,0,95.3,0.7327272727272727,5,8,Saturday,33,3,16
2025-08-17,S001,Tempe,campus corridor,940.0,0,none,0,none,1,0,0,95.5,0.7363636363636363,6,8,Sunday,33,3,17
2025-08-18,S001,Tempe,campus corridor,824.0,0,none,0,none,0,0,0,95.6,0.738181818181818,0,8,Monday,34,3,18
2025-08-19,S001,Tempe,campus corridor,848.0,0,none,0,none,0,0,0,95.8,0.7418181818181818,1,8,Tuesday,34,3,19
2025-08-20,S001,Tempe,campus corridor,928.0,0,none,0,none,0,0,0,96.0,0.7454545454545455,2,8,Wednesday,34,3,20
2025-08-21,S001,Tempe,campus corridor,937.0,0,none,0,none,0,0,0,96.1,0.7472727272727272,3,8,Thursday,34,3,21
2025-08-22,S001,Tempe,campus corridor,915.0,0,none,0,none,0,0,0,96.3,0.7509090909090909,4,8,Friday,34,3,22
2025-08-23,S001,Tempe,campus corridor,1054.0,0,none,0,none,1,0,0,96.4,0.7527272727272728,5,8,Saturday,34,3,23
2025-08-24,S001,Tempe,campus corridor,964.0,0,none,0,none,1,0,0,96.5,0.7545454545454545,6,8,Sunday,34,3,24
2025-08-25,S001,Tempe,campus corridor,881.0,0,none,0,none,0,0,0,96.7,0.7581818181818182,0,8,Monday,35,3,25
2025-08-26,S001,Tempe,campus corridor,845.0,0,none,0,none,0,0,0,96.8,0.7599999999999999,1,8,Tuesday,35,3,26
2025-08-27,S001,Tempe,campus corridor,881.0,0,none,0,none,0,0,0,96.9,0.761818181818182,2,8,Wednesday,35,3,27
2025-08-28,S001,Tempe,campus corridor,947.0,0,none,0,none,0,0,0,97.1,0.7654545454545454,3,8,Thursday,35,3,28
2025-08-29,S001,Tempe,campus corridor,1000.0,0,none,0,none,0,0,0,97.2,0.7672727272727273,4,8,Friday,35,3,29
2025-08-30,S001,Tempe,campus corridor,1053.0,0,none,0,none,1,0,0,97.3,0.769090909090909,5,8,Saturday,35,3,30
2025-08-31,S001,Tempe,campus corridor,928.0,0,none,0,none,1,0,0,97.4,0.770909090909091,6,8,Sunday,35,3,31
2025-09-01,S001,Tempe,campus corridor,1050.0,1,labor_day,0,none,0,1,0,97.5,0.7727272727272727,0,9,Monday,36,3,1
2025-09-02,S001,Tempe,campus corridor,884.0,0,none,0,none,0,1,0,97.6,0.7745454545454544,1,9,Tuesday,36,3,2
2025-09-03,S001,Tempe,campus corridor,910.0,0,none,0,none,0,0,0,97.7,0.7763636363636364,2,9,Wednesday,36,3,3
2025-09-04,S001,Tempe,campus corridor,883.0,0,none,0,none,0,0,0,97.8,0.7781818181818181,3,9,Thursday,36,3,4
2025-09-05,S001,Tempe,campus corridor,990.0,0,none,0,none,0,0,0,97.9,0.7800000000000001,4,9,Friday,36,3,5
2025-09-06,S001,Tempe,campus corridor,1012.0,0,none,0,none,1,0,0,98.0,0.7818181818181819,5,9,Saturday,36,3,6
2025-09-07,S001,Tempe,campus corridor,942.0,0,none,0,none,1,0,0,98.0,0.7818181818181819,6,9,Sunday,36,3,7
2025-09-08,S001,Tempe,campus corridor,863.0,0,none,0,none,0,0,0,98.1,0.7836363636363636,0,9,Monday,37,3,8
2025-09-09,S001,Tempe,campus corridor,875.0,0,none,0,none,0,0,0,98.2,0.7854545454545455,1,9,Tuesday,37,3,9
2025-09-10,S001,Tempe,campus corridor,883.0,0,none,0,none,0,0,0,98.2,0.7854545454545455,2,9,Wednesday,37,3,10
2025-09-11,S001,Tempe,campus corridor,978.0,0,none,0,none,0,0,0,98.3,0.7872727272727272,3,9,Thursday,37,3,11
2025-09-12,S001,Tempe,campus corridor,961.0,0,none,0,none,0,0,0,98.3,0.7872727272727272,4,9,Friday,37,3,12
2025-09-13,S001,Tempe,campus corridor,1040.0,0,none,0,none,1,0,0,98.4,0.7890909090909092,5,9,Saturday,37,3,13
2025-09-14,S001,Tempe,campus corridor,1053.0,0,none,0,none,1,1,0,98.4,0.7890909090909092,6,9,Sunday,37,3,14
2025-09-15,S001,Tempe,campus corridor,870.0,0,none,0,none,0,1,0,98.4,0.7890909090909092,0,9,Monday,38,3,15
2025-09-16,S001,Tempe,campus corridor,935.0,0,none,0,none,0,1,0,98.5,0.7909090909090909,1,9,Tuesday,38,3,16
2025-09-17,S001,Tempe,campus corridor,886.0,0,none,0,none,0,0,0,98.5,0.7909090909090909,2,9,Wednesday,38,3,17
2025-09-18,S001,Tempe,campus corridor,917.0,0,none,0,none,0,0,0,98.5,0.7909090909090909,3,9,Thursday,38,3,18
2025-09-19,S001,Tempe,campus corridor,1021.0,0,none,0,none,0,0,0,98.5,0.7909090909090909,4,9,Friday,38,3,19
2025-09-20,S001,Tempe,campus corridor,1005.0,0,none,0,none,1,0,0,98.5,0.7909090909090909,5,9,Saturday,38,3,20
2025-09-21,S001,Tempe,campus corridor,906.0,0,none,0,none,1,0,0,98.5,0.7909090909090909,6,9,Sunday,38,3,21
2025-09-22,S001,Tempe,campus corridor,894.0,0,none,0,none,0,0,0,98.5,0.7909090909090909,0,9,Monday,39,3,22
2025-09-23,S001,Tempe,campus corridor,952.0,0,none,0,none,0,0,0,98.5,0.7909090909090909,1,9,Tuesday,39,3,23
2025-09-24,S001,Tempe,campus corridor,891.0,0,none,0,none,0,0,0,98.5,0.7909090909090909,2,9,Wednesday,39,3,24
2025-09-25,S001,Tempe,campus corridor,868.0,0,none,0,none,0,0,0,98.4,0.7890909090909092,3,9,Thursday,39,3,25
2025-09-26,S001,Tempe,campus corridor,967.0,0,none,0,none,0,0,0,98.4,0.7890909090909092,4,9,Friday,39,3,26
2025-09-27,S001,Tempe,campus corridor,1031.0,0,none,0,none,1,0,0,98.4,0.7890909090909092,5,9,Saturday,39,3,27
2025-09-28,S001,Tempe,campus corridor,980.0,0,none,0,none,1,0,0,98.3,0.7872727272727272,6,9,Sunday,39,3,28
2025-09-29,S001,Tempe,campus corridor,805.0,0,none,0,none,0,0,0,98.3,0.7872727272727272,0,9,Monday,40,3,29
2025-09-30,S001,Tempe,campus corridor,888.0,0,none,0,none,0,0,0,98.3,0.7872727272727272,1,9,Tuesday,40,3,30
2025-10-01,S001,Tempe,campus corridor,977.0,0,none,0,none,0,1,0,98.2,0.7854545454545455,2,10,Wednesday,40,4,1
2025-10-02,S001,Tempe,campus corridor,939.0,0,none,0,none,0,1,0,98.1,0.7836363636363636,3,10,Thursday,40,4,2
2025-10-03,S001,Tempe,campus corridor,1001.0,0,none,0,none,0,0,0,98.1,0.7836363636363636,4,10,Friday,40,4,3
2025-10-04,S001,Tempe,campus corridor,1109.0,0,none,0,none,1,0,0,98.0,0.7818181818181819,5,10,Saturday,40,4,4
2025-10-05,S001,Tempe,campus corridor,993.0,0,none,0,none,1,0,0,97.9,0.7800000000000001,6,10,Sunday,40,4,5
2025-10-06,S001,Tempe,campus corridor,831.0,0,none,0,none,0,0,0,97.8,0.7781818181818181,0,10,Monday,41,4,6
2025-10-07,S001,Tempe,campus corridor,865.0,0,none,0,none,0,0,0,97.8,0.7781818181818181,1,10,Tuesday,41,4,7
2025-10-08,S001,Tempe,campus corridor,926.0,0,none,0,none,0,0,0,97.7,0.7763636363636364,2,10,Wednesday,41,4,8
2025-10-09,S001,Tempe,campus corridor,876.0,0,none,0,none,0,0,0,97.6,0.7745454545454544,3,10,Thursday,41,4,9
2025-10-10,S001,Tempe,campus corridor,984.0,0,none,0,none,0,0,0,97.5,0.7727272727272727,4,10,Friday,41,4,10
2025-10-11,S001,Tempe,campus corridor,1029.0,0,none,0,none,1,0,0,97.4,0.770909090909091,5,10,Saturday,41,4,11
2025-10-12,S001,Tempe,campus corridor,1048.0,0,none,0,none,1,0,0,97.3,0.769090909090909,6,10,Sunday,41,4,12
2025-10-13,S001,Tempe,campus corridor,837.0,0,none,0,none,0,0,0,97.1,0.7654545454545454,0,10,Monday,42,4,13
2025-10-14,S001,Tempe,campus corridor,977.0,0,none,0,none,0,1,0,97.0,0.7636363636363637,1,10,Tuesday,42,4,14
2025-10-15,S001,Tempe,campus corridor,924.0,0,none,0,none,0,1,0,96.9,0.761818181818182,2,10,Wednesday,42,4,15
2025-10-16,S001,Tempe,campus corridor,1009.0,0,none,0,none,0,1,0,96.8,0.7599999999999999,3,10,Thursday,42,4,16
2025-10-17,S001,Tempe,campus corridor,989.0,0,none,0,none,0,0,0,96.6,0.7563636363636362,4,10,Friday,42,4,17
2025-10-18,S001,Tempe,campus corridor,1181.0,0,none,1,asu_homecoming,1,0,0,96.5,0.7545454545454545,5,10,Saturday,42,4,18
2025-10-19,S001,Tempe,campus corridor,994.0,0,none,0,none,1,0,0,96.4,0.7527272727272728,6,10,Sunday,42,4,19
2025-10-20,S001,Tempe,campus corridor,883.0,0,none,0,none,0,0,0,96.2,0.7490909090909091,0,10,Monday,43,4,20
2025-10-21,S001,Tempe,campus corridor,860.0,0,none,0,none,0,0,0,96.0,0.7454545454545455,1,10,Tuesday,43,4,21
2025-10-22,S001,Tempe,campus corridor,851.0,0,none,0,none,0,0,0,95.9,0.7436363636363638,2,10,Wednesday,43,4,22
2025-10-23,S001,Tempe,campus corridor,933.0,0,none,0,none,0,0,0,95.7,0.7400000000000001,3,10,Thursday,43,4,23
2025-10-24,S001,Tempe,campus corridor,950.0,0,none,0,none,0,0,0,95.6,0.738181818181818,4,10,Friday,43,4,24
2025-10-25,S001,Tempe,campus corridor,1032.0,0,none,0,none,1,0,0,95.4,0.7345454545454546,5,10,Saturday,43,4,25
2025-10-26,S001,Tempe,campus corridor,986.0,0,none,0,none,1,0,0,95.2,0.730909090909091,6,10,Sunday,43,4,26
2025-10-27,S001,Tempe,campus corridor,787.0,0,none,0,none,0,0,0,95.0,0.7272727272727273,0,10,Monday,44,4,27
2025-10-28,S001,Tempe,campus corridor,818.0,0,none,0,none,0,0,0,94.8,0.7236363636363636,1,10,Tuesday,44,4,28
2025-10-29,S001,Tempe,campus corridor,923.0,0,none,0,none,0,0,0,94.7,0.7218181818181819,2,10,Wednesday,44,4,29
2025-10-30,S001,Tempe,campus corridor,917.0,0,none,0,none,0,0,0,94.5,0.7181818181818181,3,10,Thursday,44,4,30
2025-10-31,S001,Tempe,campus corridor,1052.0,1,halloween,0,none,0,0,0,94.3,0.7145454545454545,4,10,Friday,44,4,31
2025-11-01,S001,Tempe,campus corridor,1132.0,0,none,0,none,1,1,0,94.1,0.7109090909090908,5,11,Saturday,44,4,1
2025-11-02,S001,Tempe,campus corridor,1058.0,0,none,0,none,1,1,0,93.9,0.7072727272727274,6,11,Sunday,44,4,2
2025-11-03,S001,Tempe,campus corridor,821.0,0,none,0,none,0,0,0,93.7,0.7036363636363637,0,11,Monday,45,4,3
2025-11-04,S001,Tempe,campus corridor,828.0,0,none,0,none,0,0,0,93.4,0.6981818181818182,1,11,Tuesday,45,4,4
2025-11-05,S001,Tempe,campus corridor,936.0,0,none,0,none,0,0,0,93.2,0.6945454545454546,2,11,Wednesday,45,4,5
2025-11-06,S001,Tempe,campus corridor,947.0,0,none,0,none,0,0,0,93.0,0.6909090909090909,3,11,Thursday,45,4,6
2025-11-07,S001,Tempe,campus corridor,1059.0,0,none,0,none,0,0,0,92.8,0.6872727272727273,4,11,Friday,45,4,7
2025-11-08,S001,Tempe,campus corridor,1058.0,0,none,0,none,1,0,0,92.5,0.6818181818181818,5,11,Saturday,45,4,8
2025-11-09,S001,Tempe,campus corridor,1003.0,0,none,0,none,1,0,0,92.3,0.6781818181818181,6,11,Sunday,45,4,9
2025-11-10,S001,Tempe,campus corridor,839.0,0,none,0,none,0,0,0,92.1,0.6745454545454544,0,11,Monday,46,4,10
2025-11-11,S001,Tempe,campus corridor,899.0,0,none,0,none,0,0,0,91.8,0.6690909090909091,1,11,Tuesday,46,4,11
2025-11-12,S001,Tempe,campus corridor,929.0,0,none,0,none,0,0,0,91.6,0.6654545454545453,2,11,Wednesday,46,4,12
2025-11-13,S001,Tempe,campus corridor,977.0,0,none,0,none,0,0,0,91.4,0.661818181818182,3,11,Thursday,46,4,13
2025-11-14,S001,Tempe,campus corridor,1023.0,0,none,0,none,0,1,0,91.1,0.6563636363636363,4,11,Friday,46,4,14
2025-11-15,S001,Tempe,campus corridor,1093.0,0,none,0,none,1,1,0,90.9,0.6527272727272728,5,11,Saturday,46,4,15
2025-11-16,S001,Tempe,campus corridor,1034.0,0,none,0,none,1,1,0,90.6,0.6472727272727272,6,11,Sunday,46,4,16
2025-11-17,S001,Tempe,campus corridor,871.0,0,none,0,none,0,0,0,90.3,0.6418181818181817,0,11,Monday,47,4,17
2025-11-18,S001,Tempe,campus corridor,922.0,0,none,0,none,0,0,0,90.1,0.6381818181818181,1,11,Tuesday,47,4,18
2025-11-19,S001,Tempe,campus corridor,894.0,0,none,0,none,0,0,0,89.8,0.6327272727272727,2,11,Wednesday,47,4,19
2025-11-20,S001,Tempe,campus corridor,922.0,0,none,0,none,0,0,0,89.6,0.629090909090909,3,11,Thursday,47,4,20
2025-11-21,S001,Tempe,campus corridor,992.0,0,none,0,none,0,0,0,89.3,0.6236363636363635,4,11,Friday,47,4,21
2025-11-22,S001,Tempe,campus corridor,1038.0,0,none,0,none,1,0,0,89.0,0.6181818181818182,5,11,Saturday,47,4,22
2025-11-23,S001,Tempe,campus corridor,1023.0,0,none,0,none,1,0,0,88.7,0.6127272727272728,6,11,Sunday,47,4,23
2025-11-24,S001,Tempe,campus corridor,772.0,0,none,0,none,0,0,0,88.5,0.6090909090909091,0,11,Monday,48,4,24
2025-11-25,S001,Tempe,campus corridor,846.0,0,none,0,none,0,0,0,88.2,0.6036363636363636,1,11,Tuesday,48,4,25
2025-11-26,S001,Tempe,campus corridor,884.0,0,none,0,none,0,0,0,87.9,0.5981818181818183,2,11,Wednesday,48,4,26
2025-11-27,S001,Tempe,campus corridor,1010.0,1,thanksgiving,0,none,0,0,0,87.6,0.5927272727272727,3,11,Thursday,48,4,27
2025-11-28,S001,Tempe,campus corridor,1108.0,1,black_friday,0,none,0,0,0,87.3,0.5872727272727272,4,11,Friday,48,4,28
2025-11-29,S001,Tempe,campus corridor,1016.0,0,none,0,none,1,0,0,87.0,0.5818181818181818,5,11,Saturday,48,4,29
2025-11-30,S001,Tempe,campus corridor,985.0,0,none,0,none,1,0,0,86.8,0.5781818181818181,6,11,Sunday,48,4,30
2025-12-01,S001,Tempe,campus corridor,934.0,0,none,0,none,0,1,0,86.5,0.5727272727272728,0,12,Monday,49,4,1
2025-12-02,S001,Tempe,campus corridor,918.0,0,none,0,none,0,1,0,86.2,0.5672727272727274,1,12,Tuesday,49,4,2
2025-12-03,S001,Tempe,campus corridor,876.0,0,none,0,none,0,0,0,85.9,0.5618181818181819,2,12,Wednesday,49,4,3
2025-12-04,S001,Tempe,campus corridor,936.0,0,none,0,none,0,0,0,85.6,0.5563636363636363,3,12,Thursday,49,4,4
2025-12-05,S001,Tempe,campus corridor,1018.0,0,none,0,none,0,0,0,85.3,0.5509090909090909,4,12,Friday,49,4,5
2025-12-06,S001,Tempe,campus corridor,1015.0,0,none,0,none,1,0,0,85.0,0.5454545454545454,5,12,Saturday,49,4,6
2025-12-07,S001,Tempe,campus corridor,962.0,0,none,0,none,1,0,0,84.7,0.54,6,12,Sunday,49,4,7
2025-12-08,S001,Tempe,campus corridor,865.0,0,none,0,none,0,0,0,84.4,0.5345454545454547,0,12,Monday,50,4,8
2025-12-09,S001,Tempe,campus corridor,867.0,0,none,0,none,0,0,0,84.1,0.529090909090909,1,12,Tuesday,50,4,9
2025-12-10,S001,Tempe,campus corridor,932.0,0,none,0,none,0,0,0,83.8,0.5236363636363636,2,12,Wednesday,50,4,10
2025-12-11,S001,Tempe,campus corridor,938.0,0,none,0,none,0,0,0,83.5,0.5181818181818182,3,12,Thursday,50,4,11
2025-12-12,S001,Tempe,campus corridor,1007.0,0,none,0,none,0,0,0,83.2,0.5127272727272728,4,12,Friday,50,4,12
2025-12-13,S001,Tempe,campus corridor,1014.0,0,none,0,none,1,0,0,82.9,0.5072727272727274,5,12,Saturday,50,4,13
2025-12-14,S001,Tempe,campus corridor,1052.0,0,none,0,none,1,1,0,82.5,0.5,6,12,Sunday,50,4,14
2025-12-15,S001,Tempe,campus corridor,891.0,0,none,0,none,0,1,0,82.2,0.4945454545454546,0,12,Monday,51,4,15
2025-12-16,S001,Tempe,campus corridor,887.0,0,none,0,none,0,1,0,81.9,0.4890909090909092,1,12,Tuesday,51,4,16
2025-12-17,S001,Tempe,campus corridor,860.0,0,none,0,none,0,0,0,81.6,0.48363636363636353,2,12,Wednesday,51,4,17
2025-12-18,S001,Tempe,campus corridor,961.0,0,none,0,none,0,0,0,81.3,0.47818181818181815,3,12,Thursday,51,4,18
2025-12-19,S001,Tempe,campus corridor,973.0,0,none,0,none,0,0,0,81.0,0.4727272727272727,4,12,Friday,51,4,19
2025-12-20,S001,Tempe,campus corridor,1015.0,0,none,0,none,1,0,0,80.7,0.46727272727272734,5,12,Saturday,51,4,20
2025-12-21,S001,Tempe,campus corridor,991.0,0,none,0,none,1,0,0,80.4,0.4618181818181819,6,12,Sunday,51,4,21
2025-12-22,S001,Tempe,campus corridor,885.0,0,none,0,none,0,0,0,80.1,0.45636363636363625,0,12,Monday,52,4,22
2025-12-23,S001,Tempe,campus corridor,800.0,0,none,0,none,0,0,0,79.8,0.45090909090909087,1,12,Tuesday,52,4,23
2025-12-24,S001,Tempe,campus corridor,1009.0,1,christmas_eve,0,none,0,0,0,79.5,0.44545454545454544,2,12,Wednesday,52,4,24
2025-12-25,S001,Tempe,campus corridor,684.0,1,christmas_day,0,none,0,0,0,79.1,0.43818181818181806,3,12,Thursday,52,4,25
2025-12-26,S001,Tempe,campus corridor,1033.0,0,none,0,none,0,0,0,78.8,0.4327272727272727,4,12,Friday,52,4,26
2025-12-27,S001,Tempe,campus corridor,1058.0,0,none,0,none,1,0,0,78.5,0.42727272727272725,5,12,Saturday,52,4,27
2025-12-28,S001,Tempe,campus corridor,1020.0,0,none,0,none,1,0,0,78.2,0.42181818181818187,6,12,Sunday,52,4,28
2025-12-29,S001,Tempe,campus corridor,811.0,0,none,0,none,0,0,0,77.9,0.4163636363636365,0,12,Monday,1,4,29
2025-12-30,S001,Tempe,campus corridor,839.0,0,none,0,none,0,0,0,77.6,0.4109090909090908,1,12,Tuesday,1,4,30
2025-12-31,S001,Tempe,campus corridor,1073.0,1,new_years_eve,0,none,0,0,0,77.3,0.4054545454545454,2,12,Wednesday,1,4,31
2024-01-01,S002,Phoenix,urban flagship,874.0,1,new_years_day,0,none,0,1,0,80.4,0.4618181818181819,0,1,Monday,1,1,1
2024-01-02,S002,Phoenix,urban flagship,1042.0,0,none,0,none,0,1,0,80.1,0.45636363636363625,1,1,Tuesday,1,1,2
2024-01-03,S002,Phoenix,urban flagship,999.0,0,none,0,none,0,0,0,79.8,0.45090909090909087,2,1,Wednesday,1,1,3
2024-01-04,S002,Phoenix,urban flagship,1045.0,0,none,0,none,0,0,0,79.5,0.44545454545454544,3,1,Thursday,1,1,4
2024-01-05,S002,Phoenix,urban flagship,1092.0,0,none,0,none,0,0,0,79.2,0.44000000000000006,4,1,Friday,1,1,5
2024-01-06,S002,Phoenix,urban flagship,1183.0,0,none,0,none,1,0,0,78.9,0.4345454545454546,5,1,Saturday,1,1,6
2024-01-07,S002,Phoenix,urban flagship,1124.0,0,none,0,none,1,0,0,78.6,0.42909090909090897,6,1,Sunday,1,1,7
2024-01-08,S002,Phoenix,urban flagship,881.0,0,none,0,none,0,0,0,78.3,0.4236363636363636,0,1,Monday,2,1,8
2024-01-09,S002,Phoenix,urban flagship,890.0,0,none,0,none,0,0,0,78.0,0.41818181818181815,1,1,Tuesday,2,1,9
2024-01-10,S002,Phoenix,urban flagship,1040.0,0,none,0,none,0,0,0,77.7,0.4127272727272728,2,1,Wednesday,2,1,10
2024-01-11,S002,Phoenix,urban flagship,1077.0,0,none,0,none,0,0,0,77.5,0.4090909090909091,3,1,Thursday,2,1,11
2024-01-12,S002,Phoenix,urban flagship,1052.0,0,none,0,none,0,0,0,77.2,0.4036363636363637,4,1,Friday,2,1,12
2024-01-13,S002,Phoenix,urban flagship,1095.0,0,none,0,none,1,0,0,76.9,0.3981818181818183,5,1,Saturday,2,1,13
2024-01-14,S002,Phoenix,urban flagship,1166.0,0,none,0,none,1,1,0,76.6,0.39272727272727265,6,1,Sunday,2,1,14
2024-01-15,S002,Phoenix,urban flagship,1024.0,0,none,0,none,0,1,0,76.3,0.3872727272727272,0,1,Monday,3,1,15
2024-01-16,S002,Phoenix,urban flagship,1086.0,0,none,0,none,0,1,0,76.0,0.38181818181818183,1,1,Tuesday,3,1,16
2024-01-17,S002,Phoenix,urban flagship,1024.0,0,none,0,none,0,0,0,75.8,0.3781818181818181,2,1,Wednesday,3,1,17
2024-01-18,S002,Phoenix,urban flagship,1025.0,0,none,0,none,0,0,0,75.5,0.37272727272727274,3,1,Thursday,3,1,18
2024-01-19,S002,Phoenix,urban flagship,1057.0,0,none,0,none,0,0,0,75.2,0.3672727272727273,4,1,Friday,3,1,19
2024-01-20,S002,Phoenix,urban flagship,1159.0,0,none,0,none,1,0,0,74.9,0.3618181818181819,5,1,Saturday,3,1,20
2024-01-21,S002,Phoenix,urban flagship,1088.0,0,none,0,none,1,0,0,74.7,0.3581818181818182,6,1,Sunday,3,1,21
2024-01-22,S002,Phoenix,urban flagship,903.0,0,none,0,none,0,0,0,74.4,0.35272727272727283,0,1,Monday,4,1,22
2024-01-23,S002,Phoenix,urban flagship,1037.0,0,none,0,none,0,0,0,74.2,0.3490909090909091,1,1,Tuesday,4,1,23
2024-01-24,S002,Phoenix,urban flagship,1068.0,0,none,0,none,0,0,0,73.9,0.34363636363636374,2,1,Wednesday,4,1,24
2024-01-25,S002,Phoenix,urban flagship,1076.0,0,none,0,none,0,0,0,73.6,0.3381818181818181,3,1,Thursday,4,1,25
2024-01-26,S002,Phoenix,urban flagship,1057.0,0,none,0,none,0,0,0,73.4,0.33454545454545465,4,1,Friday,4,1,26
2024-01-27,S002,Phoenix,urban flagship,1188.0,0,none,0,none,1,0,0,73.1,0.329090909090909,5,1,Saturday,4,1,27
2024-01-28,S002,Phoenix,urban flagship,1120.0,0,none,0,none,1,0,0,72.9,0.32545454545454555,6,1,Sunday,4,1,28
2024-01-29,S002,Phoenix,urban flagship,953.0,0,none,0,none,0,0,0,72.7,0.3218181818181819,0,1,Monday,5,1,29
2024-01-30,S002,Phoenix,urban flagship,1010.0,0,none,0,none,0,0,0,72.4,0.31636363636363646,1,1,Tuesday,5,1,30
2024-01-31,S002,Phoenix,urban flagship,1030.0,0,none,0,none,0,0,0,72.2,0.3127272727272728,2,1,Wednesday,5,1,31
2024-02-01,S002,Phoenix,urban flagship,1126.0,0,none,0,none,0,1,0,72.0,0.3090909090909091,3,2,Thursday,5,1,1
2024-02-02,S002,Phoenix,urban flagship,1176.0,0,none,0,none,0,1,0,71.7,0.3036363636363637,4,2,Friday,5,1,2
2024-02-03,S002,Phoenix,urban flagship,1171.0,0,none,0,none,1,0,0,71.5,0.3,5,2,Saturday,5,1,3
2024-02-04,S002,Phoenix,urban flagship,1039.0,0,none,0,none,1,0,0,71.3,0.29636363636363633,6,2,Sunday,5,1,4
2024-02-05,S002,Phoenix,urban flagship,941.0,0,none,0,none,0,0,0,71.1,0.2927272727272726,0,2,Monday,6,1,5
2024-02-06,S002,Phoenix,urban flagship,950.0,0,none,0,none,0,0,0,70.8,0.28727272727272724,1,2,Tuesday,6,1,6
2024-02-07,S002,Phoenix,urban flagship,966.0,0,none,0,none,0,0,0,70.6,0.2836363636363635,2,2,Wednesday,6,1,7
2024-02-08,S002,Phoenix,urban flagship,1096.0,0,none,0,none,0,0,0,70.4,0.2800000000000001,3,2,Thursday,6,1,8
2024-02-09,S002,Phoenix,urban flagship,1149.0,0,none,0,none,0,0,0,70.2,0.2763636363636364,4,2,Friday,6,1,9
2024-02-10,S002,Phoenix,urban flagship,1207.0,0,none,0,none,1,0,0,70.0,0.2727272727272727,5,2,Saturday,6,1,10
2024-02-11,S002,Phoenix,urban flagship,1489.0,1,super_bowl,1,sports_game,1,0,0,69.8,0.26909090909090905,6,2,Sunday,6,1,11
2024-02-12,S002,Phoenix,urban flagship,985.0,0,none,0,none,0,0,0,69.7,0.26727272727272733,0,2,Monday,7,1,12
2024-02-13,S002,Phoenix,urban flagship,970.0,0,none,0,none,0,0,0,69.5,0.2636363636363636,1,2,Tuesday,7,1,13
2024-02-14,S002,Phoenix,urban flagship,1077.0,0,none,0,none,0,1,0,69.3,0.25999999999999995,2,2,Wednesday,7,1,14
2024-02-15,S002,Phoenix,urban flagship,1065.0,0,none,0,none,0,1,0,69.1,0.25636363636363624,3,2,Thursday,7,1,15
2024-02-16,S002,Phoenix,urban flagship,1170.0,0,none,0,none,0,1,0,68.9,0.25272727272727286,4,2,Friday,7,1,16
2024-02-17,S002,Phoenix,urban flagship,1164.0,0,none,0,none,1,0,0,68.8,0.25090909090909086,5,2,Saturday,7,1,17
2024-02-18,S002,Phoenix,urban flagship,1057.0,0,none,0,none,1,0,0,68.6,0.24727272727272717,6,2,Sunday,7,1,18
2024-02-19,S002,Phoenix,urban flagship,938.0,0,none,0,none,0,0,0,68.5,0.24545454545454545,0,2,Monday,8,1,19
2024-02-20,S002,Phoenix,urban flagship,967.0,0,none,0,none,0,0,0,68.3,0.24181818181818177,1,2,Tuesday,8,1,20
2024-02-21,S002,Phoenix,urban flagship,1071.0,0,none,0,none,0,0,0,68.1,0.23818181818181808,2,2,Wednesday,8,1,21
2024-02-22,S002,Phoenix,urban flagship,1071.0,0,none,0,none,0,0,0,68.0,0.23636363636363636,3,2,Thursday,8,1,22
2024-02-23,S002,Phoenix,urban flagship,1092.0,0,none,0,none,0,0,0,67.9,0.23454545454545464,4,2,Friday,8,1,23
2024-02-24,S002,Phoenix,urban flagship,1171.0,0,none,0,none,1,0,0,67.7,0.23090909090909095,5,2,Saturday,8,1,24
2024-02-25,S002,Phoenix,urban flagship,1103.0,0,none,0,none,1,0,0,67.6,0.22909090909090898,6,2,Sunday,8,1,25
2024-02-26,S002,Phoenix,urban flagship,933.0,0,none,0,none,0,0,0,67.5,0.22727272727272727,0,2,Monday,9,1,26
2024-02-27,S002,Phoenix,urban flagship,934.0,0,none,0,none,0,0,0,67.4,0.22545454545454555,1,2,Tuesday,9,1,27
2024-02-28,S002,Phoenix,urban flagship,1006.0,0,none,0,none,0,0,0,67.2,0.22181818181818186,2,2,Wednesday,9,1,28
2024-02-29,S002,Phoenix,urban flagship,1016.0,0,none,0,none,0,0,0,67.1,0.2199999999999999,3,2,Thursday,9,1,29
2024-03-01,S002,Phoenix,urban flagship,1115.0,0,none,0,none,0,1,0,67.0,0.21818181818181817,4,3,Friday,9,1,1
2024-03-02,S002,Phoenix,urban flagship,1250.0,0,none,0,none,1,1,0,66.9,0.21636363636363648,5,3,Saturday,9,1,2
2024-03-03,S002,Phoenix,urban flagship,1116.0,0,none,0,none,1,0,0,66.8,0.21454545454545448,6,3,Sunday,9,1,3
2024-03-04,S002,Phoenix,urban flagship,880.0,0,none,0,none,0,0,0,66.7,0.2127272727272728,0,3,Monday,10,1,4
2024-03-05,S002,Phoenix,urban flagship,967.0,0,none,0,none,0,0,0,66.7,0.2127272727272728,1,3,Tuesday,10,1,5
2024-03-06,S002,Phoenix,urban flagship,1046.0,0,none,0,none,0,0,0,66.6,0.2109090909090908,2,3,Wednesday,10,1,6
2024-03-07,S002,Phoenix,urban flagship,1078.0,0,none,0,none,0,0,0,66.5,0.20909090909090908,3,3,Thursday,10,1,7
2024-03-08,S002,Phoenix,urban flagship,1128.0,0,none,0,none,0,0,0,66.4,0.2072727272727274,4,3,Friday,10,1,8
2024-03-09,S002,Phoenix,urban flagship,1165.0,0,none,0,none,1,0,0,66.4,0.2072727272727274,5,3,Saturday,10,1,9
2024-03-10,S002,Phoenix,urban flagship,1075.0,0,none,0,none,1,0,0,66.3,0.2054545454545454,6,3,Sunday,10,1,10
2024-03-11,S002,Phoenix,urban flagship,905.0,0,none,0,none,0,0,0,66.2,0.2036363636363637,0,3,Monday,11,1,11
2024-03-12,S002,Phoenix,urban flagship,984.0,0,none,0,none,0,0,0,66.2,0.2036363636363637,1,3,Tuesday,11,1,12
2024-03-13,S002,Phoenix,urban flagship,1025.0,0,none,0,none,0,0,0,66.2,0.2036363636363637,2,3,Wednesday,11,1,13
2024-03-14,S002,Phoenix,urban flagship,1149.0,0,none,0,none,0,1,0,66.1,0.2018181818181817,3,3,Thursday,11,1,14
2024-03-15,S002,Phoenix,urban flagship,1197.0,0,none,0,none,0,1,0,66.1,0.2018181818181817,4,3,Friday,11,1,15
2024-03-16,S002,Phoenix,urban flagship,1230.0,0,none,0,none,1,1,0,66.1,0.2018181818181817,5,3,Saturday,11,1,16
2024-03-17,S002,Phoenix,urban flagship,1062.0,0,none,0,none,1,0,0,66.0,0.2,6,3,Sunday,11,1,17
2024-03-18,S002,Phoenix,urban flagship,931.0,0,none,0,none,0,0,0,66.0,0.2,0,3,Monday,12,1,18
2024-03-19,S002,Phoenix,urban flagship,980.0,0,none,0,none,0,0,0,66.0,0.2,1,3,Tuesday,12,1,19
2024-03-20,S002,Phoenix,urban flagship,1006.0,0,none,0,none,0,0,0,66.0,0.2,2,3,Wednesday,12,1,20
2024-03-21,S002,Phoenix,urban flagship,1024.0,0,none,0,none,0,0,0,66.0,0.2,3,3,Thursday,12,1,21
2024-03-22,S002,Phoenix,urban flagship,1103.0,0,none,0,none,0,0,0,66.0,0.2,4,3,Friday,12,1,22
2024-03-23,S002,Phoenix,urban flagship,1148.0,0,none,0,none,1,0,0,66.0,0.2,5,3,Saturday,12,1,23
2024-03-24,S002,Phoenix,urban flagship,1083.0,0,none,0,none,1,0,0,66.0,0.2,6,3,Sunday,12,1,24
2024-03-25,S002,Phoenix,urban flagship,953.0,0,none,0,none,0,0,0,66.0,0.2,0,3,Monday,13,1,25
2024-03-26,S002,Phoenix,urban flagship,960.0,0,none,0,none,0,0,0,66.1,0.2018181818181817,1,3,Tuesday,13,1,26
2024-03-27,S002,Phoenix,urban flagship,1022.0,0,none,0,none,0,0,0,66.1,0.2018181818181817,2,3,Wednesday,13,1,27
2024-03-28,S002,Phoenix,urban flagship,1054.0,0,none,0,none,0,0,0,66.1,0.2018181818181817,3,3,Thursday,13,1,28
2024-03-29,S002,Phoenix,urban flagship,1056.0,0,none,0,none,0,0,0,66.2,0.2036363636363637,4,3,Friday,13,1,29
2024-03-30,S002,Phoenix,urban flagship,1150.0,0,none,0,none,1,0,0,66.2,0.2036363636363637,5,3,Saturday,13,1,30
2024-03-31,S002,Phoenix,urban flagship,1154.0,0,none,0,none,1,0,0,66.3,0.2054545454545454,6,3,Sunday,13,1,31
2024-04-01,S002,Phoenix,urban flagship,960.0,0,none,0,none,0,1,0,66.3,0.2054545454545454,0,4,Monday,14,2,1
2024-04-02,S002,Phoenix,urban flagship,960.0,0,none,0,none,0,1,0,66.4,0.2072727272727274,1,4,Tuesday,14,2,2
2024-04-03,S002,Phoenix,urban flagship,951.0,0,none,0,none,0,0,0,66.5,0.20909090909090908,2,4,Wednesday,14,2,3
2024-04-04,S002,Phoenix,urban flagship,1046.0,0,none,0,none,0,0,0,66.5,0.20909090909090908,3,4,Thursday,14,2,4
2024-04-05,S002,Phoenix,urban flagship,1097.0,0,none,0,none,0,0,0,66.6,0.2109090909090908,4,4,Friday,14,2,5
2024-04-06,S002,Phoenix,urban flagship,1163.0,0,none,0,none,1,0,0,66.7,0.2127272727272728,5,4,Saturday,14,2,6
2024-04-07,S002,Phoenix,urban flagship,1147.0,0,none,0,none,1,0,0,66.8,0.21454545454545448,6,4,Sunday,14,2,7
2024-04-08,S002,Phoenix,urban flagship,853.0,0,none,0,none,0,0,0,66.9,0.21636363636363648,0,4,Monday,15,2,8
2024-04-09,S002,Phoenix,urban flagship,988.0,0,none,0,none,0,0,0,67.0,0.21818181818181817,1,4,Tuesday,15,2,9
2024-04-10,S002,Phoenix,urban flagship,1068.0,0,none,0,none,0,0,0,67.1,0.2199999999999999,2,4,Wednesday,15,2,10
2024-04-11,S002,Phoenix,urban flagship,1008.0,0,none,0,none,0,0,0,67.2,0.22181818181818186,3,4,Thursday,15,2,11
2024-04-12,S002,Phoenix,urban flagship,1084.0,0,none,0,none,0,0,0,67.3,0.22363636363636358,4,4,Friday,15,2,12
2024-04-13,S002,Phoenix,urban flagship,1142.0,0,none,0,none,1,0,0,67.4,0.22545454545454555,5,4,Saturday,15,2,13
2024-04-14,S002,Phoenix,urban flagship,1143.0,0,none,0,none,1,1,0,67.6,0.22909090909090898,6,4,Sunday,15,2,14
2024-04-15,S002,Phoenix,urban flagship,990.0,0,none,0,none,0,1,0,67.7,0.23090909090909095,0,4,Monday,16,2,15
2024-04-16,S002,Phoenix,urban flagship,1082.0,0,none,0,none,0,1,0,67.8,0.23272727272727267,1,4,Tuesday,16,2,16
2024-04-17,S002,Phoenix,urban flagship,1078.0,0,none,0,none,0,0,0,68.0,0.23636363636363636,2,4,Wednesday,16,2,17
2024-04-18,S002,Phoenix,urban flagship,1035.0,0,none,0,none,0,0,0,68.1,0.23818181818181808,3,4,Thursday,16,2,18
2024-04-19,S002,Phoenix,urban flagship,1162.0,0,none,0,none,0,0,0,68.2,0.24000000000000005,4,4,Friday,16,2,19
2024-04-20,S002,Phoenix,urban flagship,1170.0,0,none,0,none,1,0,0,68.4,0.24363636363636373,5,4,Saturday,16,2,20
2024-04-21,S002,Phoenix,urban flagship,1167.0,0,none,0,none,1,0,0,68.5,0.24545454545454545,6,4,Sunday,16,2,21
2024-04-22,S002,Phoenix,urban flagship,942.0,0,none,0,none,0,0,0,68.7,0.24909090909090914,0,4,Monday,17,2,22
2024-04-23,S002,Phoenix,urban flagship,980.0,0,none,0,none,0,0,0,68.9,0.25272727272727286,1,4,Tuesday,17,2,23
2024-04-24,S002,Phoenix,urban flagship,1029.0,0,none,0,none,0,0,0,69.0,0.2545454545454545,2,4,Wednesday,17,2,24
2024-04-25,S002,Phoenix,urban flagship,1155.0,0,none,0,none,0,0,0,69.2,0.25818181818181823,3,4,Thursday,17,2,25
2024-04-26,S002,Phoenix,urban flagship,1127.0,0,none,0,none,0,0,0,69.4,0.2618181818181819,4,4,Friday,17,2,26
2024-04-27,S002,Phoenix,urban flagship,1145.0,0,none,0,none,1,0,0,69.6,0.26545454545454533,5,4,Saturday,17,2,27
2024-04-28,S002,Phoenix,urban flagship,1141.0,0,none,0,none,1,0,0,69.8,0.26909090909090905,6,4,Sunday,17,2,28
2024-04-29,S002,Phoenix,urban flagship,934.0,0,none,0,none,0,0,0,70.0,0.2727272727272727,0,4,Monday,18,2,29
2024-04-30,S002,Phoenix,urban flagship,960.0,0,none,0,none,0,0,0,70.2,0.2763636363636364,1,4,Tuesday,18,2,30
2024-05-01,S002,Phoenix,urban flagship,1109.0,0,none,0,none,0,1,0,70.4,0.2800000000000001,2,5,Wednesday,18,2,1
2024-05-02,S002,Phoenix,urban flagship,1112.0,0,none,0,none,0,1,0,70.6,0.2836363636363635,3,5,Thursday,18,2,2
2024-05-03,S002,Phoenix,urban flagship,1108.0,0,none,0,none,0,0,0,70.8,0.28727272727272724,4,5,Friday,18,2,3
2024-05-04,S002,Phoenix,urban flagship,1171.0,0,none,0,none,1,0,0,71.0,0.2909090909090909,5,5,Saturday,18,2,4
2024-05-05,S002,Phoenix,urban flagship,1121.0,0,none,0,none,1,0,0,71.2,0.2945454545454546,6,5,Sunday,18,2,5
2024-05-06,S002,Phoenix,urban flagship,961.0,0,none,0,none,0,0,0,71.4,0.29818181818181827,0,5,Monday,19,2,6
2024-05-07,S002,Phoenix,urban flagship,911.0,0,none,0,none,0,0,0,71.6,0.3018181818181817,1,5,Tuesday,19,2,7
2024-05-08,S002,Phoenix,urban flagship,1041.0,0,none,0,none,0,0,0,71.9,0.30727272727272736,2,5,Wednesday,19,2,8
2024-05-09,S002,Phoenix,urban flagship,1015.0,0,none,0,none,0,0,0,72.1,0.3109090909090908,3,5,Thursday,19,2,9
2024-05-10,S002,Phoenix,urban flagship,1051.0,0,none,0,none,0,0,0,72.3,0.3145454545454545,4,5,Friday,19,2,10
2024-05-11,S002,Phoenix,urban flagship,1169.0,0,none,0,none,1,0,0,72.6,0.3199999999999999,5,5,Saturday,19,2,11
2024-05-12,S002,Phoenix,urban flagship,1113.0,0,none,0,none,1,0,0,72.8,0.3236363636363636,6,5,Sunday,19,2,12
2024-05-13,S002,Phoenix,urban flagship,924.0,0,none,0,none,0,0,0,73.1,0.329090909090909,0,5,Monday,20,2,13
2024-05-14,S002,Phoenix,urban flagship,1065.0,0,none,0,none,0,1,0,73.3,0.33272727272727265,1,5,Tuesday,20,2,14
2024-05-15,S002,Phoenix,urban flagship,1034.0,0,none,0,none,0,1,0,73.6,0.3381818181818181,2,5,Wednesday,20,2,15
2024-05-16,S002,Phoenix,urban flagship,1098.0,0,none,0,none,0,1,0,73.8,0.34181818181818174,3,5,Thursday,20,2,16
2024-05-17,S002,Phoenix,urban flagship,1080.0,0,none,0,none,0,0,0,74.1,0.3472727272727272,4,5,Friday,20,2,17
2024-05-18,S002,Phoenix,urban flagship,1170.0,0,none,0,none,1,0,0,74.3,0.35090909090909084,5,5,Saturday,20,2,18
2024-05-19,S002,Phoenix,urban flagship,1120.0,0,none,0,none,1,0,0,74.6,0.35636363636363627,6,5,Sunday,20,2,19
2024-05-20,S002,Phoenix,urban flagship,914.0,0,none,0,none,0,0,0,74.8,0.35999999999999993,0,5,Monday,21,2,20
2024-05-21,S002,Phoenix,urban flagship,1003.0,0,none,0,none,0,0,0,75.1,0.36545454545454537,1,5,Tuesday,21,2,21
2024-05-22,S002,Phoenix,urban flagship,1021.0,0,none,0,none,0,0,0,75.4,0.370909090909091,2,5,Wednesday,21,2,22
2024-05-23,S002,Phoenix,urban flagship,986.0,0,none,0,none,0,0,0,75.7,0.3763636363636364,3,5,Thursday,21,2,23
2024-05-24,S002,Phoenix,urban flagship,1035.0,0,none,0,none,0,0,0,75.9,0.3800000000000001,4,5,Friday,21,2,24
2024-05-25,S002,Phoenix,urban flagship,1172.0,0,none,0,none,1,0,0,76.2,0.3854545454545455,5,5,Saturday,21,2,25
2024-05-26,S002,Phoenix,urban flagship,1104.0,0,none,0,none,1,0,0,76.5,0.39090909090909093,6,5,Sunday,21,2,26
2024-05-27,S002,Phoenix,urban flagship,1097.0,1,memorial_day,0,none,0,0,0,76.8,0.3963636363636363,0,5,Monday,22,2,27
2024-05-28,S002,Phoenix,urban flagship,978.0,0,none,0,none,0,0,0,77.1,0.40181818181818174,1,5,Tuesday,22,2,28
2024-05-29,S002,Phoenix,urban flagship,1028.0,0,none,0,none,0,0,0,77.3,0.4054545454545454,2,5,Wednesday,22,2,29
2024-05-30,S002,Phoenix,urban flagship,1083.0,0,none,0,none,0,0,0,77.6,0.4109090909090908,3,5,Thursday,22,2,30
2024-05-31,S002,Phoenix,urban flagship,1064.0,0,none,0,none,0,0,0,77.9,0.4163636363636365,4,5,Friday,22,2,31
2024-06-01,S002,Phoenix,urban flagship,1204.0,0,none,0,none,1,1,0,78.2,0.42181818181818187,5,6,Saturday,22,2,1
2024-06-02,S002,Phoenix,urban flagship,1142.0,0,none,0,none,1,1,0,78.5,0.42727272727272725,6,6,Sunday,22,2,2
2024-06-03,S002,Phoenix,urban flagship,959.0,0,none,0,none,0,0,0,78.8,0.4327272727272727,0,6,Monday,23,2,3
2024-06-04,S002,Phoenix,urban flagship,1022.0,0,none,0,none,0,0,0,79.1,0.43818181818181806,1,6,Tuesday,23,2,4
2024-06-05,S002,Phoenix,urban flagship,1006.0,0,none,0,none,0,0,0,79.4,0.4436363636363637,2,6,Wednesday,23,2,5
2024-06-06,S002,Phoenix,urban flagship,967.0,0,none,0,none,0,0,0,79.7,0.44909090909090915,3,6,Thursday,23,2,6
2024-06-07,S002,Phoenix,urban flagship,1045.0,0,none,0,none,0,0,0,80.0,0.45454545454545453,4,6,Friday,23,2,7
2024-06-08,S002,Phoenix,urban flagship,1146.0,0,none,0,none,1,0,0,80.3,0.45999999999999996,5,6,Saturday,23,2,8
2024-06-09,S002,Phoenix,urban flagship,1094.0,0,none,0,none,1,0,0,80.6,0.46545454545454534,6,6,Sunday,23,2,9
2024-06-10,S002,Phoenix,urban flagship,936.0,0,none,0,none,0,0,0,80.9,0.470909090909091,0,6,Monday,24,2,10
2024-06-11,S002,Phoenix,urban flagship,982.0,0,none,0,none,0,0,0,81.2,0.47636363636363643,1,6,Tuesday,24,2,11
2024-06-12,S002,Phoenix,urban flagship,1011.0,0,none,0,none,0,0,0,81.5,0.4818181818181818,2,6,Wednesday,24,2,12
2024-06-13,S002,Phoenix,urban flagship,1088.0,0,none,0,none,0,0,0,81.8,0.48727272727272725,3,6,Thursday,24,2,13
2024-06-14,S002,Phoenix,urban flagship,1147.0,0,none,0,none,0,1,0,82.1,0.4927272727272726,4,6,Friday,24,2,14
2024-06-15,S002,Phoenix,urban flagship,1216.0,0,none,0,none,1,1,0,82.5,0.5,5,6,Saturday,24,2,15
2024-06-16,S002,Phoenix,urban flagship,1197.0,0,none,0,none,1,1,0,82.8,0.5054545454545454,6,6,Sunday,24,2,16
2024-06-17,S002,Phoenix,urban flagship,898.0,0,none,0,none,0,0,0,83.1,0.5109090909090908,0,6,Monday,25,2,17
2024-06-18,S002,Phoenix,urban flagship,994.0,0,none,0,none,0,0,0,83.4,0.5163636363636365,1,6,Tuesday,25,2,18
2024-06-19,S002,Phoenix,urban flagship,1026.0,0,none,0,none,0,0,0,83.7,0.5218181818181818,2,6,Wednesday,25,2,19
2024-06-20,S002,Phoenix,urban flagship,1048.0,0,none,0,none,0,0,0,84.0,0.5272727272727272,3,6,Thursday,25,2,20
2024-06-21,S002,Phoenix,urban flagship,1158.0,0,none,0,none,0,0,0,84.3,0.5327272727272727,4,6,Friday,25,2,21
2024-06-22,S002,Phoenix,urban flagship,1155.0,0,none,0,none,1,0,0,84.6,0.5381818181818181,5,6,Saturday,25,2,22
2024-06-23,S002,Phoenix,urban flagship,1184.0,0,none,0,none,1,0,0,84.9,0.5436363636363637,6,6,Sunday,25,2,23
2024-06-24,S002,Phoenix,urban flagship,943.0,0,none,0,none,0,0,0,85.2,0.5490909090909092,0,6,Monday,26,2,24
2024-06-25,S002,Phoenix,urban flagship,938.0,0,none,0,none,0,0,0,85.5,0.5545454545454546,1,6,Tuesday,26,2,25
2024-06-26,S002,Phoenix,urban flagship,1025.0,0,none,0,none,0,0,0,85.9,0.5618181818181819,2,6,Wednesday,26,2,26
2024-06-27,S002,Phoenix,urban flagship,1017.0,0,none,0,none,0,0,0,86.2,0.5672727272727274,3,6,Thursday,26,2,27
2024-06-28,S002,Phoenix,urban flagship,1079.0,0,none,0,none,0,0,0,86.5,0.5727272727272728,4,6,Friday,26,2,28
2024-06-29,S002,Phoenix,urban flagship,1190.0,0,none,0,none,1,0,0,86.8,0.5781818181818181,5,6,Saturday,26,2,29
2024-06-30,S002,Phoenix,urban flagship,1134.0,0,none,0,none,1,0,0,87.1,0.5836363636363635,6,6,Sunday,26,2,30
2024-07-01,S002,Phoenix,urban flagship,988.0,0,none,0,none,0,1,0,87.4,0.5890909090909092,0,7,Monday,27,3,1
2024-07-02,S002,Phoenix,urban flagship,1075.0,0,none,0,none,0,1,0,87.7,0.5945454545454546,1,7,Tuesday,27,3,2
2024-07-03,S002,Phoenix,urban flagship,1063.0,0,none,0,none,0,0,0,88.0,0.6,2,7,Wednesday,27,3,3
2024-07-04,S002,Phoenix,urban flagship,1272.0,1,independence_day,0,none,0,0,0,88.3,0.6054545454545454,3,7,Thursday,27,3,4
2024-07-05,S002,Phoenix,urban flagship,1123.0,0,none,0,none,0,0,0,88.6,0.6109090909090908,4,7,Friday,27,3,5
2024-07-06,S002,Phoenix,urban flagship,1223.0,0,none,0,none,1,0,0,88.9,0.6163636363636364,5,7,Saturday,27,3,6
2024-07-07,S002,Phoenix,urban flagship,1052.0,0,none,0,none,1,0,0,89.2,0.6218181818181818,6,7,Sunday,27,3,7
2024-07-08,S002,Phoenix,urban flagship,941.0,0,none,0,none,0,0,0,89.5,0.6272727272727273,0,7,Monday,28,3,8
2024-07-09,S002,Phoenix,urban flagship,954.0,0,none,0,none,0,0,0,89.8,0.6327272727272727,1,7,Tuesday,28,3,9
2024-07-10,S002,Phoenix,urban flagship,1028.0,0,none,0,none,0,0,0,90.1,0.6381818181818181,2,7,Wednesday,28,3,10
2024-07-11,S002,Phoenix,urban flagship,1036.0,0,none,0,none,0,0,0,90.4,0.6436363636363638,3,7,Thursday,28,3,11
2024-07-12,S002,Phoenix,urban flagship,1101.0,0,none,0,none,0,0,0,90.7,0.6490909090909092,4,7,Friday,28,3,12
2024-07-13,S002,Phoenix,urban flagship,1242.0,0,none,0,none,1,0,0,90.9,0.6527272727272728,5,7,Saturday,28,3,13
2024-07-14,S002,Phoenix,urban flagship,1178.0,0,none,0,none,1,1,0,91.2,0.6581818181818182,6,7,Sunday,28,3,14
2024-07-15,S002,Phoenix,urban flagship,1024.0,0,none,0,none,0,1,0,91.5,0.6636363636363637,0,7,Monday,29,3,15
2024-07-16,S002,Phoenix,urban flagship,1035.0,0,none,0,none,0,1,0,91.8,0.6690909090909091,1,7,Tuesday,29,3,16
2024-07-17,S002,Phoenix,urban flagship,1027.0,0,none,0,none,0,0,0,92.1,0.6745454545454544,2,7,Wednesday,29,3,17
2024-07-18,S002,Phoenix,urban flagship,1056.0,0,none,0,none,0,0,0,92.3,0.6781818181818181,3,7,Thursday,29,3,18
2024-07-19,S002,Phoenix,urban flagship,1122.0,0,none,0,none,0,0,0,92.6,0.6836363636363635,4,7,Friday,29,3,19
2024-07-20,S002,Phoenix,urban flagship,1218.0,0,none,0,none,1,0,0,92.9,0.6890909090909092,5,7,Saturday,29,3,20
2024-07-21,S002,Phoenix,urban flagship,1173.0,0,none,0,none,1,0,0,93.2,0.6945454545454546,6,7,Sunday,29,3,21
2024-07-22,S002,Phoenix,urban flagship,964.0,0,none,0,none,0,0,0,93.4,0.6981818181818182,0,7,Monday,30,3,22
2024-07-23,S002,Phoenix,urban flagship,1004.0,0,none,0,none,0,0,0,93.7,0.7036363636363637,1,7,Tuesday,30,3,23
2024-07-24,S002,Phoenix,urban flagship,986.0,0,none,0,none,0,0,0,93.9,0.7072727272727274,2,7,Wednesday,30,3,24
2024-07-25,S002,Phoenix,urban flagship,1053.0,0,none,0,none,0,0,0,94.2,0.7127272727272728,3,7,Thursday,30,3,25
2024-07-26,S002,Phoenix,urban flagship,1140.0,0,none,0,none,0,0,0,94.4,0.7163636363636364,4,7,Friday,30,3,26
2024-07-27,S002,Phoenix,urban flagship,1209.0,0,none,0,none,1,0,0,94.7,0.7218181818181819,5,7,Saturday,30,3,27
2024-07-28,S002,Phoenix,urban flagship,1125.0,0,none,0,none,1,0,0,94.9,0.7254545454545456,6,7,Sunday,30,3,28
2024-07-29,S002,Phoenix,urban flagship,984.0,0,none,0,none,0,0,0,95.2,0.730909090909091,0,7,Monday,31,3,29
2024-07-30,S002,Phoenix,urban flagship,1002.0,0,none,0,none,0,0,0,95.4,0.7345454545454546,1,7,Tuesday,31,3,30
2024-07-31,S002,Phoenix,urban flagship,1067.0,0,none,0,none,0,0,0,95.7,0.7400000000000001,2,7,Wednesday,31,3,31
2024-08-01,S002,Phoenix,urban flagship,1130.0,0,none,0,none,0,1,0,95.9,0.7436363636363638,3,8,Thursday,31,3,1
2024-08-02,S002,Phoenix,urban flagship,1163.0,0,none,0,none,0,1,0,96.1,0.7472727272727272,4,8,Friday,31,3,2
2024-08-03,S002,Phoenix,urban flagship,1192.0,0,none,0,none,1,0,0,96.4,0.7527272727272728,5,8,Saturday,31,3,3
2024-08-04,S002,Phoenix,urban flagship,1020.0,0,none,0,none,1,0,0,96.6,0.7563636363636362,6,8,Sunday,31,3,4
2024-08-05,S002,Phoenix,urban flagship,968.0,0,none,0,none,0,0,0,96.8,0.7599999999999999,0,8,Monday,32,3,5
2024-08-06,S002,Phoenix,urban flagship,862.0,0,none,0,none,0,0,0,97.0,0.7636363636363637,1,8,Tuesday,32,3,6
2024-08-07,S002,Phoenix,urban flagship,968.0,0,none,0,none,0,0,0,97.2,0.7672727272727273,2,8,Wednesday,32,3,7
2024-08-08,S002,Phoenix,urban flagship,1073.0,0,none,0,none,0,0,0,97.4,0.770909090909091,3,8,Thursday,32,3,8
2024-08-09,S002,Phoenix,urban flagship,1125.0,0,none,0,none,0,0,0,97.6,0.7745454545454544,4,8,Friday,32,3,9
2024-08-10,S002,Phoenix,urban flagship,1142.0,0,none,0,none,1,0,0,97.8,0.7781818181818181,5,8,Saturday,32,3,10
2024-08-11,S002,Phoenix,urban flagship,1096.0,0,none,0,none,1,0,0,98.0,0.7818181818181819,6,8,Sunday,32,3,11
2024-08-12,S002,Phoenix,urban flagship,1002.0,0,none,0,none,0,0,0,98.2,0.7854545454545455,0,8,Monday,33,3,12
2024-08-13,S002,Phoenix,urban flagship,970.0,0,none,0,none,0,0,0,98.4,0.7890909090909092,1,8,Tuesday,33,3,13
2024-08-14,S002,Phoenix,urban flagship,1165.0,0,none,0,none,0,1,0,98.6,0.7927272727272726,2,8,Wednesday,33,3,14
2024-08-15,S002,Phoenix,urban flagship,1122.0,0,none,0,none,0,1,0,98.8,0.7963636363636363,3,8,Thursday,33,3,15
2024-08-16,S002,Phoenix,urban flagship,1190.0,0,none,0,none,0,1,0,99.0,0.8,4,8,Friday,33,3,16
2024-08-17,S002,Phoenix,urban flagship,1237.0,0,none,0,none,1,0,0,99.1,0.8018181818181818,5,8,Saturday,33,3,17
2024-08-18,S002,Phoenix,urban flagship,1125.0,0,none,0,none,1,0,0,99.3,0.8054545454545454,6,8,Sunday,33,3,18
2024-08-19,S002,Phoenix,urban flagship,922.0,0,none,0,none,0,0,0,99.5,0.8090909090909091,0,8,Monday,34,3,19
2024-08-20,S002,Phoenix,urban flagship,983.0,0,none,0,none,0,0,0,99.6,0.8109090909090908,1,8,Tuesday,34,3,20
2024-08-21,S002,Phoenix,urban flagship,1027.0,0,none,0,none,0,0,0,99.8,0.8145454545454545,2,8,Wednesday,34,3,21
2024-08-22,S002,Phoenix,urban flagship,1013.0,0,none,0,none,0,0,0,99.9,0.8163636363636365,3,8,Thursday,34,3,22
2024-08-23,S002,Phoenix,urban flagship,1102.0,0,none,0,none,0,0,0,100.0,0.8181818181818182,4,8,Friday,34,3,23
2024-08-24,S002,Phoenix,urban flagship,1158.0,0,none,0,none,1,0,0,100.2,0.8218181818181819,5,8,Saturday,34,3,24
2024-08-25,S002,Phoenix,urban flagship,1152.0,0,none,0,none,1,0,0,100.3,0.8236363636363636,6,8,Sunday,34,3,25
2024-08-26,S002,Phoenix,urban flagship,958.0,0,none,0,none,0,0,0,100.4,0.8254545454545456,0,8,Monday,35,3,26
2024-08-27,S002,Phoenix,urban flagship,978.0,0,none,0,none,0,0,0,100.6,0.829090909090909,1,8,Tuesday,35,3,27
2024-08-28,S002,Phoenix,urban flagship,1025.0,0,none,0,none,0,0,0,100.7,0.8309090909090909,2,8,Wednesday,35,3,28
2024-08-29,S002,Phoenix,urban flagship,1067.0,0,none,0,none,0,0,0,100.8,0.8327272727272726,3,8,Thursday,35,3,29
2024-08-30,S002,Phoenix,urban flagship,1132.0,0,none,0,none,0,0,0,100.9,0.8345454545454547,4,8,Friday,35,3,30
2024-08-31,S002,Phoenix,urban flagship,1150.0,0,none,0,none,1,0,0,101.0,0.8363636363636363,5,8,Saturday,35,3,31
2024-09-01,S002,Phoenix,urban flagship,1154.0,0,none,0,none,1,1,0,101.1,0.838181818181818,6,9,Sunday,35,3,1
2024-09-02,S002,Phoenix,urban flagship,1215.0,1,labor_day,0,none,0,1,0,101.2,0.8400000000000001,0,9,Monday,36,3,2
2024-09-03,S002,Phoenix,urban flagship,974.0,0,none,0,none,0,0,0,101.3,0.8418181818181818,1,9,Tuesday,36,3,3
2024-09-04,S002,Phoenix,urban flagship,982.0,0,none,0,none,0,0,0,101.4,0.8436363636363637,2,9,Wednesday,36,3,4
2024-09-05,S002,Phoenix,urban flagship,1076.0,0,none,0,none,0,0,0,101.5,0.8454545454545455,3,9,Thursday,36,3,5
2024-09-06,S002,Phoenix,urban flagship,1128.0,0,none,0,none,0,0,0,101.5,0.8454545454545455,4,9,Friday,36,3,6
2024-09-07,S002,Phoenix,urban flagship,1132.0,0,none,0,none,1,0,0,101.6,0.8472727272727272,5,9,Saturday,36,3,7
2024-09-08,S002,Phoenix,urban flagship,1130.0,0,none,0,none,1,0,0,101.7,0.8490909090909091,6,9,Sunday,36,3,8
2024-09-09,S002,Phoenix,urban flagship,983.0,0,none,0,none,0,0,0,101.7,0.8490909090909091,0,9,Monday,37,3,9
2024-09-10,S002,Phoenix,urban flagship,1002.0,0,none,0,none,0,0,0,101.8,0.8509090909090908,1,9,Tuesday,37,3,10
2024-09-11,S002,Phoenix,urban flagship,1052.0,0,none,0,none,0,0,0,101.8,0.8509090909090908,2,9,Wednesday,37,3,11
2024-09-12,S002,Phoenix,urban flagship,1014.0,0,none,0,none,0,0,0,101.9,0.8527272727272728,3,9,Thursday,37,3,12
2024-09-13,S002,Phoenix,urban flagship,1124.0,0,none,0,none,0,0,0,101.9,0.8527272727272728,4,9,Friday,37,3,13
2024-09-14,S002,Phoenix,urban flagship,1246.0,0,none,0,none,1,1,0,101.9,0.8527272727272728,5,9,Saturday,37,3,14
2024-09-15,S002,Phoenix,urban flagship,1174.0,0,none,0,none,1,1,0,102.0,0.8545454545454545,6,9,Sunday,37,3,15
2024-09-16,S002,Phoenix,urban flagship,1046.0,0,none,0,none,0,1,0,102.0,0.8545454545454545,0,9,Monday,38,3,16
2024-09-17,S002,Phoenix,urban flagship,1040.0,0,none,0,none,0,0,0,102.0,0.8545454545454545,1,9,Tuesday,38,3,17
2024-09-18,S002,Phoenix,urban flagship,1092.0,0,none,0,none,0,0,0,102.0,0.8545454545454545,2,9,Wednesday,38,3,18
2024-09-19,S002,Phoenix,urban flagship,1107.0,0,none,0,none,0,0,0,102.0,0.8545454545454545,3,9,Thursday,38,3,19
2024-09-20,S002,Phoenix,urban flagship,1110.0,0,none,0,none,0,0,0,102.0,0.8545454545454545,4,9,Friday,38,3,20
2024-09-21,S002,Phoenix,urban flagship,1198.0,0,none,0,none,1,0,0,102.0,0.8545454545454545,5,9,Saturday,38,3,21
2024-09-22,S002,Phoenix,urban flagship,1150.0,0,none,0,none,1,0,0,102.0,0.8545454545454545,6,9,Sunday,38,3,22
2024-09-23,S002,Phoenix,urban flagship,963.0,0,none,0,none,0,0,0,102.0,0.8545454545454545,0,9,Monday,39,3,23
2024-09-24,S002,Phoenix,urban flagship,995.0,0,none,0,none,0,0,0,101.9,0.8527272727272728,1,9,Tuesday,39,3,24
2024-09-25,S002,Phoenix,urban flagship,1060.0,0,none,0,none,0,0,0,101.9,0.8527272727272728,2,9,Wednesday,39,3,25
2024-09-26,S002,Phoenix,urban flagship,1061.0,0,none,0,none,0,0,0,101.9,0.8527272727272728,3,9,Thursday,39,3,26
2024-09-27,S002,Phoenix,urban flagship,1090.0,0,none,0,none,0,0,0,101.8,0.8509090909090908,4,9,Friday,39,3,27
2024-09-28,S002,Phoenix,urban flagship,1173.0,0,none,0,none,1,0,0,101.8,0.8509090909090908,5,9,Saturday,39,3,28
2024-09-29,S002,Phoenix,urban flagship,1146.0,0,none,0,none,1,0,0,101.8,0.8509090909090908,6,9,Sunday,39,3,29
2024-09-30,S002,Phoenix,urban flagship,960.0,0,none,0,none,0,0,0,101.7,0.8490909090909091,0,9,Monday,40,3,30
2024-10-01,S002,Phoenix,urban flagship,1062.0,0,none,0,none,0,1,0,101.6,0.8472727272727272,1,10,Tuesday,40,4,1
2024-10-02,S002,Phoenix,urban flagship,1117.0,0,none,0,none,0,1,0,101.6,0.8472727272727272,2,10,Wednesday,40,4,2
2024-10-03,S002,Phoenix,urban flagship,1051.0,0,none,0,none,0,0,0,101.5,0.8454545454545455,3,10,Thursday,40,4,3
2024-10-04,S002,Phoenix,urban flagship,1141.0,0,none,0,none,0,0,0,101.4,0.8436363636363637,4,10,Friday,40,4,4
2024-10-05,S002,Phoenix,urban flagship,1200.0,0,none,0,none,1,0,0,101.3,0.8418181818181818,5,10,Saturday,40,4,5
2024-10-06,S002,Phoenix,urban flagship,1084.0,0,none,0,none,1,0,0,101.3,0.8418181818181818,6,10,Sunday,40,4,6
2024-10-07,S002,Phoenix,urban flagship,1009.0,0,none,0,none,0,0,0,101.2,0.8400000000000001,0,10,Monday,41,4,7
2024-10-08,S002,Phoenix,urban flagship,975.0,0,none,0,none,0,0,0,101.1,0.838181818181818,1,10,Tuesday,41,4,8
2024-10-09,S002,Phoenix,urban flagship,977.0,0,none,0,none,0,0,0,101.0,0.8363636363636363,2,10,Wednesday,41,4,9
2024-10-10,S002,Phoenix,urban flagship,1029.0,0,none,0,none,0,0,0,100.9,0.8345454545454547,3,10,Thursday,41,4,10
2024-10-11,S002,Phoenix,urban flagship,1081.0,0,none,0,none,0,0,0,100.8,0.8327272727272726,4,10,Friday,41,4,11
2024-10-12,S002,Phoenix,urban flagship,1392.0,0,none,1,state_fair,1,0,0,100.6,0.829090909090909,5,10,Saturday,41,4,12
2024-10-13,S002,Phoenix,urban flagship,1117.0,0,none,0,none,1,0,0,100.5,0.8272727272727273,6,10,Sunday,41,4,13
2024-10-14,S002,Phoenix,urban flagship,1007.0,0,none,0,none,0,1,0,100.4,0.8254545454545456,0,10,Monday,42,4,14
2024-10-15,S002,Phoenix,urban flagship,1073.0,0,none,0,none,0,1,0,100.3,0.8236363636363636,1,10,Tuesday,42,4,15
2024-10-16,S002,Phoenix,urban flagship,1107.0,0,none,0,none,0,1,0,100.1,0.82,2,10,Wednesday,42,4,16
2024-10-17,S002,Phoenix,urban flagship,1076.0,0,none,0,none,0,0,0,100.0,0.8181818181818182,3,10,Thursday,42,4,17
2024-10-18,S002,Phoenix,urban flagship,1130.0,0,none,0,none,0,0,0,99.9,0.8163636363636365,4,10,Friday,42,4,18
2024-10-19,S002,Phoenix,urban flagship,1412.0,0,none,1,state_fair,1,0,0,99.7,0.8127272727272727,5,10,Saturday,42,4,19
2024-10-20,S002,Phoenix,urban flagship,1056.0,0,none,0,none,1,0,0,99.5,0.8090909090909091,6,10,Sunday,42,4,20
2024-10-21,S002,Phoenix,urban flagship,949.0,0,none,0,none,0,0,0,99.4,0.8072727272727274,0,10,Monday,43,4,21
2024-10-22,S002,Phoenix,urban flagship,919.0,0,none,0,none,0,0,0,99.2,0.8036363636363637,1,10,Tuesday,43,4,22
2024-10-23,S002,Phoenix,urban flagship,1036.0,0,none,0,none,0,0,0,99.1,0.8018181818181818,2,10,Wednesday,43,4,23
2024-10-24,S002,Phoenix,urban flagship,1065.0,0,none,0,none,0,0,0,98.9,0.7981818181818183,3,10,Thursday,43,4,24
2024-10-25,S002,Phoenix,urban flagship,1153.0,0,none,0,none,0,0,0,98.7,0.7945454545454546,4,10,Friday,43,4,25
2024-10-26,S002,Phoenix,urban flagship,1230.0,0,none,0,none,1,0,0,98.5,0.7909090909090909,5,10,Saturday,43,4,26
2024-10-27,S002,Phoenix,urban flagship,1135.0,0,none,0,none,1,0,0,98.3,0.7872727272727272,6,10,Sunday,43,4,27
2024-10-28,S002,Phoenix,urban flagship,945.0,0,none,0,none,0,0,0,98.2,0.7854545454545455,0,10,Monday,44,4,28
2024-10-29,S002,Phoenix,urban flagship,1010.0,0,none,0,none,0,0,0,98.0,0.7818181818181819,1,10,Tuesday,44,4,29
2024-10-30,S002,Phoenix,urban flagship,1017.0,0,none,0,none,0,0,0,97.8,0.7781818181818181,2,10,Wednesday,44,4,30
2024-10-31,S002,Phoenix,urban flagship,1237.0,1,halloween,0,none,0,0,0,97.6,0.7745454545454544,3,10,Thursday,44,4,31
2024-11-01,S002,Phoenix,urban flagship,1361.0,0,none,1,downtown_concert_series,0,1,0,97.4,0.770909090909091,4,11,Friday,44,4,1
2024-11-02,S002,Phoenix,urban flagship,1243.0,0,none,0,none,1,1,0,97.2,0.7672727272727273,5,11,Saturday,44,4,2
2024-11-03,S002,Phoenix,urban flagship,1156.0,0,none,0,none,1,0,0,96.9,0.761818181818182,6,11,Sunday,44,4,3
2024-11-04,S002,Phoenix,urban flagship,986.0,0,none,0,none,0,0,0,96.7,0.7581818181818182,0,11,Monday,45,4,4
2024-11-05,S002,Phoenix,urban flagship,962.0,0,none,0,none,0,0,0,96.5,0.7545454545454545,1,11,Tuesday,45,4,5
2024-11-06,S002,Phoenix,urban flagship,1069.0,0,none,0,none,0,0,0,96.3,0.7509090909090909,2,11,Wednesday,45,4,6
2024-11-07,S002,Phoenix,urban flagship,1091.0,0,none,0,none,0,0,0,96.0,0.7454545454545455,3,11,Thursday,45,4,7
2024-11-08,S002,Phoenix,urban flagship,1122.0,0,none,0,none,0,0,0,95.8,0.7418181818181818,4,11,Friday,45,4,8
2024-11-09,S002,Phoenix,urban flagship,1166.0,0,none,0,none,1,0,0,95.6,0.738181818181818,5,11,Saturday,45,4,9
2024-11-10,S002,Phoenix,urban flagship,1100.0,0,none,0,none,1,0,0,95.3,0.7327272727272727,6,11,Sunday,45,4,10
2024-11-11,S002,Phoenix,urban flagship,945.0,0,none,0,none,0,0,0,95.1,0.729090909090909,0,11,Monday,46,4,11
2024-11-12,S002,Phoenix,urban flagship,1013.0,0,none,0,none,0,0,0,94.9,0.7254545454545456,1,11,Tuesday,46,4,12
2024-11-13,S002,Phoenix,urban flagship,1004.0,0,none,0,none,0,0,0,94.6,0.7199999999999999,2,11,Wednesday,46,4,13
2024-11-14,S002,Phoenix,urban flagship,1146.0,0,none,0,none,0,1,0,94.4,0.7163636363636364,3,11,Thursday,46,4,14
2024-11-15,S002,Phoenix,urban flagship,1145.0,0,none,0,none,0,1,0,94.1,0.7109090909090908,4,11,Friday,46,4,15
2024-11-16,S002,Phoenix,urban flagship,1257.0,0,none,0,none,1,1,0,93.8,0.7054545454545454,5,11,Saturday,46,4,16
2024-11-17,S002,Phoenix,urban flagship,1134.0,0,none,0,none,1,0,0,93.6,0.7018181818181817,6,11,Sunday,46,4,17
2024-11-18,S002,Phoenix,urban flagship,1047.0,0,none,0,none,0,0,0,93.3,0.6963636363636363,0,11,Monday,47,4,18
2024-11-19,S002,Phoenix,urban flagship,949.0,0,none,0,none,0,0,0,93.1,0.6927272727272726,1,11,Tuesday,47,4,19
2024-11-20,S002,Phoenix,urban flagship,1087.0,0,none,0,none,0,0,0,92.8,0.6872727272727273,2,11,Wednesday,47,4,20
2024-11-21,S002,Phoenix,urban flagship,1073.0,0,none,0,none,0,0,0,92.5,0.6818181818181818,3,11,Thursday,47,4,21
2024-11-22,S002,Phoenix,urban flagship,1134.0,0,none,0,none,0,0,0,92.2,0.6763636363636364,4,11,Friday,47,4,22
2024-11-23,S002,Phoenix,urban flagship,1197.0,0,none,0,none,1,0,0,92.0,0.6727272727272727,5,11,Saturday,47,4,23
2024-11-24,S002,Phoenix,urban flagship,1146.0,0,none,0,none,1,0,0,91.7,0.6672727272727274,6,11,Sunday,47,4,24
2024-11-25,S002,Phoenix,urban flagship,960.0,0,none,0,none,0,0,0,91.4,0.661818181818182,0,11,Monday,48,4,25
2024-11-26,S002,Phoenix,urban flagship,1045.0,0,none,0,none,0,0,0,91.1,0.6563636363636363,1,11,Tuesday,48,4,26
2024-11-27,S002,Phoenix,urban flagship,1022.0,0,none,0,none,0,0,0,90.8,0.6509090909090909,2,11,Wednesday,48,4,27
2024-11-28,S002,Phoenix,urban flagship,1278.0,1,thanksgiving,0,none,0,0,0,90.5,0.6454545454545455,3,11,Thursday,48,4,28
2024-11-29,S002,Phoenix,urban flagship,1279.0,1,black_friday,0,none,0,0,0,90.3,0.6418181818181817,4,11,Friday,48,4,29
2024-11-30,S002,Phoenix,urban flagship,1192.0,0,none,0,none,1,0,0,90.0,0.6363636363636364,5,11,Saturday,48,4,30
2024-12-01,S002,Phoenix,urban flagship,1163.0,0,none,0,none,1,1,0,89.7,0.630909090909091,6,12,Sunday,48,4,1
2024-12-02,S002,Phoenix,urban flagship,1039.0,0,none,0,none,0,1,0,89.4,0.6254545454545456,0,12,Monday,49,4,2
2024-12-03,S002,Phoenix,urban flagship,1046.0,0,none,0,none,0,0,0,89.1,0.6199999999999999,1,12,Tuesday,49,4,3
2024-12-04,S002,Phoenix,urban flagship,1036.0,0,none,0,none,0,0,0,88.8,0.6145454545454545,2,12,Wednesday,49,4,4
2024-12-05,S002,Phoenix,urban flagship,1063.0,0,none,0,none,0,0,0,88.5,0.6090909090909091,3,12,Thursday,49,4,5
2024-12-06,S002,Phoenix,urban flagship,1084.0,0,none,0,none,0,0,0,88.2,0.6036363636363636,4,12,Friday,49,4,6
2024-12-07,S002,Phoenix,urban flagship,1306.0,0,none,1,holiday_market,1,0,0,87.9,0.5981818181818183,5,12,Saturday,49,4,7
2024-12-08,S002,Phoenix,urban flagship,1078.0,0,none,0,none,1,0,0,87.6,0.5927272727272727,6,12,Sunday,49,4,8
2024-12-09,S002,Phoenix,urban flagship,935.0,0,none,0,none,0,0,0,87.3,0.5872727272727272,0,12,Monday,50,4,9
2024-12-10,S002,Phoenix,urban flagship,1005.0,0,none,0,none,0,0,0,87.0,0.5818181818181818,1,12,Tuesday,50,4,10
2024-12-11,S002,Phoenix,urban flagship,1084.0,0,none,0,none,0,0,0,86.7,0.5763636363636364,2,12,Wednesday,50,4,11
2024-12-12,S002,Phoenix,urban flagship,1166.0,0,none,0,none,0,0,0,86.4,0.570909090909091,3,12,Thursday,50,4,12
2024-12-13,S002,Phoenix,urban flagship,1103.0,0,none,0,none,0,0,0,86.0,0.5636363636363636,4,12,Friday,50,4,13
2024-12-14,S002,Phoenix,urban flagship,1316.0,0,none,0,none,1,1,0,85.7,0.5581818181818182,5,12,Saturday,50,4,14
2024-12-15,S002,Phoenix,urban flagship,1209.0,0,none,0,none,1,1,0,85.4,0.5527272727272728,6,12,Sunday,50,4,15
2024-12-16,S002,Phoenix,urban flagship,1020.0,0,none,0,none,0,1,0,85.1,0.5472727272727271,0,12,Monday,51,4,16
2024-12-17,S002,Phoenix,urban flagship,1013.0,0,none,0,none,0,0,0,84.8,0.5418181818181818,1,12,Tuesday,51,4,17
2024-12-18,S002,Phoenix,urban flagship,1042.0,0,none,0,none,0,0,0,84.5,0.5363636363636364,2,12,Wednesday,51,4,18
2024-12-19,S002,Phoenix,urban flagship,1075.0,0,none,0,none,0,0,0,84.2,0.530909090909091,3,12,Thursday,51,4,19
2024-12-20,S002,Phoenix,urban flagship,1109.0,0,none,0,none,0,0,0,83.9,0.5254545454545455,4,12,Friday,51,4,20
2024-12-21,S002,Phoenix,urban flagship,1149.0,0,none,0,none,1,0,0,83.6,0.5199999999999999,5,12,Saturday,51,4,21
2024-12-22,S002,Phoenix,urban flagship,1082.0,0,none,0,none,1,0,0,83.3,0.5145454545454545,6,12,Sunday,51,4,22
2024-12-23,S002,Phoenix,urban flagship,990.0,0,none,0,none,0,0,0,83.0,0.509090909090909,0,12,Monday,52,4,23
2024-12-24,S002,Phoenix,urban flagship,1149.0,1,christmas_eve,0,none,0,0,0,82.6,0.5018181818181817,1,12,Tuesday,52,4,24
2024-12-25,S002,Phoenix,urban flagship,771.0,1,christmas_day,0,none,0,0,0,82.3,0.4963636363636363,2,12,Wednesday,52,4,25
2024-12-26,S002,Phoenix,urban flagship,1072.0,0,none,0,none,0,0,0,82.0,0.4909090909090909,3,12,Thursday,52,4,26
2024-12-27,S002,Phoenix,urban flagship,1151.0,0,none,0,none,0,0,0,81.7,0.4854545454545455,4,12,Friday,52,4,27
2024-12-28,S002,Phoenix,urban flagship,1203.0,0,none,0,none,1,0,0,81.4,0.4800000000000001,5,12,Saturday,52,4,28
2024-12-29,S002,Phoenix,urban flagship,1112.0,0,none,0,none,1,0,0,81.1,0.47454545454545444,6,12,Sunday,52,4,29
2024-12-30,S002,Phoenix,urban flagship,1010.0,0,none,0,none,0,0,0,80.8,0.46909090909090906,0,12,Monday,1,4,30
2024-12-31,S002,Phoenix,urban flagship,1213.0,1,new_years_eve,0,none,0,0,0,80.5,0.4636363636363636,1,12,Tuesday,1,4,31
2025-01-01,S002,Phoenix,urban flagship,988.0,1,new_years_day,0,none,0,1,0,80.4,0.4618181818181819,2,1,Wednesday,1,1,1
2025-01-02,S002,Phoenix,urban flagship,1170.0,0,none,0,none,0,1,0,80.1,0.45636363636363625,3,1,Thursday,1,1,2
2025-01-03,S002,Phoenix,urban flagship,1167.0,0,none,0,none,0,0,0,79.8,0.45090909090909087,4,1,Friday,1,1,3
2025-01-04,S002,Phoenix,urban flagship,1236.0,0,none,0,none,1,0,0,79.5,0.44545454545454544,5,1,Saturday,1,1,4
2025-01-05,S002,Phoenix,urban flagship,1156.0,0,none,0,none,1,0,0,79.2,0.44000000000000006,6,1,Sunday,1,1,5
2025-01-06,S002,Phoenix,urban flagship,989.0,0,none,0,none,0,0,0,78.9,0.4345454545454546,0,1,Monday,2,1,6
2025-01-07,S002,Phoenix,urban flagship,1018.0,0,none,0,none,0,0,0,78.6,0.42909090909090897,1,1,Tuesday,2,1,7
2025-01-08,S002,Phoenix,urban flagship,1005.0,0,none,0,none,0,0,0,78.3,0.4236363636363636,2,1,Wednesday,2,1,8
2025-01-09,S002,Phoenix,urban flagship,1097.0,0,none,0,none,0,0,0,78.0,0.41818181818181815,3,1,Thursday,2,1,9
2025-01-10,S002,Phoenix,urban flagship,1079.0,0,none,0,none,0,0,0,77.7,0.4127272727272728,4,1,Friday,2,1,10
2025-01-11,S002,Phoenix,urban flagship,1172.0,0,none,0,none,1,0,0,77.5,0.4090909090909091,5,1,Saturday,2,1,11
2025-01-12,S002,Phoenix,urban flagship,1180.0,0,none,0,none,1,0,0,77.2,0.4036363636363637,6,1,Sunday,2,1,12
2025-01-13,S002,Phoenix,urban flagship,998.0,0,none,0,none,0,0,0,76.9,0.3981818181818183,0,1,Monday,3,1,13
2025-01-14,S002,Phoenix,urban flagship,1111.0,0,none,0,none,0,1,0,76.6,0.39272727272727265,1,1,Tuesday,3,1,14
2025-01-15,S002,Phoenix,urban flagship,1096.0,0,none,0,none,0,1,0,76.3,0.3872727272727272,2,1,Wednesday,3,1,15
2025-01-16,S002,Phoenix,urban flagship,1099.0,0,none,0,none,0,1,0,76.0,0.38181818181818183,3,1,Thursday,3,1,16
2025-01-17,S002,Phoenix,urban flagship,1118.0,0,none,0,none,0,0,0,75.8,0.3781818181818181,4,1,Friday,3,1,17
2025-01-18,S002,Phoenix,urban flagship,1203.0,0,none,0,none,1,0,0,75.5,0.37272727272727274,5,1,Saturday,3,1,18
2025-01-19,S002,Phoenix,urban flagship,1140.0,0,none,0,none,1,0,0,75.2,0.3672727272727273,6,1,Sunday,3,1,19
2025-01-20,S002,Phoenix,urban flagship,1008.0,0,none,0,none,0,0,0,74.9,0.3618181818181819,0,1,Monday,4,1,20
2025-01-21,S002,Phoenix,urban flagship,989.0,0,none,0,none,0,0,0,74.7,0.3581818181818182,1,1,Tuesday,4,1,21
2025-01-22,S002,Phoenix,urban flagship,1055.0,0,none,0,none,0,0,0,74.4,0.35272727272727283,2,1,Wednesday,4,1,22
2025-01-23,S002,Phoenix,urban flagship,1041.0,0,none,0,none,0,0,0,74.2,0.3490909090909091,3,1,Thursday,4,1,23
2025-01-24,S002,Phoenix,urban flagship,1142.0,0,none,0,none,0,0,0,73.9,0.34363636363636374,4,1,Friday,4,1,24
2025-01-25,S002,Phoenix,urban flagship,1200.0,0,none,0,none,1,0,0,73.6,0.3381818181818181,5,1,Saturday,4,1,25
2025-01-26,S002,Phoenix,urban flagship,1112.0,0,none,0,none,1,0,0,73.4,0.33454545454545465,6,1,Sunday,4,1,26
2025-01-27,S002,Phoenix,urban flagship,963.0,0,none,0,none,0,0,0,73.1,0.329090909090909,0,1,Monday,5,1,27
2025-01-28,S002,Phoenix,urban flagship,996.0,0,none,0,none,0,0,0,72.9,0.32545454545454555,1,1,Tuesday,5,1,28
2025-01-29,S002,Phoenix,urban flagship,1035.0,0,none,0,none,0,0,0,72.7,0.3218181818181819,2,1,Wednesday,5,1,29
2025-01-30,S002,Phoenix,urban flagship,1135.0,0,none,0,none,0,0,0,72.4,0.31636363636363646,3,1,Thursday,5,1,30
2025-01-31,S002,Phoenix,urban flagship,1124.0,0,none,0,none,0,0,0,72.2,0.3127272727272728,4,1,Friday,5,1,31
2025-02-01,S002,Phoenix,urban flagship,1265.0,0,none,0,none,1,1,0,72.0,0.3090909090909091,5,2,Saturday,5,1,1
2025-02-02,S002,Phoenix,urban flagship,1136.0,0,none,0,none,1,1,0,71.7,0.3036363636363637,6,2,Sunday,5,1,2
2025-02-03,S002,Phoenix,urban flagship,941.0,0,none,0,none,0,0,0,71.5,0.3,0,2,Monday,6,1,3
2025-02-04,S002,Phoenix,urban flagship,994.0,0,none,0,none,0,0,0,71.3,0.29636363636363633,1,2,Tuesday,6,1,4
2025-02-05,S002,Phoenix,urban flagship,1021.0,0,none,0,none,0,0,0,71.1,0.2927272727272726,2,2,Wednesday,6,1,5
2025-02-06,S002,Phoenix,urban flagship,1123.0,0,none,0,none,0,0,0,70.8,0.28727272727272724,3,2,Thursday,6,1,6
2025-02-07,S002,Phoenix,urban flagship,1123.0,0,none,0,none,0,0,0,70.6,0.2836363636363635,4,2,Friday,6,1,7
2025-02-08,S002,Phoenix,urban flagship,1245.0,0,none,0,none,1,0,0,70.4,0.2800000000000001,5,2,Saturday,6,1,8
2025-02-09,S002,Phoenix,urban flagship,1535.0,1,super_bowl,1,sports_game,1,0,0,70.2,0.2763636363636364,6,2,Sunday,6,1,9
2025-02-10,S002,Phoenix,urban flagship,973.0,0,none,0,none,0,0,0,70.0,0.2727272727272727,0,2,Monday,7,1,10
2025-02-11,S002,Phoenix,urban flagship,1000.0,0,none,0,none,0,0,0,69.8,0.26909090909090905,1,2,Tuesday,7,1,11
2025-02-12,S002,Phoenix,urban flagship,1045.0,0,none,0,none,0,0,0,69.7,0.26727272727272733,2,2,Wednesday,7,1,12
2025-02-13,S002,Phoenix,urban flagship,1135.0,0,none,0,none,0,0,0,69.5,0.2636363636363636,3,2,Thursday,7,1,13
2025-02-14,S002,Phoenix,urban flagship,1118.0,0,none,0,none,0,1,0,69.3,0.25999999999999995,4,2,Friday,7,1,14
2025-02-15,S002,Phoenix,urban flagship,1207.0,0,none,0,none,1,1,0,69.1,0.25636363636363624,5,2,Saturday,7,1,15
2025-02-16,S002,Phoenix,urban flagship,1190.0,0,none,0,none,1,1,0,68.9,0.25272727272727286,6,2,Sunday,7,1,16
2025-02-17,S002,Phoenix,urban flagship,973.0,0,none,0,none,0,0,0,68.8,0.25090909090909086,0,2,Monday,8,1,17
2025-02-18,S002,Phoenix,urban flagship,1027.0,0,none,0,none,0,0,0,68.6,0.24727272727272717,1,2,Tuesday,8,1,18
2025-02-19,S002,Phoenix,urban flagship,1062.0,0,none,0,none,0,0,0,68.5,0.24545454545454545,2,2,Wednesday,8,1,19
2025-02-20,S002,Phoenix,urban flagship,1064.0,0,none,0,none,0,0,0,68.3,0.24181818181818177,3,2,Thursday,8,1,20
2025-02-21,S002,Phoenix,urban flagship,1164.0,0,none,0,none,0,0,0,68.1,0.23818181818181808,4,2,Friday,8,1,21
2025-02-22,S002,Phoenix,urban flagship,1238.0,0,none,0,none,1,0,0,68.0,0.23636363636363636,5,2,Saturday,8,1,22
2025-02-23,S002,Phoenix,urban flagship,1147.0,0,none,0,none,1,0,0,67.9,0.23454545454545464,6,2,Sunday,8,1,23
2025-02-24,S002,Phoenix,urban flagship,1006.0,0,none,0,none,0,0,0,67.7,0.23090909090909095,0,2,Monday,9,1,24
2025-02-25,S002,Phoenix,urban flagship,1014.0,0,none,0,none,0,0,0,67.6,0.22909090909090898,1,2,Tuesday,9,1,25
2025-02-26,S002,Phoenix,urban flagship,1028.0,0,none,0,none,0,0,0,67.5,0.22727272727272727,2,2,Wednesday,9,1,26
2025-02-27,S002,Phoenix,urban flagship,1102.0,0,none,0,none,0,0,0,67.4,0.22545454545454555,3,2,Thursday,9,1,27
2025-02-28,S002,Phoenix,urban flagship,1134.0,0,none,0,none,0,0,0,67.2,0.22181818181818186,4,2,Friday,9,1,28
2025-03-01,S002,Phoenix,urban flagship,1276.0,0,none,0,none,1,1,0,67.1,0.2199999999999999,5,3,Saturday,9,1,1
2025-03-02,S002,Phoenix,urban flagship,1260.0,0,none,0,none,1,1,0,67.0,0.21818181818181817,6,3,Sunday,9,1,2
2025-03-03,S002,Phoenix,urban flagship,891.0,0,none,0,none,0,0,0,66.9,0.21636363636363648,0,3,Monday,10,1,3
2025-03-04,S002,Phoenix,urban flagship,957.0,0,none,0,none,0,0,0,66.8,0.21454545454545448,1,3,Tuesday,10,1,4
2025-03-05,S002,Phoenix,urban flagship,1007.0,0,none,0,none,0,0,0,66.7,0.2127272727272728,2,3,Wednesday,10,1,5
2025-03-06,S002,Phoenix,urban flagship,1067.0,0,none,0,none,0,0,0,66.7,0.2127272727272728,3,3,Thursday,10,1,6
2025-03-07,S002,Phoenix,urban flagship,1123.0,0,none,0,none,0,0,0,66.6,0.2109090909090908,4,3,Friday,10,1,7
2025-03-08,S002,Phoenix,urban flagship,1154.0,0,none,0,none,1,0,0,66.5,0.20909090909090908,5,3,Saturday,10,1,8
2025-03-09,S002,Phoenix,urban flagship,1109.0,0,none,0,none,1,0,0,66.4,0.2072727272727274,6,3,Sunday,10,1,9
2025-03-10,S002,Phoenix,urban flagship,945.0,0,none,0,none,0,0,0,66.4,0.2072727272727274,0,3,Monday,11,1,10
2025-03-11,S002,Phoenix,urban flagship,1089.0,0,none,0,none,0,0,0,66.3,0.2054545454545454,1,3,Tuesday,11,1,11
2025-03-12,S002,Phoenix,urban flagship,1109.0,0,none,0,none,0,0,0,66.2,0.2036363636363637,2,3,Wednesday,11,1,12
2025-03-13,S002,Phoenix,urban flagship,1066.0,0,none,0,none,0,0,0,66.2,0.2036363636363637,3,3,Thursday,11,1,13
2025-03-14,S002,Phoenix,urban flagship,1188.0,0,none,0,none,0,1,0,66.2,0.2036363636363637,4,3,Friday,11,1,14
2025-03-15,S002,Phoenix,urban flagship,1239.0,0,none,0,none,1,1,0,66.1,0.2018181818181817,5,3,Saturday,11,1,15
2025-03-16,S002,Phoenix,urban flagship,1147.0,0,none,0,none,1,1,0,66.1,0.2018181818181817,6,3,Sunday,11,1,16
2025-03-17,S002,Phoenix,urban flagship,971.0,0,none,0,none,0,0,0,66.1,0.2018181818181817,0,3,Monday,12,1,17
2025-03-18,S002,Phoenix,urban flagship,973.0,0,none,0,none,0,0,0,66.0,0.2,1,3,Tuesday,12,1,18
2025-03-19,S002,Phoenix,urban flagship,1046.0,0,none,0,none,0,0,0,66.0,0.2,2,3,Wednesday,12,1,19
2025-03-20,S002,Phoenix,urban flagship,1026.0,0,none,0,none,0,0,0,66.0,0.2,3,3,Thursday,12,1,20
2025-03-21,S002,Phoenix,urban flagship,1107.0,0,none,0,none,0,0,0,66.0,0.2,4,3,Friday,12,1,21
2025-03-22,S002,Phoenix,urban flagship,1211.0,0,none,0,none,1,0,0,66.0,0.2,5,3,Saturday,12,1,22
2025-03-23,S002,Phoenix,urban flagship,1156.0,0,none,0,none,1,0,0,66.0,0.2,6,3,Sunday,12,1,23
2025-03-24,S002,Phoenix,urban flagship,990.0,0,none,0,none,0,0,0,66.0,0.2,0,3,Monday,13,1,24
2025-03-25,S002,Phoenix,urban flagship,963.0,0,none,0,none,0,0,0,66.0,0.2,1,3,Tuesday,13,1,25
2025-03-26,S002,Phoenix,urban flagship,1078.0,0,none,0,none,0,0,0,66.0,0.2,2,3,Wednesday,13,1,26
2025-03-27,S002,Phoenix,urban flagship,1054.0,0,none,0,none,0,0,0,66.1,0.2018181818181817,3,3,Thursday,13,1,27
2025-03-28,S002,Phoenix,urban flagship,1155.0,0,none,0,none,0,0,0,66.1,0.2018181818181817,4,3,Friday,13,1,28
2025-03-29,S002,Phoenix,urban flagship,1207.0,0,none,0,none,1,0,0,66.1,0.2018181818181817,5,3,Saturday,13,1,29
2025-03-30,S002,Phoenix,urban flagship,1098.0,0,none,0,none,1,0,0,66.2,0.2036363636363637,6,3,Sunday,13,1,30
2025-03-31,S002,Phoenix,urban flagship,966.0,0,none,0,none,0,0,0,66.2,0.2036363636363637,0,3,Monday,14,1,31
2025-04-01,S002,Phoenix,urban flagship,1081.0,0,none,0,none,0,1,0,66.3,0.2054545454545454,1,4,Tuesday,14,2,1
2025-04-02,S002,Phoenix,urban flagship,1134.0,0,none,0,none,0,1,0,66.3,0.2054545454545454,2,4,Wednesday,14,2,2
2025-04-03,S002,Phoenix,urban flagship,1077.0,0,none,0,none,0,0,0,66.4,0.2072727272727274,3,4,Thursday,14,2,3
2025-04-04,S002,Phoenix,urban flagship,1186.0,0,none,0,none,0,0,0,66.5,0.20909090909090908,4,4,Friday,14,2,4
2025-04-05,S002,Phoenix,urban flagship,1242.0,0,none,0,none,1,0,0,66.5,0.20909090909090908,5,4,Saturday,14,2,5
2025-04-06,S002,Phoenix,urban flagship,1136.0,0,none,0,none,1,0,0,66.6,0.2109090909090908,6,4,Sunday,14,2,6
2025-04-07,S002,Phoenix,urban flagship,1002.0,0,none,0,none,0,0,0,66.7,0.2127272727272728,0,4,Monday,15,2,7
2025-04-08,S002,Phoenix,urban flagship,1074.0,0,none,0,none,0,0,0,66.8,0.21454545454545448,1,4,Tuesday,15,2,8
2025-04-09,S002,Phoenix,urban flagship,1117.0,0,none,0,none,0,0,0,66.9,0.21636363636363648,2,4,Wednesday,15,2,9
2025-04-10,S002,Phoenix,urban flagship,1041.0,0,none,0,none,0,0,0,67.0,0.21818181818181817,3,4,Thursday,15,2,10
2025-04-11,S002,Phoenix,urban flagship,1104.0,0,none,0,none,0,0,0,67.1,0.2199999999999999,4,4,Friday,15,2,11
2025-04-12,S002,Phoenix,urban flagship,1259.0,0,none,0,none,1,0,0,67.2,0.22181818181818186,5,4,Saturday,15,2,12
2025-04-13,S002,Phoenix,urban flagship,1110.0,0,none,0,none,1,0,0,67.3,0.22363636363636358,6,4,Sunday,15,2,13
2025-04-14,S002,Phoenix,urban flagship,992.0,0,none,0,none,0,1,0,67.4,0.22545454545454555,0,4,Monday,16,2,14
2025-04-15,S002,Phoenix,urban flagship,1053.0,0,none,0,none,0,1,0,67.6,0.22909090909090898,1,4,Tuesday,16,2,15
2025-04-16,S002,Phoenix,urban flagship,1129.0,0,none,0,none,0,1,0,67.7,0.23090909090909095,2,4,Wednesday,16,2,16
2025-04-17,S002,Phoenix,urban flagship,1080.0,0,none,0,none,0,0,0,67.8,0.23272727272727267,3,4,Thursday,16,2,17
2025-04-18,S002,Phoenix,urban flagship,1114.0,0,none,0,none,0,0,0,68.0,0.23636363636363636,4,4,Friday,16,2,18
2025-04-19,S002,Phoenix,urban flagship,1187.0,0,none,0,none,1,0,0,68.1,0.23818181818181808,5,4,Saturday,16,2,19
2025-04-20,S002,Phoenix,urban flagship,1122.0,0,none,0,none,1,0,0,68.2,0.24000000000000005,6,4,Sunday,16,2,20
2025-04-21,S002,Phoenix,urban flagship,949.0,0,none,0,none,0,0,0,68.4,0.24363636363636373,0,4,Monday,17,2,21
2025-04-22,S002,Phoenix,urban flagship,1087.0,0,none,0,none,0,0,0,68.5,0.24545454545454545,1,4,Tuesday,17,2,22
2025-04-23,S002,Phoenix,urban flagship,1062.0,0,none,0,none,0,0,0,68.7,0.24909090909090914,2,4,Wednesday,17,2,23
2025-04-24,S002,Phoenix,urban flagship,1114.0,0,none,0,none,0,0,0,68.9,0.25272727272727286,3,4,Thursday,17,2,24
2025-04-25,S002,Phoenix,urban flagship,1120.0,0,none,0,none,0,0,0,69.0,0.2545454545454545,4,4,Friday,17,2,25
2025-04-26,S002,Phoenix,urban flagship,1204.0,0,none,0,none,1,0,0,69.2,0.25818181818181823,5,4,Saturday,17,2,26
2025-04-27,S002,Phoenix,urban flagship,1123.0,0,none,0,none,1,0,0,69.4,0.2618181818181819,6,4,Sunday,17,2,27
2025-04-28,S002,Phoenix,urban flagship,889.0,0,none,0,none,0,0,0,69.6,0.26545454545454533,0,4,Monday,18,2,28
2025-04-29,S002,Phoenix,urban flagship,964.0,0,none,0,none,0,0,0,69.8,0.26909090909090905,1,4,Tuesday,18,2,29
2025-04-30,S002,Phoenix,urban flagship,991.0,0,none,0,none,0,0,0,70.0,0.2727272727272727,2,4,Wednesday,18,2,30
2025-05-01,S002,Phoenix,urban flagship,1073.0,0,none,0,none,0,1,0,70.2,0.2763636363636364,3,5,Thursday,18,2,1
2025-05-02,S002,Phoenix,urban flagship,1165.0,0,none,0,none,0,1,0,70.4,0.2800000000000001,4,5,Friday,18,2,2
2025-05-03,S002,Phoenix,urban flagship,1256.0,0,none,0,none,1,0,0,70.6,0.2836363636363635,5,5,Saturday,18,2,3
2025-05-04,S002,Phoenix,urban flagship,1147.0,0,none,0,none,1,0,0,70.8,0.28727272727272724,6,5,Sunday,18,2,4
2025-05-05,S002,Phoenix,urban flagship,1023.0,0,none,0,none,0,0,0,71.0,0.2909090909090909,0,5,Monday,19,2,5
2025-05-06,S002,Phoenix,urban flagship,1025.0,0,none,0,none,0,0,0,71.2,0.2945454545454546,1,5,Tuesday,19,2,6
2025-05-07,S002,Phoenix,urban flagship,1080.0,0,none,0,none,0,0,0,71.4,0.29818181818181827,2,5,Wednesday,19,2,7
2025-05-08,S002,Phoenix,urban flagship,1055.0,0,none,0,none,0,0,0,71.6,0.3018181818181817,3,5,Thursday,19,2,8
2025-05-09,S002,Phoenix,urban flagship,1156.0,0,none,0,none,0,0,0,71.9,0.30727272727272736,4,5,Friday,19,2,9
2025-05-10,S002,Phoenix,urban flagship,1237.0,0,none,0,none,1,0,0,72.1,0.3109090909090908,5,5,Saturday,19,2,10
2025-05-11,S002,Phoenix,urban flagship,1129.0,0,none,0,none,1,0,0,72.3,0.3145454545454545,6,5,Sunday,19,2,11
2025-05-12,S002,Phoenix,urban flagship,999.0,0,none,0,none,0,0,0,72.6,0.3199999999999999,0,5,Monday,20,2,12
2025-05-13,S002,Phoenix,urban flagship,1031.0,0,none,0,none,0,0,0,72.8,0.3236363636363636,1,5,Tuesday,20,2,13
2025-05-14,S002,Phoenix,urban flagship,1099.0,0,none,0,none,0,1,0,73.1,0.329090909090909,2,5,Wednesday,20,2,14
2025-05-15,S002,Phoenix,urban flagship,1113.0,0,none,0,none,0,1,0,73.3,0.33272727272727265,3,5,Thursday,20,2,15
2025-05-16,S002,Phoenix,urban flagship,1167.0,0,none,0,none,0,1,0,73.6,0.3381818181818181,4,5,Friday,20,2,16
2025-05-17,S002,Phoenix,urban flagship,1216.0,0,none,0,none,1,0,0,73.8,0.34181818181818174,5,5,Saturday,20,2,17
2025-05-18,S002,Phoenix,urban flagship,1161.0,0,none,0,none,1,0,0,74.1,0.3472727272727272,6,5,Sunday,20,2,18
2025-05-19,S002,Phoenix,urban flagship,954.0,0,none,0,none,0,0,0,74.3,0.35090909090909084,0,5,Monday,21,2,19
2025-05-20,S002,Phoenix,urban flagship,1014.0,0,none,0,none,0,0,0,74.6,0.35636363636363627,1,5,Tuesday,21,2,20
2025-05-21,S002,Phoenix,urban flagship,1074.0,0,none,0,none,0,0,0,74.8,0.35999999999999993,2,5,Wednesday,21,2,21
2025-05-22,S002,Phoenix,urban flagship,1108.0,0,none,0,none,0,0,0,75.1,0.36545454545454537,3,5,Thursday,21,2,22
2025-05-23,S002,Phoenix,urban flagship,1192.0,0,none,0,none,0,0,0,75.4,0.370909090909091,4,5,Friday,21,2,23
2025-05-24,S002,Phoenix,urban flagship,1257.0,0,none,0,none,1,0,0,75.7,0.3763636363636364,5,5,Saturday,21,2,24
2025-05-25,S002,Phoenix,urban flagship,1116.0,0,none,0,none,1,0,0,75.9,0.3800000000000001,6,5,Sunday,21,2,25
2025-05-26,S002,Phoenix,urban flagship,1196.0,1,memorial_day,0,none,0,0,0,76.2,0.3854545454545455,0,5,Monday,22,2,26
2025-05-27,S002,Phoenix,urban flagship,995.0,0,none,0,none,0,0,0,76.5,0.39090909090909093,1,5,Tuesday,22,2,27
2025-05-28,S002,Phoenix,urban flagship,1091.0,0,none,0,none,0,0,0,76.8,0.3963636363636363,2,5,Wednesday,22,2,28
2025-05-29,S002,Phoenix,urban flagship,1090.0,0,none,0,none,0,0,0,77.1,0.40181818181818174,3,5,Thursday,22,2,29
2025-05-30,S002,Phoenix,urban flagship,1126.0,0,none,0,none,0,0,0,77.3,0.4054545454545454,4,5,Friday,22,2,30
2025-05-31,S002,Phoenix,urban flagship,1153.0,0,none,0,none,1,0,0,77.6,0.4109090909090908,5,5,Saturday,22,2,31
2025-06-01,S002,Phoenix,urban flagship,1214.0,0,none,0,none,1,1,0,77.9,0.4163636363636365,6,6,Sunday,22,2,1
2025-06-02,S002,Phoenix,urban flagship,988.0,0,none,0,none,0,1,0,78.2,0.42181818181818187,0,6,Monday,23,2,2
2025-06-03,S002,Phoenix,urban flagship,1047.0,0,none,0,none,0,0,0,78.5,0.42727272727272725,1,6,Tuesday,23,2,3
2025-06-04,S002,Phoenix,urban flagship,1108.0,0,none,0,none,0,0,0,78.8,0.4327272727272727,2,6,Wednesday,23,2,4
2025-06-05,S002,Phoenix,urban flagship,1061.0,0,none,0,none,0,0,0,79.1,0.43818181818181806,3,6,Thursday,23,2,5
2025-06-06,S002,Phoenix,urban flagship,1151.0,0,none,0,none,0,0,0,79.4,0.4436363636363637,4,6,Friday,23,2,6
2025-06-07,S002,Phoenix,urban flagship,1190.0,0,none,0,none,1,0,0,79.7,0.44909090909090915,5,6,Saturday,23,2,7
2025-06-08,S002,Phoenix,urban flagship,1130.0,0,none,0,none,1,0,0,80.0,0.45454545454545453,6,6,Sunday,23,2,8
2025-06-09,S002,Phoenix,urban flagship,1009.0,0,none,0,none,0,0,0,80.3,0.45999999999999996,0,6,Monday,24,2,9
2025-06-10,S002,Phoenix,urban flagship,1013.0,0,none,0,none,0,0,0,80.6,0.46545454545454534,1,6,Tuesday,24,2,10
2025-06-11,S002,Phoenix,urban flagship,1116.0,0,none,0,none,0,0,0,80.9,0.470909090909091,2,6,Wednesday,24,2,11
2025-06-12,S002,Phoenix,urban flagship,1072.0,0,none,0,none,0,0,0,81.2,0.47636363636363643,3,6,Thursday,24,2,12
2025-06-13,S002,Phoenix,urban flagship,1176.0,0,none,0,none,0,0,0,81.5,0.4818181818181818,4,6,Friday,24,2,13
2025-06-14,S002,Phoenix,urban flagship,1292.0,0,none,0,none,1,1,0,81.8,0.48727272727272725,5,6,Saturday,24,2,14
2025-06-15,S002,Phoenix,urban flagship,1249.0,0,none,0,none,1,1,0,82.1,0.4927272727272726,6,6,Sunday,24,2,15
2025-06-16,S002,Phoenix,urban flagship,1027.0,0,none,0,none,0,1,0,82.5,0.5,0,6,Monday,25,2,16
2025-06-17,S002,Phoenix,urban flagship,1014.0,0,none,0,none,0,0,0,82.8,0.5054545454545454,1,6,Tuesday,25,2,17
2025-06-18,S002,Phoenix,urban flagship,1054.0,0,none,0,none,0,0,0,83.1,0.5109090909090908,2,6,Wednesday,25,2,18
2025-06-19,S002,Phoenix,urban flagship,1061.0,0,none,0,none,0,0,0,83.4,0.5163636363636365,3,6,Thursday,25,2,19
2025-06-20,S002,Phoenix,urban flagship,1165.0,0,none,0,none,0,0,0,83.7,0.5218181818181818,4,6,Friday,25,2,20
2025-06-21,S002,Phoenix,urban flagship,1239.0,0,none,0,none,1,0,0,84.0,0.5272727272727272,5,6,Saturday,25,2,21
2025-06-22,S002,Phoenix,urban flagship,1173.0,0,none,0,none,1,0,0,84.3,0.5327272727272727,6,6,Sunday,25,2,22
2025-06-23,S002,Phoenix,urban flagship,1036.0,0,none,0,none,0,0,0,84.6,0.5381818181818181,0,6,Monday,26,2,23
2025-06-24,S002,Phoenix,urban flagship,1065.0,0,none,0,none,0,0,0,84.9,0.5436363636363637,1,6,Tuesday,26,2,24
2025-06-25,S002,Phoenix,urban flagship,1046.0,0,none,0,none,0,0,0,85.2,0.5490909090909092,2,6,Wednesday,26,2,25
2025-06-26,S002,Phoenix,urban flagship,1103.0,0,none,0,none,0,0,0,85.5,0.5545454545454546,3,6,Thursday,26,2,26
2025-06-27,S002,Phoenix,urban flagship,1122.0,0,none,0,none,0,0,0,85.9,0.5618181818181819,4,6,Friday,26,2,27
2025-06-28,S002,Phoenix,urban flagship,1218.0,0,none,0,none,1,0,0,86.2,0.5672727272727274,5,6,Saturday,26,2,28
2025-06-29,S002,Phoenix,urban flagship,1134.0,0,none,0,none,1,0,0,86.5,0.5727272727272728,6,6,Sunday,26,2,29
2025-06-30,S002,Phoenix,urban flagship,1040.0,0,none,0,none,0,0,0,86.8,0.5781818181818181,0,6,Monday,27,2,30
2025-07-01,S002,Phoenix,urban flagship,1090.0,0,none,0,none,0,1,0,87.1,0.5836363636363635,1,7,Tuesday,27,3,1
2025-07-02,S002,Phoenix,urban flagship,1115.0,0,none,0,none,0,1,0,87.4,0.5890909090909092,2,7,Wednesday,27,3,2
2025-07-03,S002,Phoenix,urban flagship,1131.0,0,none,0,none,0,0,0,87.7,0.5945454545454546,3,7,Thursday,27,3,3
2025-07-04,S002,Phoenix,urban flagship,1253.0,1,independence_day,0,none,0,0,0,88.0,0.6,4,7,Friday,27,3,4
2025-07-05,S002,Phoenix,urban flagship,1150.0,0,none,0,none,1,0,0,88.3,0.6054545454545454,5,7,Saturday,27,3,5
2025-07-06,S002,Phoenix,urban flagship,1182.0,0,none,0,none,1,0,0,88.6,0.6109090909090908,6,7,Sunday,27,3,6
2025-07-07,S002,Phoenix,urban flagship,987.0,0,none,0,none,0,0,0,88.9,0.6163636363636364,0,7,Monday,28,3,7
2025-07-08,S002,Phoenix,urban flagship,1026.0,0,none,0,none,0,0,0,89.2,0.6218181818181818,1,7,Tuesday,28,3,8
2025-07-09,S002,Phoenix,urban flagship,1015.0,0,none,0,none,0,0,0,89.5,0.6272727272727273,2,7,Wednesday,28,3,9
2025-07-10,S002,Phoenix,urban flagship,1091.0,0,none,0,none,0,0,0,89.8,0.6327272727272727,3,7,Thursday,28,3,10
2025-07-11,S002,Phoenix,urban flagship,1213.0,0,none,0,none,0,0,0,90.1,0.6381818181818181,4,7,Friday,28,3,11
2025-07-12,S002,Phoenix,urban flagship,1247.0,0,none,0,none,1,0,0,90.4,0.6436363636363638,5,7,Saturday,28,3,12
2025-07-13,S002,Phoenix,urban flagship,1161.0,0,none,0,none,1,0,0,90.7,0.6490909090909092,6,7,Sunday,28,3,13
2025-07-14,S002,Phoenix,urban flagship,1030.0,0,none,0,none,0,1,0,90.9,0.6527272727272728,0,7,Monday,29,3,14
2025-07-15,S002,Phoenix,urban flagship,1066.0,0,none,0,none,0,1,0,91.2,0.6581818181818182,1,7,Tuesday,29,3,15
2025-07-16,S002,Phoenix,urban flagship,1052.0,0,none,0,none,0,1,0,91.5,0.6636363636363637,2,7,Wednesday,29,3,16
2025-07-17,S002,Phoenix,urban flagship,1101.0,0,none,0,none,0,0,0,91.8,0.6690909090909091,3,7,Thursday,29,3,17
2025-07-18,S002,Phoenix,urban flagship,1174.0,0,none,0,none,0,0,0,92.1,0.6745454545454544,4,7,Friday,29,3,18
2025-07-19,S002,Phoenix,urban flagship,1166.0,0,none,0,none,1,0,0,92.3,0.6781818181818181,5,7,Saturday,29,3,19
2025-07-20,S002,Phoenix,urban flagship,1134.0,0,none,0,none,1,0,0,92.6,0.6836363636363635,6,7,Sunday,29,3,20
2025-07-21,S002,Phoenix,urban flagship,947.0,0,none,0,none,0,0,0,92.9,0.6890909090909092,0,7,Monday,30,3,21
2025-07-22,S002,Phoenix,urban flagship,986.0,0,none,0,none,0,0,0,93.2,0.6945454545454546,1,7,Tuesday,30,3,22
2025-07-23,S002,Phoenix,urban flagship,1063.0,0,none,0,none,0,0,0,93.4,0.6981818181818182,2,7,Wednesday,30,3,23
2025-07-24,S002,Phoenix,urban flagship,1022.0,0,none,0,none,0,0,0,93.7,0.7036363636363637,3,7,Thursday,30,3,24
2025-07-25,S002,Phoenix,urban flagship,1167.0,0,none,0,none,0,0,0,93.9,0.7072727272727274,4,7,Friday,30,3,25
2025-07-26,S002,Phoenix,urban flagship,1246.0,0,none,0,none,1,0,0,94.2,0.7127272727272728,5,7,Saturday,30,3,26
2025-07-27,S002,Phoenix,urban flagship,1148.0,0,none,0,none,1,0,0,94.4,0.7163636363636364,6,7,Sunday,30,3,27
2025-07-28,S002,Phoenix,urban flagship,903.0,0,none,0,none,0,0,0,94.7,0.7218181818181819,0,7,Monday,31,3,28
2025-07-29,S002,Phoenix,urban flagship,985.0,0,none,0,none,0,0,0,94.9,0.7254545454545456,1,7,Tuesday,31,3,29
2025-07-30,S002,Phoenix,urban flagship,1104.0,0,none,0,none,0,0,0,95.2,0.730909090909091,2,7,Wednesday,31,3,30
2025-07-31,S002,Phoenix,urban flagship,1000.0,0,none,0,none,0,0,0,95.4,0.7345454545454546,3,7,Thursday,31,3,31
2025-08-01,S002,Phoenix,urban flagship,1204.0,0,none,0,none,0,1,0,95.7,0.7400000000000001,4,8,Friday,31,3,1
2025-08-02,S002,Phoenix,urban flagship,1255.0,0,none,0,none,1,1,0,95.9,0.7436363636363638,5,8,Saturday,31,3,2
2025-08-03,S002,Phoenix,urban flagship,1185.0,0,none,0,none,1,0,0,96.1,0.7472727272727272,6,8,Sunday,31,3,3
2025-08-04,S002,Phoenix,urban flagship,965.0,0,none,0,none,0,0,0,96.4,0.7527272727272728,0,8,Monday,32,3,4
2025-08-05,S002,Phoenix,urban flagship,1034.0,0,none,0,none,0,0,0,96.6,0.7563636363636362,1,8,Tuesday,32,3,5
2025-08-06,S002,Phoenix,urban flagship,1082.0,0,none,0,none,0,0,0,96.8,0.7599999999999999,2,8,Wednesday,32,3,6
2025-08-07,S002,Phoenix,urban flagship,1157.0,0,none,0,none,0,0,0,97.0,0.7636363636363637,3,8,Thursday,32,3,7
2025-08-08,S002,Phoenix,urban flagship,1141.0,0,none,0,none,0,0,0,97.2,0.7672727272727273,4,8,Friday,32,3,8
2025-08-09,S002,Phoenix,urban flagship,1235.0,0,none,0,none,1,0,0,97.4,0.770909090909091,5,8,Saturday,32,3,9
2025-08-10,S002,Phoenix,urban flagship,1108.0,0,none,0,none,1,0,0,97.6,0.7745454545454544,6,8,Sunday,32,3,10
2025-08-11,S002,Phoenix,urban flagship,1029.0,0,none,0,none,0,0,0,97.8,0.7781818181818181,0,8,Monday,33,3,11
2025-08-12,S002,Phoenix,urban flagship,995.0,0,none,0,none,0,0,0,98.0,0.7818181818181819,1,8,Tuesday,33,3,12
2025-08-13,S002,Phoenix,urban flagship,1044.0,0,none,0,none,0,0,0,98.2,0.7854545454545455,2,8,Wednesday,33,3,13
2025-08-14,S002,Phoenix,urban flagship,1160.0,0,none,0,none,0,1,0,98.4,0.7890909090909092,3,8,Thursday,33,3,14
2025-08-15,S002,Phoenix,urban flagship,1164.0,0,none,0,none,0,1,0,98.6,0.7927272727272726,4,8,Friday,33,3,15
2025-08-16,S002,Phoenix,urban flagship,1304.0,0,none,0,none,1,1,0,98.8,0.7963636363636363,5,8,Saturday,33,3,16
2025-08-17,S002,Phoenix,urban flagship,1192.0,0,none,0,none,1,0,0,99.0,0.8,6,8,Sunday,33,3,17
2025-08-18,S002,Phoenix,urban flagship,999.0,0,none,0,none,0,0,0,99.1,0.8018181818181818,0,8,Monday,34,3,18
2025-08-19,S002,Phoenix,urban flagship,967.0,0,none,0,none,0,0,0,99.3,0.8054545454545454,1,8,Tuesday,34,3,19
2025-08-20,S002,Phoenix,urban flagship,1060.0,0,none,0,none,0,0,0,99.5,0.8090909090909091,2,8,Wednesday,34,3,20
2025-08-21,S002,Phoenix,urban flagship,1121.0,0,none,0,none,0,0,0,99.6,0.8109090909090908,3,8,Thursday,34,3,21
2025-08-22,S002,Phoenix,urban flagship,1085.0,0,none,0,none,0,0,0,99.8,0.8145454545454545,4,8,Friday,34,3,22
2025-08-23,S002,Phoenix,urban flagship,1187.0,0,none,0,none,1,0,0,99.9,0.8163636363636365,5,8,Saturday,34,3,23
2025-08-24,S002,Phoenix,urban flagship,1190.0,0,none,0,none,1,0,0,100.0,0.8181818181818182,6,8,Sunday,34,3,24
2025-08-25,S002,Phoenix,urban flagship,999.0,0,none,0,none,0,0,0,100.2,0.8218181818181819,0,8,Monday,35,3,25
2025-08-26,S002,Phoenix,urban flagship,1036.0,0,none,0,none,0,0,0,100.3,0.8236363636363636,1,8,Tuesday,35,3,26
2025-08-27,S002,Phoenix,urban flagship,1128.0,0,none,0,none,0,0,0,100.4,0.8254545454545456,2,8,Wednesday,35,3,27
2025-08-28,S002,Phoenix,urban flagship,1112.0,0,none,0,none,0,0,0,100.6,0.829090909090909,3,8,Thursday,35,3,28
2025-08-29,S002,Phoenix,urban flagship,1172.0,0,none,0,none,0,0,0,100.7,0.8309090909090909,4,8,Friday,35,3,29
2025-08-30,S002,Phoenix,urban flagship,1316.0,0,none,0,none,1,0,0,100.8,0.8327272727272726,5,8,Saturday,35,3,30
2025-08-31,S002,Phoenix,urban flagship,1153.0,0,none,0,none,1,0,0,100.9,0.8345454545454547,6,8,Sunday,35,3,31
2025-09-01,S002,Phoenix,urban flagship,1191.0,1,labor_day,0,none,0,1,0,101.0,0.8363636363636363,0,9,Monday,36,3,1
2025-09-02,S002,Phoenix,urban flagship,1098.0,0,none,0,none,0,1,0,101.1,0.838181818181818,1,9,Tuesday,36,3,2
2025-09-03,S002,Phoenix,urban flagship,1080.0,0,none,0,none,0,0,0,101.2,0.8400000000000001,2,9,Wednesday,36,3,3
2025-09-04,S002,Phoenix,urban flagship,1079.0,0,none,0,none,0,0,0,101.3,0.8418181818181818,3,9,Thursday,36,3,4
2025-09-05,S002,Phoenix,urban flagship,1116.0,0,none,0,none,0,0,0,101.4,0.8436363636363637,4,9,Friday,36,3,5
2025-09-06,S002,Phoenix,urban flagship,1304.0,0,none,0,none,1,0,0,101.5,0.8454545454545455,5,9,Saturday,36,3,6
2025-09-07,S002,Phoenix,urban flagship,1173.0,0,none,0,none,1,0,0,101.5,0.8454545454545455,6,9,Sunday,36,3,7
2025-09-08,S002,Phoenix,urban flagship,966.0,0,none,0,none,0,0,0,101.6,0.8472727272727272,0,9,Monday,37,3,8
2025-09-09,S002,Phoenix,urban flagship,1054.0,0,none,0,none,0,0,0,101.7,0.8490909090909091,1,9,Tuesday,37,3,9
2025-09-10,S002,Phoenix,urban flagship,1062.0,0,none,0,none,0,0,0,101.7,0.8490909090909091,2,9,Wednesday,37,3,10
2025-09-11,S002,Phoenix,urban flagship,1089.0,0,none,0,none,0,0,0,101.8,0.8509090909090908,3,9,Thursday,37,3,11
2025-09-12,S002,Phoenix,urban flagship,1170.0,0,none,0,none,0,0,0,101.8,0.8509090909090908,4,9,Friday,37,3,12
2025-09-13,S002,Phoenix,urban flagship,1182.0,0,none,0,none,1,0,0,101.9,0.8527272727272728,5,9,Saturday,37,3,13
2025-09-14,S002,Phoenix,urban flagship,1244.0,0,none,0,none,1,1,0,101.9,0.8527272727272728,6,9,Sunday,37,3,14
2025-09-15,S002,Phoenix,urban flagship,1116.0,0,none,0,none,0,1,0,101.9,0.8527272727272728,0,9,Monday,38,3,15
2025-09-16,S002,Phoenix,urban flagship,1101.0,0,none,0,none,0,1,0,102.0,0.8545454545454545,1,9,Tuesday,38,3,16
2025-09-17,S002,Phoenix,urban flagship,1054.0,0,none,0,none,0,0,0,102.0,0.8545454545454545,2,9,Wednesday,38,3,17
2025-09-18,S002,Phoenix,urban flagship,1081.0,0,none,0,none,0,0,0,102.0,0.8545454545454545,3,9,Thursday,38,3,18
2025-09-19,S002,Phoenix,urban flagship,1138.0,0,none,0,none,0,0,0,102.0,0.8545454545454545,4,9,Friday,38,3,19
2025-09-20,S002,Phoenix,urban flagship,1218.0,0,none,0,none,1,0,0,102.0,0.8545454545454545,5,9,Saturday,38,3,20
2025-09-21,S002,Phoenix,urban flagship,1150.0,0,none,0,none,1,0,0,102.0,0.8545454545454545,6,9,Sunday,38,3,21
2025-09-22,S002,Phoenix,urban flagship,1023.0,0,none,0,none,0,0,0,102.0,0.8545454545454545,0,9,Monday,39,3,22
2025-09-23,S002,Phoenix,urban flagship,966.0,0,none,0,none,0,0,0,102.0,0.8545454545454545,1,9,Tuesday,39,3,23
2025-09-24,S002,Phoenix,urban flagship,1096.0,0,none,0,none,0,0,0,102.0,0.8545454545454545,2,9,Wednesday,39,3,24
2025-09-25,S002,Phoenix,urban flagship,1086.0,0,none,0,none,0,0,0,101.9,0.8527272727272728,3,9,Thursday,39,3,25
2025-09-26,S002,Phoenix,urban flagship,1166.0,0,none,0,none,0,0,0,101.9,0.8527272727272728,4,9,Friday,39,3,26
2025-09-27,S002,Phoenix,urban flagship,1189.0,0,none,0,none,1,0,0,101.9,0.8527272727272728,5,9,Saturday,39,3,27
2025-09-28,S002,Phoenix,urban flagship,1209.0,0,none,0,none,1,0,0,101.8,0.8509090909090908,6,9,Sunday,39,3,28
2025-09-29,S002,Phoenix,urban flagship,1035.0,0,none,0,none,0,0,0,101.8,0.8509090909090908,0,9,Monday,40,3,29
2025-09-30,S002,Phoenix,urban flagship,1058.0,0,none,0,none,0,0,0,101.8,0.8509090909090908,1,9,Tuesday,40,3,30
2025-10-01,S002,Phoenix,urban flagship,1081.0,0,none,0,none,0,1,0,101.7,0.8490909090909091,2,10,Wednesday,40,4,1
2025-10-02,S002,Phoenix,urban flagship,1194.0,0,none,0,none,0,1,0,101.6,0.8472727272727272,3,10,Thursday,40,4,2
2025-10-03,S002,Phoenix,urban flagship,1167.0,0,none,0,none,0,0,0,101.6,0.8472727272727272,4,10,Friday,40,4,3
2025-10-04,S002,Phoenix,urban flagship,1174.0,0,none,0,none,1,0,0,101.5,0.8454545454545455,5,10,Saturday,40,4,4
2025-10-05,S002,Phoenix,urban flagship,1164.0,0,none,0,none,1,0,0,101.4,0.8436363636363637,6,10,Sunday,40,4,5
2025-10-06,S002,Phoenix,urban flagship,1006.0,0,none,0,none,0,0,0,101.3,0.8418181818181818,0,10,Monday,41,4,6
2025-10-07,S002,Phoenix,urban flagship,1045.0,0,none,0,none,0,0,0,101.3,0.8418181818181818,1,10,Tuesday,41,4,7
2025-10-08,S002,Phoenix,urban flagship,1075.0,0,none,0,none,0,0,0,101.2,0.8400000000000001,2,10,Wednesday,41,4,8
2025-10-09,S002,Phoenix,urban flagship,1111.0,0,none,0,none,0,0,0,101.1,0.838181818181818,3,10,Thursday,41,4,9
2025-10-10,S002,Phoenix,urban flagship,1204.0,0,none,0,none,0,0,0,101.0,0.8363636363636363,4,10,Friday,41,4,10
2025-10-11,S002,Phoenix,urban flagship,1480.0,0,none,1,state_fair,1,0,0,100.9,0.8345454545454547,5,10,Saturday,41,4,11
2025-10-12,S002,Phoenix,urban flagship,1068.0,0,none,0,none,1,0,0,100.8,0.8327272727272726,6,10,Sunday,41,4,12
2025-10-13,S002,Phoenix,urban flagship,984.0,0,none,0,none,0,0,0,100.6,0.829090909090909,0,10,Monday,42,4,13
2025-10-14,S002,Phoenix,urban flagship,1082.0,0,none,0,none,0,1,0,100.5,0.8272727272727273,1,10,Tuesday,42,4,14
2025-10-15,S002,Phoenix,urban flagship,1074.0,0,none,0,none,0,1,0,100.4,0.8254545454545456,2,10,Wednesday,42,4,15
2025-10-16,S002,Phoenix,urban flagship,1171.0,0,none,0,none,0,1,0,100.3,0.8236363636363636,3,10,Thursday,42,4,16
2025-10-17,S002,Phoenix,urban flagship,1197.0,0,none,0,none,0,0,0,100.1,0.82,4,10,Friday,42,4,17
2025-10-18,S002,Phoenix,urban flagship,1402.0,0,none,1,state_fair,1,0,0,100.0,0.8181818181818182,5,10,Saturday,42,4,18
2025-10-19,S002,Phoenix,urban flagship,1177.0,0,none,0,none,1,0,0,99.9,0.8163636363636365,6,10,Sunday,42,4,19
2025-10-20,S002,Phoenix,urban flagship,964.0,0,none,0,none,0,0,0,99.7,0.8127272727272727,0,10,Monday,43,4,20
2025-10-21,S002,Phoenix,urban flagship,1004.0,0,none,0,none,0,0,0,99.5,0.8090909090909091,1,10,Tuesday,43,4,21
2025-10-22,S002,Phoenix,urban flagship,1120.0,0,none,0,none,0,0,0,99.4,0.8072727272727274,2,10,Wednesday,43,4,22
2025-10-23,S002,Phoenix,urban flagship,1084.0,0,none,0,none,0,0,0,99.2,0.8036363636363637,3,10,Thursday,43,4,23
2025-10-24,S002,Phoenix,urban flagship,1171.0,0,none,0,none,0,0,0,99.1,0.8018181818181818,4,10,Friday,43,4,24
2025-10-25,S002,Phoenix,urban flagship,1167.0,0,none,0,none,1,0,0,98.9,0.7981818181818183,5,10,Saturday,43,4,25
2025-10-26,S002,Phoenix,urban flagship,1230.0,0,none,0,none,1,0,0,98.7,0.7945454545454546,6,10,Sunday,43,4,26
2025-10-27,S002,Phoenix,urban flagship,1016.0,0,none,0,none,0,0,0,98.5,0.7909090909090909,0,10,Monday,44,4,27
2025-10-28,S002,Phoenix,urban flagship,1022.0,0,none,0,none,0,0,0,98.3,0.7872727272727272,1,10,Tuesday,44,4,28
2025-10-29,S002,Phoenix,urban flagship,1090.0,0,none,0,none,0,0,0,98.2,0.7854545454545455,2,10,Wednesday,44,4,29
2025-10-30,S002,Phoenix,urban flagship,1055.0,0,none,0,none,0,0,0,98.0,0.7818181818181819,3,10,Thursday,44,4,30
2025-10-31,S002,Phoenix,urban flagship,1382.0,1,halloween,0,none,0,0,0,97.8,0.7781818181818181,4,10,Friday,44,4,31
2025-11-01,S002,Phoenix,urban flagship,1295.0,0,none,0,none,1,1,0,97.6,0.7745454545454544,5,11,Saturday,44,4,1
2025-11-02,S002,Phoenix,urban flagship,1231.0,0,none,0,none,1,1,0,97.4,0.770909090909091,6,11,Sunday,44,4,2
2025-11-03,S002,Phoenix,urban flagship,980.0,0,none,0,none,0,0,0,97.2,0.7672727272727273,0,11,Monday,45,4,3
2025-11-04,S002,Phoenix,urban flagship,1009.0,0,none,0,none,0,0,0,96.9,0.761818181818182,1,11,Tuesday,45,4,4
2025-11-05,S002,Phoenix,urban flagship,1095.0,0,none,0,none,0,0,0,96.7,0.7581818181818182,2,11,Wednesday,45,4,5
2025-11-06,S002,Phoenix,urban flagship,1112.0,0,none,0,none,0,0,0,96.5,0.7545454545454545,3,11,Thursday,45,4,6
2025-11-07,S002,Phoenix,urban flagship,1318.0,0,none,1,downtown_concert_series,0,0,0,96.3,0.7509090909090909,4,11,Friday,45,4,7
2025-11-08,S002,Phoenix,urban flagship,1232.0,0,none,0,none,1,0,0,96.0,0.7454545454545455,5,11,Saturday,45,4,8
2025-11-09,S002,Phoenix,urban flagship,1186.0,0,none,0,none,1,0,0,95.8,0.7418181818181818,6,11,Sunday,45,4,9
2025-11-10,S002,Phoenix,urban flagship,983.0,0,none,0,none,0,0,0,95.6,0.738181818181818,0,11,Monday,46,4,10
2025-11-11,S002,Phoenix,urban flagship,1105.0,0,none,0,none,0,0,0,95.3,0.7327272727272727,1,11,Tuesday,46,4,11
2025-11-12,S002,Phoenix,urban flagship,1019.0,0,none,0,none,0,0,0,95.1,0.729090909090909,2,11,Wednesday,46,4,12
2025-11-13,S002,Phoenix,urban flagship,1147.0,0,none,0,none,0,0,0,94.9,0.7254545454545456,3,11,Thursday,46,4,13
2025-11-14,S002,Phoenix,urban flagship,1274.0,0,none,0,none,0,1,0,94.6,0.7199999999999999,4,11,Friday,46,4,14
2025-11-15,S002,Phoenix,urban flagship,1278.0,0,none,0,none,1,1,0,94.4,0.7163636363636364,5,11,Saturday,46,4,15
2025-11-16,S002,Phoenix,urban flagship,1315.0,0,none,0,none,1,1,0,94.1,0.7109090909090908,6,11,Sunday,46,4,16
2025-11-17,S002,Phoenix,urban flagship,1031.0,0,none,0,none,0,0,0,93.8,0.7054545454545454,0,11,Monday,47,4,17
2025-11-18,S002,Phoenix,urban flagship,1063.0,0,none,0,none,0,0,0,93.6,0.7018181818181817,1,11,Tuesday,47,4,18
2025-11-19,S002,Phoenix,urban flagship,1074.0,0,none,0,none,0,0,0,93.3,0.6963636363636363,2,11,Wednesday,47,4,19
2025-11-20,S002,Phoenix,urban flagship,1098.0,0,none,0,none,0,0,0,93.1,0.6927272727272726,3,11,Thursday,47,4,20
2025-11-21,S002,Phoenix,urban flagship,1152.0,0,none,0,none,0,0,0,92.8,0.6872727272727273,4,11,Friday,47,4,21
2025-11-22,S002,Phoenix,urban flagship,1247.0,0,none,0,none,1,0,0,92.5,0.6818181818181818,5,11,Saturday,47,4,22
2025-11-23,S002,Phoenix,urban flagship,1217.0,0,none,0,none,1,0,0,92.2,0.6763636363636364,6,11,Sunday,47,4,23
2025-11-24,S002,Phoenix,urban flagship,1004.0,0,none,0,none,0,0,0,92.0,0.6727272727272727,0,11,Monday,48,4,24
2025-11-25,S002,Phoenix,urban flagship,999.0,0,none,0,none,0,0,0,91.7,0.6672727272727274,1,11,Tuesday,48,4,25
2025-11-26,S002,Phoenix,urban flagship,1101.0,0,none,0,none,0,0,0,91.4,0.661818181818182,2,11,Wednesday,48,4,26
2025-11-27,S002,Phoenix,urban flagship,1314.0,1,thanksgiving,0,none,0,0,0,91.1,0.6563636363636363,3,11,Thursday,48,4,27
2025-11-28,S002,Phoenix,urban flagship,1367.0,1,black_friday,0,none,0,0,0,90.8,0.6509090909090909,4,11,Friday,48,4,28
2025-11-29,S002,Phoenix,urban flagship,1260.0,0,none,0,none,1,0,0,90.5,0.6454545454545455,5,11,Saturday,48,4,29
2025-11-30,S002,Phoenix,urban flagship,1161.0,0,none,0,none,1,0,0,90.3,0.6418181818181817,6,11,Sunday,48,4,30
2025-12-01,S002,Phoenix,urban flagship,1027.0,0,none,0,none,0,1,0,90.0,0.6363636363636364,0,12,Monday,49,4,1
2025-12-02,S002,Phoenix,urban flagship,1063.0,0,none,0,none,0,1,0,89.7,0.630909090909091,1,12,Tuesday,49,4,2
2025-12-03,S002,Phoenix,urban flagship,1019.0,0,none,0,none,0,0,0,89.4,0.6254545454545456,2,12,Wednesday,49,4,3
2025-12-04,S002,Phoenix,urban flagship,1114.0,0,none,0,none,0,0,0,89.1,0.6199999999999999,3,12,Thursday,49,4,4
2025-12-05,S002,Phoenix,urban flagship,1157.0,0,none,0,none,0,0,0,88.8,0.6145454545454545,4,12,Friday,49,4,5
2025-12-06,S002,Phoenix,urban flagship,1344.0,0,none,1,holiday_market,1,0,0,88.5,0.6090909090909091,5,12,Saturday,49,4,6
2025-12-07,S002,Phoenix,urban flagship,1071.0,0,none,0,none,1,0,0,88.2,0.6036363636363636,6,12,Sunday,49,4,7
2025-12-08,S002,Phoenix,urban flagship,957.0,0,none,0,none,0,0,0,87.9,0.5981818181818183,0,12,Monday,50,4,8
2025-12-09,S002,Phoenix,urban flagship,1070.0,0,none,0,none,0,0,0,87.6,0.5927272727272727,1,12,Tuesday,50,4,9
2025-12-10,S002,Phoenix,urban flagship,1052.0,0,none,0,none,0,0,0,87.3,0.5872727272727272,2,12,Wednesday,50,4,10
2025-12-11,S002,Phoenix,urban flagship,1119.0,0,none,0,none,0,0,0,87.0,0.5818181818181818,3,12,Thursday,50,4,11
2025-12-12,S002,Phoenix,urban flagship,1114.0,0,none,0,none,0,0,0,86.7,0.5763636363636364,4,12,Friday,50,4,12
2025-12-13,S002,Phoenix,urban flagship,1285.0,0,none,0,none,1,0,0,86.4,0.570909090909091,5,12,Saturday,50,4,13
2025-12-14,S002,Phoenix,urban flagship,1237.0,0,none,0,none,1,1,0,86.0,0.5636363636363636,6,12,Sunday,50,4,14
2025-12-15,S002,Phoenix,urban flagship,1070.0,0,none,0,none,0,1,0,85.7,0.5581818181818182,0,12,Monday,51,4,15
2025-12-16,S002,Phoenix,urban flagship,1173.0,0,none,0,none,0,1,0,85.4,0.5527272727272728,1,12,Tuesday,51,4,16
2025-12-17,S002,Phoenix,urban flagship,1127.0,0,none,0,none,0,0,0,85.1,0.5472727272727271,2,12,Wednesday,51,4,17
2025-12-18,S002,Phoenix,urban flagship,1097.0,0,none,0,none,0,0,0,84.8,0.5418181818181818,3,12,Thursday,51,4,18
2025-12-19,S002,Phoenix,urban flagship,1142.0,0,none,0,none,0,0,0,84.5,0.5363636363636364,4,12,Friday,51,4,19
2025-12-20,S002,Phoenix,urban flagship,1226.0,0,none,0,none,1,0,0,84.2,0.530909090909091,5,12,Saturday,51,4,20
2025-12-21,S002,Phoenix,urban flagship,1190.0,0,none,0,none,1,0,0,83.9,0.5254545454545455,6,12,Sunday,51,4,21
2025-12-22,S002,Phoenix,urban flagship,997.0,0,none,0,none,0,0,0,83.6,0.5199999999999999,0,12,Monday,52,4,22
2025-12-23,S002,Phoenix,urban flagship,1020.0,0,none,0,none,0,0,0,83.3,0.5145454545454545,1,12,Tuesday,52,4,23
2025-12-24,S002,Phoenix,urban flagship,1298.0,1,christmas_eve,0,none,0,0,0,83.0,0.509090909090909,2,12,Wednesday,52,4,24
2025-12-25,S002,Phoenix,urban flagship,839.0,1,christmas_day,0,none,0,0,0,82.6,0.5018181818181817,3,12,Thursday,52,4,25
2025-12-26,S002,Phoenix,urban flagship,1240.0,0,none,0,none,0,0,0,82.3,0.4963636363636363,4,12,Friday,52,4,26
2025-12-27,S002,Phoenix,urban flagship,1241.0,0,none,0,none,1,0,0,82.0,0.4909090909090909,5,12,Saturday,52,4,27
2025-12-28,S002,Phoenix,urban flagship,1234.0,0,none,0,none,1,0,0,81.7,0.4854545454545455,6,12,Sunday,52,4,28
2025-12-29,S002,Phoenix,urban flagship,1013.0,0,none,0,none,0,0,0,81.4,0.4800000000000001,0,12,Monday,1,4,29
2025-12-30,S002,Phoenix,urban flagship,1066.0,0,none,0,none,0,0,0,81.1,0.47454545454545444,1,12,Tuesday,1,4,30
2025-12-31,S002,Phoenix,urban flagship,1225.0,1,new_years_eve,0,none,0,0,0,80.8,0.46909090909090906,2,12,Wednesday,1,4,31
2024-01-01,S003,Mesa,family suburban,660.0,1,new_years_day,0,none,0,1,0,78.4,0.4254545454545456,0,1,Monday,1,1,1
2024-01-02,S003,Mesa,family suburban,821.0,0,none,0,none,0,1,0,78.1,0.4199999999999999,1,1,Tuesday,1,1,2
2024-01-03,S003,Mesa,family suburban,825.0,0,none,0,none,0,0,0,77.8,0.4145454545454545,2,1,Wednesday,1,1,3
2024-01-04,S003,Mesa,family suburban,818.0,0,none,0,none,0,0,0,77.5,0.4090909090909091,3,1,Thursday,1,1,4
2024-01-05,S003,Mesa,family suburban,814.0,0,none,0,none,0,0,0,77.2,0.4036363636363637,4,1,Friday,1,1,5
2024-01-06,S003,Mesa,family suburban,867.0,0,none,0,none,1,0,0,76.9,0.3981818181818183,5,1,Saturday,1,1,6
2024-01-07,S003,Mesa,family suburban,818.0,0,none,0,none,1,0,0,76.6,0.39272727272727265,6,1,Sunday,1,1,7
2024-01-08,S003,Mesa,family suburban,680.0,0,none,0,none,0,0,0,76.3,0.3872727272727272,0,1,Monday,2,1,8
2024-01-09,S003,Mesa,family suburban,765.0,0,none,0,none,0,0,0,76.0,0.38181818181818183,1,1,Tuesday,2,1,9
2024-01-10,S003,Mesa,family suburban,830.0,0,none,0,none,0,0,0,75.7,0.3763636363636364,2,1,Wednesday,2,1,10
2024-01-11,S003,Mesa,family suburban,817.0,0,none,0,none,0,0,0,75.5,0.37272727272727274,3,1,Thursday,2,1,11
2024-01-12,S003,Mesa,family suburban,783.0,0,none,0,none,0,0,0,75.2,0.3672727272727273,4,1,Friday,2,1,12
2024-01-13,S003,Mesa,family suburban,906.0,0,none,0,none,1,0,0,74.9,0.3618181818181819,5,1,Saturday,2,1,13
2024-01-14,S003,Mesa,family suburban,911.0,0,none,0,none,1,1,0,74.6,0.35636363636363627,6,1,Sunday,2,1,14
2024-01-15,S003,Mesa,family suburban,851.0,0,none,0,none,0,1,0,74.3,0.35090909090909084,0,1,Monday,3,1,15
2024-01-16,S003,Mesa,family suburban,760.0,0,none,0,none,0,1,0,74.0,0.34545454545454546,1,1,Tuesday,3,1,16
2024-01-17,S003,Mesa,family suburban,781.0,0,none,0,none,0,0,0,73.8,0.34181818181818174,2,1,Wednesday,3,1,17
2024-01-18,S003,Mesa,family suburban,873.0,0,none,0,none,0,0,0,73.5,0.33636363636363636,3,1,Thursday,3,1,18
2024-01-19,S003,Mesa,family suburban,872.0,0,none,0,none,0,0,0,73.2,0.330909090909091,4,1,Friday,3,1,19
2024-01-20,S003,Mesa,family suburban,931.0,0,none,0,none,1,0,0,72.9,0.32545454545454555,5,1,Saturday,3,1,20
2024-01-21,S003,Mesa,family suburban,869.0,0,none,0,none,1,0,0,72.7,0.3218181818181819,6,1,Sunday,3,1,21
2024-01-22,S003,Mesa,family suburban,749.0,0,none,0,none,0,0,0,72.4,0.31636363636363646,0,1,Monday,4,1,22
2024-01-23,S003,Mesa,family suburban,788.0,0,none,0,none,0,0,0,72.2,0.3127272727272728,1,1,Tuesday,4,1,23
2024-01-24,S003,Mesa,family suburban,768.0,0,none,0,none,0,0,0,71.9,0.30727272727272736,2,1,Wednesday,4,1,24
2024-01-25,S003,Mesa,family suburban,847.0,0,none,0,none,0,0,0,71.6,0.3018181818181817,3,1,Thursday,4,1,25
2024-01-26,S003,Mesa,family suburban,813.0,0,none,0,none,0,0,0,71.4,0.29818181818181827,4,1,Friday,4,1,26
2024-01-27,S003,Mesa,family suburban,924.0,0,none,0,none,1,0,0,71.1,0.2927272727272726,5,1,Saturday,4,1,27
2024-01-28,S003,Mesa,family suburban,872.0,0,none,0,none,1,0,0,70.9,0.2890909090909092,6,1,Sunday,4,1,28
2024-01-29,S003,Mesa,family suburban,719.0,0,none,0,none,0,0,0,70.7,0.2854545454545455,0,1,Monday,5,1,29
2024-01-30,S003,Mesa,family suburban,762.0,0,none,0,none,0,0,0,70.4,0.2800000000000001,1,1,Tuesday,5,1,30
2024-01-31,S003,Mesa,family suburban,774.0,0,none,0,none,0,0,0,70.2,0.2763636363636364,2,1,Wednesday,5,1,31
2024-02-01,S003,Mesa,family suburban,833.0,0,none,0,none,0,1,0,70.0,0.2727272727272727,3,2,Thursday,5,1,1
2024-02-02,S003,Mesa,family suburban,898.0,0,none,0,none,0,1,0,69.7,0.26727272727272733,4,2,Friday,5,1,2
2024-02-03,S003,Mesa,family suburban,878.0,0,none,0,none,1,0,0,69.5,0.2636363636363636,5,2,Saturday,5,1,3
2024-02-04,S003,Mesa,family suburban,877.0,0,none,0,none,1,0,0,69.3,0.25999999999999995,6,2,Sunday,5,1,4
2024-02-05,S003,Mesa,family suburban,702.0,0,none,0,none,0,0,0,69.1,0.25636363636363624,0,2,Monday,6,1,5
2024-02-06,S003,Mesa,family suburban,787.0,0,none,0,none,0,0,0,68.8,0.25090909090909086,1,2,Tuesday,6,1,6
2024-02-07,S003,Mesa,family suburban,757.0,0,none,0,none,0,0,0,68.6,0.24727272727272717,2,2,Wednesday,6,1,7
2024-02-08,S003,Mesa,family suburban,801.0,0,none,0,none,0,0,0,68.4,0.24363636363636373,3,2,Thursday,6,1,8
2024-02-09,S003,Mesa,family suburban,839.0,0,none,0,none,0,0,0,68.2,0.24000000000000005,4,2,Friday,6,1,9
2024-02-10,S003,Mesa,family suburban,958.0,0,none,0,none,1,0,0,68.0,0.23636363636363636,5,2,Saturday,6,1,10
2024-02-11,S003,Mesa,family suburban,1017.0,1,super_bowl,0,none,1,0,0,67.8,0.23272727272727267,6,2,Sunday,6,1,11
2024-02-12,S003,Mesa,family suburban,733.0,0,none,0,none,0,0,0,67.7,0.23090909090909095,0,2,Monday,7,1,12
2024-02-13,S003,Mesa,family suburban,780.0,0,none,0,none,0,0,0,67.5,0.22727272727272727,1,2,Tuesday,7,1,13
2024-02-14,S003,Mesa,family suburban,775.0,0,none,0,none,0,1,0,67.3,0.22363636363636358,2,2,Wednesday,7,1,14
2024-02-15,S003,Mesa,family suburban,868.0,0,none,0,none,0,1,0,67.1,0.2199999999999999,3,2,Thursday,7,1,15
2024-02-16,S003,Mesa,family suburban,976.0,0,none,0,none,0,1,0,66.9,0.21636363636363648,4,2,Friday,7,1,16
2024-02-17,S003,Mesa,family suburban,920.0,0,none,0,none,1,0,0,66.8,0.21454545454545448,5,2,Saturday,7,1,17
2024-02-18,S003,Mesa,family suburban,870.0,0,none,0,none,1,0,0,66.6,0.2109090909090908,6,2,Sunday,7,1,18
2024-02-19,S003,Mesa,family suburban,758.0,0,none,0,none,0,0,0,66.5,0.20909090909090908,0,2,Monday,8,1,19
2024-02-20,S003,Mesa,family suburban,794.0,0,none,0,none,0,0,0,66.3,0.2054545454545454,1,2,Tuesday,8,1,20
2024-02-21,S003,Mesa,family suburban,731.0,0,none,0,none,0,0,0,66.1,0.2018181818181817,2,2,Wednesday,8,1,21
2024-02-22,S003,Mesa,family suburban,765.0,0,none,0,none,0,0,0,66.0,0.2,3,2,Thursday,8,1,22
2024-02-23,S003,Mesa,family suburban,867.0,0,none,0,none,0,0,0,65.9,0.1981818181818183,4,2,Friday,8,1,23
2024-02-24,S003,Mesa,family suburban,893.0,0,none,0,none,1,0,0,65.7,0.1945454545454546,5,2,Saturday,8,1,24
2024-02-25,S003,Mesa,family suburban,911.0,0,none,0,none,1,0,0,65.6,0.19272727272727264,6,2,Sunday,8,1,25
2024-02-26,S003,Mesa,family suburban,731.0,0,none,0,none,0,0,0,65.5,0.19090909090909092,0,2,Monday,9,1,26
2024-02-27,S003,Mesa,family suburban,702.0,0,none,0,none,0,0,0,65.4,0.1890909090909092,1,2,Tuesday,9,1,27
2024-02-28,S003,Mesa,family suburban,755.0,0,none,0,none,0,0,0,65.2,0.1854545454545455,2,2,Wednesday,9,1,28
2024-02-29,S003,Mesa,family suburban,731.0,0,none,0,none,0,0,0,65.1,0.18363636363636354,3,2,Thursday,9,1,29
2024-03-01,S003,Mesa,family suburban,905.0,0,none,0,none,0,1,0,65.0,0.18181818181818182,4,3,Friday,9,1,1
2024-03-02,S003,Mesa,family suburban,966.0,0,none,0,none,1,1,0,64.9,0.1800000000000001,5,3,Saturday,9,1,2
2024-03-03,S003,Mesa,family suburban,855.0,0,none,0,none,1,0,0,64.8,0.17818181818181814,6,3,Sunday,9,1,3
2024-03-04,S003,Mesa,family suburban,777.0,0,none,0,none,0,0,0,64.7,0.17636363636363642,0,3,Monday,10,1,4
2024-03-05,S003,Mesa,family suburban,805.0,0,none,0,none,0,0,0,64.7,0.17636363636363642,1,3,Tuesday,10,1,5
2024-03-06,S003,Mesa,family suburban,792.0,0,none,0,none,0,0,0,64.6,0.17454545454545445,2,3,Wednesday,10,1,6
2024-03-07,S003,Mesa,family suburban,752.0,0,none,0,none,0,0,0,64.5,0.17272727272727273,3,3,Thursday,10,1,7
2024-03-08,S003,Mesa,family suburban,882.0,0,none,0,none,0,0,0,64.4,0.170909090909091,4,3,Friday,10,1,8
2024-03-09,S003,Mesa,family suburban,1073.0,0,none,1,spring_training,1,0,0,64.4,0.170909090909091,5,3,Saturday,10,1,9
2024-03-10,S003,Mesa,family suburban,880.0,0,none,0,none,1,0,0,64.3,0.16909090909090904,6,3,Sunday,10,1,10
2024-03-11,S003,Mesa,family suburban,774.0,0,none,0,none,0,0,0,64.2,0.16727272727272732,0,3,Monday,11,1,11
2024-03-12,S003,Mesa,family suburban,728.0,0,none,0,none,0,0,0,64.2,0.16727272727272732,1,3,Tuesday,11,1,12
2024-03-13,S003,Mesa,family suburban,864.0,0,none,0,none,0,0,0,64.2,0.16727272727272732,2,3,Wednesday,11,1,13
2024-03-14,S003,Mesa,family suburban,840.0,0,none,0,none,0,1,0,64.1,0.16545454545454535,3,3,Thursday,11,1,14
2024-03-15,S003,Mesa,family suburban,938.0,0,none,0,none,0,1,0,64.1,0.16545454545454535,4,3,Friday,11,1,15
2024-03-16,S003,Mesa,family suburban,918.0,0,none,0,none,1,1,0,64.1,0.16545454545454535,5,3,Saturday,11,1,16
2024-03-17,S003,Mesa,family suburban,840.0,0,none,0,none,1,0,0,64.0,0.16363636363636364,6,3,Sunday,11,1,17
2024-03-18,S003,Mesa,family suburban,792.0,0,none,0,none,0,0,0,64.0,0.16363636363636364,0,3,Monday,12,1,18
2024-03-19,S003,Mesa,family suburban,758.0,0,none,0,none,0,0,0,64.0,0.16363636363636364,1,3,Tuesday,12,1,19
2024-03-20,S003,Mesa,family suburban,826.0,0,none,0,none,0,0,0,64.0,0.16363636363636364,2,3,Wednesday,12,1,20
2024-03-21,S003,Mesa,family suburban,830.0,0,none,0,none,0,0,0,64.0,0.16363636363636364,3,3,Thursday,12,1,21
2024-03-22,S003,Mesa,family suburban,859.0,0,none,0,none,0,0,0,64.0,0.16363636363636364,4,3,Friday,12,1,22
2024-03-23,S003,Mesa,family suburban,963.0,0,none,0,none,1,0,0,64.0,0.16363636363636364,5,3,Saturday,12,1,23
2024-03-24,S003,Mesa,family suburban,863.0,0,none,0,none,1,0,0,64.0,0.16363636363636364,6,3,Sunday,12,1,24
2024-03-25,S003,Mesa,family suburban,685.0,0,none,0,none,0,0,0,64.0,0.16363636363636364,0,3,Monday,13,1,25
2024-03-26,S003,Mesa,family suburban,741.0,0,none,0,none,0,0,0,64.1,0.16545454545454535,1,3,Tuesday,13,1,26
2024-03-27,S003,Mesa,family suburban,817.0,0,none,0,none,0,0,0,64.1,0.16545454545454535,2,3,Wednesday,13,1,27
2024-03-28,S003,Mesa,family suburban,836.0,0,none,0,none,0,0,0,64.1,0.16545454545454535,3,3,Thursday,13,1,28
2024-03-29,S003,Mesa,family suburban,812.0,0,none,0,none,0,0,0,64.2,0.16727272727272732,4,3,Friday,13,1,29
2024-03-30,S003,Mesa,family suburban,895.0,0,none,0,none,1,0,0,64.2,0.16727272727272732,5,3,Saturday,13,1,30
2024-03-31,S003,Mesa,family suburban,852.0,0,none,0,none,1,0,0,64.3,0.16909090909090904,6,3,Sunday,13,1,31
2024-04-01,S003,Mesa,family suburban,776.0,0,none,0,none,0,1,0,64.3,0.16909090909090904,0,4,Monday,14,2,1
2024-04-02,S003,Mesa,family suburban,769.0,0,none,0,none,0,1,0,64.4,0.170909090909091,1,4,Tuesday,14,2,2
2024-04-03,S003,Mesa,family suburban,779.0,0,none,0,none,0,0,0,64.5,0.17272727272727273,2,4,Wednesday,14,2,3
2024-04-04,S003,Mesa,family suburban,800.0,0,none,0,none,0,0,0,64.5,0.17272727272727273,3,4,Thursday,14,2,4
2024-04-05,S003,Mesa,family suburban,889.0,0,none,0,none,0,0,0,64.6,0.17454545454545445,4,4,Friday,14,2,5
2024-04-06,S003,Mesa,family suburban,1011.0,0,none,1,swap_meet_weekend,1,0,0,64.7,0.17636363636363642,5,4,Saturday,14,2,6
2024-04-07,S003,Mesa,family suburban,867.0,0,none,0,none,1,0,0,64.8,0.17818181818181814,6,4,Sunday,14,2,7
2024-04-08,S003,Mesa,family suburban,731.0,0,none,0,none,0,0,0,64.9,0.1800000000000001,0,4,Monday,15,2,8
2024-04-09,S003,Mesa,family suburban,773.0,0,none,0,none,0,0,0,65.0,0.18181818181818182,1,4,Tuesday,15,2,9
2024-04-10,S003,Mesa,family suburban,773.0,0,none,0,none,0,0,0,65.1,0.18363636363636354,2,4,Wednesday,15,2,10
2024-04-11,S003,Mesa,family suburban,787.0,0,none,0,none,0,0,0,65.2,0.1854545454545455,3,4,Thursday,15,2,11
2024-04-12,S003,Mesa,family suburban,834.0,0,none,0,none,0,0,0,65.3,0.18727272727272723,4,4,Friday,15,2,12
2024-04-13,S003,Mesa,family suburban,900.0,0,none,0,none,1,0,0,65.4,0.1890909090909092,5,4,Saturday,15,2,13
2024-04-14,S003,Mesa,family suburban,887.0,0,none,0,none,1,1,0,65.6,0.19272727272727264,6,4,Sunday,15,2,14
2024-04-15,S003,Mesa,family suburban,794.0,0,none,0,none,0,1,0,65.7,0.1945454545454546,0,4,Monday,16,2,15
2024-04-16,S003,Mesa,family suburban,838.0,0,none,0,none,0,1,0,65.8,0.19636363636363632,1,4,Tuesday,16,2,16
2024-04-17,S003,Mesa,family suburban,749.0,0,none,0,none,0,0,0,66.0,0.2,2,4,Wednesday,16,2,17
2024-04-18,S003,Mesa,family suburban,826.0,0,none,0,none,0,0,0,66.1,0.2018181818181817,3,4,Thursday,16,2,18
2024-04-19,S003,Mesa,family suburban,858.0,0,none,0,none,0,0,0,66.2,0.2036363636363637,4,4,Friday,16,2,19
2024-04-20,S003,Mesa,family suburban,932.0,0,none,0,none,1,0,0,66.4,0.2072727272727274,5,4,Saturday,16,2,20
2024-04-21,S003,Mesa,family suburban,873.0,0,none,0,none,1,0,0,66.5,0.20909090909090908,6,4,Sunday,16,2,21
2024-04-22,S003,Mesa,family suburban,697.0,0,none,0,none,0,0,0,66.7,0.2127272727272728,0,4,Monday,17,2,22
2024-04-23,S003,Mesa,family suburban,728.0,0,none,0,none,0,0,0,66.9,0.21636363636363648,1,4,Tuesday,17,2,23
2024-04-24,S003,Mesa,family suburban,802.0,0,none,0,none,0,0,0,67.0,0.21818181818181817,2,4,Wednesday,17,2,24
2024-04-25,S003,Mesa,family suburban,859.0,0,none,0,none,0,0,0,67.2,0.22181818181818186,3,4,Thursday,17,2,25
2024-04-26,S003,Mesa,family suburban,793.0,0,none,0,none,0,0,0,67.4,0.22545454545454555,4,4,Friday,17,2,26
2024-04-27,S003,Mesa,family suburban,933.0,0,none,0,none,1,0,0,67.6,0.22909090909090898,5,4,Saturday,17,2,27
2024-04-28,S003,Mesa,family suburban,912.0,0,none,0,none,1,0,0,67.8,0.23272727272727267,6,4,Sunday,17,2,28
2024-04-29,S003,Mesa,family suburban,740.0,0,none,0,none,0,0,0,68.0,0.23636363636363636,0,4,Monday,18,2,29
2024-04-30,S003,Mesa,family suburban,788.0,0,none,0,none,0,0,0,68.2,0.24000000000000005,1,4,Tuesday,18,2,30
2024-05-01,S003,Mesa,family suburban,827.0,0,none,0,none,0,1,0,68.4,0.24363636363636373,2,5,Wednesday,18,2,1
2024-05-02,S003,Mesa,family suburban,872.0,0,none,0,none,0,1,0,68.6,0.24727272727272717,3,5,Thursday,18,2,2
2024-05-03,S003,Mesa,family suburban,813.0,0,none,0,none,0,0,0,68.8,0.25090909090909086,4,5,Friday,18,2,3
2024-05-04,S003,Mesa,family suburban,846.0,0,none,0,none,1,0,0,69.0,0.2545454545454545,5,5,Saturday,18,2,4
2024-05-05,S003,Mesa,family suburban,905.0,0,none,0,none,1,0,0,69.2,0.25818181818181823,6,5,Sunday,18,2,5
2024-05-06,S003,Mesa,family suburban,714.0,0,none,0,none,0,0,0,69.4,0.2618181818181819,0,5,Monday,19,2,6
2024-05-07,S003,Mesa,family suburban,755.0,0,none,0,none,0,0,0,69.6,0.26545454545454533,1,5,Tuesday,19,2,7
2024-05-08,S003,Mesa,family suburban,757.0,0,none,0,none,0,0,0,69.9,0.270909090909091,2,5,Wednesday,19,2,8
2024-05-09,S003,Mesa,family suburban,780.0,0,none,0,none,0,0,0,70.1,0.2745454545454544,3,5,Thursday,19,2,9
2024-05-10,S003,Mesa,family suburban,861.0,0,none,0,none,0,0,0,70.3,0.27818181818181814,4,5,Friday,19,2,10
2024-05-11,S003,Mesa,family suburban,899.0,0,none,0,none,1,0,0,70.6,0.2836363636363635,5,5,Saturday,19,2,11
2024-05-12,S003,Mesa,family suburban,887.0,0,none,0,none,1,0,0,70.8,0.28727272727272724,6,5,Sunday,19,2,12
2024-05-13,S003,Mesa,family suburban,761.0,0,none,0,none,0,0,0,71.1,0.2927272727272726,0,5,Monday,20,2,13
2024-05-14,S003,Mesa,family suburban,827.0,0,none,0,none,0,1,0,71.3,0.29636363636363633,1,5,Tuesday,20,2,14
2024-05-15,S003,Mesa,family suburban,859.0,0,none,0,none,0,1,0,71.6,0.3018181818181817,2,5,Wednesday,20,2,15
2024-05-16,S003,Mesa,family suburban,928.0,0,none,0,none,0,1,0,71.8,0.3054545454545454,3,5,Thursday,20,2,16
2024-05-17,S003,Mesa,family suburban,832.0,0,none,0,none,0,0,0,72.1,0.3109090909090908,4,5,Friday,20,2,17
2024-05-18,S003,Mesa,family suburban,922.0,0,none,0,none,1,0,0,72.3,0.3145454545454545,5,5,Saturday,20,2,18
2024-05-19,S003,Mesa,family suburban,912.0,0,none,0,none,1,0,0,72.6,0.3199999999999999,6,5,Sunday,20,2,19
2024-05-20,S003,Mesa,family suburban,788.0,0,none,0,none,0,0,0,72.8,0.3236363636363636,0,5,Monday,21,2,20
2024-05-21,S003,Mesa,family suburban,725.0,0,none,0,none,0,0,0,73.1,0.329090909090909,1,5,Tuesday,21,2,21
2024-05-22,S003,Mesa,family suburban,793.0,0,none,0,none,0,0,0,73.4,0.33454545454545465,2,5,Wednesday,21,2,22
2024-05-23,S003,Mesa,family suburban,872.0,0,none,0,none,0,0,0,73.7,0.34,3,5,Thursday,21,2,23
2024-05-24,S003,Mesa,family suburban,884.0,0,none,0,none,0,0,0,73.9,0.34363636363636374,4,5,Friday,21,2,24
2024-05-25,S003,Mesa,family suburban,930.0,0,none,0,none,1,0,0,74.2,0.3490909090909091,5,5,Saturday,21,2,25
2024-05-26,S003,Mesa,family suburban,869.0,0,none,0,none,1,0,0,74.5,0.35454545454545455,6,5,Sunday,21,2,26
2024-05-27,S003,Mesa,family suburban,855.0,1,memorial_day,0,none,0,0,0,74.8,0.35999999999999993,0,5,Monday,22,2,27
2024-05-28,S003,Mesa,family suburban,781.0,0,none,0,none,0,0,0,75.1,0.36545454545454537,1,5,Tuesday,22,2,28
2024-05-29,S003,Mesa,family suburban,796.0,0,none,0,none,0,0,0,75.3,0.369090909090909,2,5,Wednesday,22,2,29
2024-05-30,S003,Mesa,family suburban,827.0,0,none,0,none,0,0,0,75.6,0.37454545454545446,3,5,Thursday,22,2,30
2024-05-31,S003,Mesa,family suburban,871.0,0,none,0,none,0,0,0,75.9,0.3800000000000001,4,5,Friday,22,2,31
2024-06-01,S003,Mesa,family suburban,958.0,0,none,0,none,1,1,0,76.2,0.3854545454545455,5,6,Saturday,22,2,1
2024-06-02,S003,Mesa,family suburban,947.0,0,none,0,none,1,1,0,76.5,0.39090909090909093,6,6,Sunday,22,2,2
2024-06-03,S003,Mesa,family suburban,843.0,0,none,0,none,0,0,0,76.8,0.3963636363636363,0,6,Monday,23,2,3
2024-06-04,S003,Mesa,family suburban,714.0,0,none,0,none,0,0,0,77.1,0.40181818181818174,1,6,Tuesday,23,2,4
2024-06-05,S003,Mesa,family suburban,815.0,0,none,0,none,0,0,0,77.4,0.4072727272727274,2,6,Wednesday,23,2,5
2024-06-06,S003,Mesa,family suburban,804.0,0,none,0,none,0,0,0,77.7,0.4127272727272728,3,6,Thursday,23,2,6
2024-06-07,S003,Mesa,family suburban,888.0,0,none,0,none,0,0,0,78.0,0.41818181818181815,4,6,Friday,23,2,7
2024-06-08,S003,Mesa,family suburban,927.0,0,none,0,none,1,0,0,78.3,0.4236363636363636,5,6,Saturday,23,2,8
2024-06-09,S003,Mesa,family suburban,902.0,0,none,0,none,1,0,0,78.6,0.42909090909090897,6,6,Sunday,23,2,9
2024-06-10,S003,Mesa,family suburban,787.0,0,none,0,none,0,0,0,78.9,0.4345454545454546,0,6,Monday,24,2,10
2024-06-11,S003,Mesa,family suburban,779.0,0,none,0,none,0,0,0,79.2,0.44000000000000006,1,6,Tuesday,24,2,11
2024-06-12,S003,Mesa,family suburban,842.0,0,none,0,none,0,0,0,79.5,0.44545454545454544,2,6,Wednesday,24,2,12
2024-06-13,S003,Mesa,family suburban,753.0,0,none,0,none,0,0,0,79.8,0.45090909090909087,3,6,Thursday,24,2,13
2024-06-14,S003,Mesa,family suburban,974.0,0,none,0,none,0,1,0,80.1,0.45636363636363625,4,6,Friday,24,2,14
2024-06-15,S003,Mesa,family suburban,994.0,0,none,0,none,1,1,0,80.5,0.4636363636363636,5,6,Saturday,24,2,15
2024-06-16,S003,Mesa,family suburban,966.0,0,none,0,none,1,1,0,80.8,0.46909090909090906,6,6,Sunday,24,2,16
2024-06-17,S003,Mesa,family suburban,709.0,0,none,0,none,0,0,0,81.1,0.47454545454545444,0,6,Monday,25,2,17
2024-06-18,S003,Mesa,family suburban,746.0,0,none,0,none,0,0,0,81.4,0.4800000000000001,1,6,Tuesday,25,2,18
2024-06-19,S003,Mesa,family suburban,810.0,0,none,0,none,0,0,0,81.7,0.4854545454545455,2,6,Wednesday,25,2,19
2024-06-20,S003,Mesa,family suburban,829.0,0,none,0,none,0,0,0,82.0,0.4909090909090909,3,6,Thursday,25,2,20
2024-06-21,S003,Mesa,family suburban,879.0,0,none,0,none,0,0,0,82.3,0.4963636363636363,4,6,Friday,25,2,21
2024-06-22,S003,Mesa,family suburban,962.0,0,none,0,none,1,0,0,82.6,0.5018181818181817,5,6,Saturday,25,2,22
2024-06-23,S003,Mesa,family suburban,821.0,0,none,0,none,1,0,0,82.9,0.5072727272727274,6,6,Sunday,25,2,23
2024-06-24,S003,Mesa,family suburban,781.0,0,none,0,none,0,0,0,83.2,0.5127272727272728,0,6,Monday,26,2,24
2024-06-25,S003,Mesa,family suburban,774.0,0,none,0,none,0,0,0,83.5,0.5181818181818182,1,6,Tuesday,26,2,25
2024-06-26,S003,Mesa,family suburban,799.0,0,none,0,none,0,0,0,83.9,0.5254545454545455,2,6,Wednesday,26,2,26
2024-06-27,S003,Mesa,family suburban,782.0,0,none,0,none,0,0,0,84.2,0.530909090909091,3,6,Thursday,26,2,27
2024-06-28,S003,Mesa,family suburban,887.0,0,none,0,none,0,0,0,84.5,0.5363636363636364,4,6,Friday,26,2,28
2024-06-29,S003,Mesa,family suburban,848.0,0,none,0,none,1,0,0,84.8,0.5418181818181818,5,6,Saturday,26,2,29
2024-06-30,S003,Mesa,family suburban,900.0,0,none,0,none,1,0,0,85.1,0.5472727272727271,6,6,Sunday,26,2,30
2024-07-01,S003,Mesa,family suburban,746.0,0,none,0,none,0,1,0,85.4,0.5527272727272728,0,7,Monday,27,3,1
2024-07-02,S003,Mesa,family suburban,822.0,0,none,0,none,0,1,0,85.7,0.5581818181818182,1,7,Tuesday,27,3,2
2024-07-03,S003,Mesa,family suburban,803.0,0,none,0,none,0,0,0,86.0,0.5636363636363636,2,7,Wednesday,27,3,3
2024-07-04,S003,Mesa,family suburban,1002.0,1,independence_day,0,none,0,0,0,86.3,0.5690909090909091,3,7,Thursday,27,3,4
2024-07-05,S003,Mesa,family suburban,865.0,0,none,0,none,0,0,0,86.6,0.5745454545454545,4,7,Friday,27,3,5
2024-07-06,S003,Mesa,family suburban,905.0,0,none,0,none,1,0,0,86.9,0.5800000000000001,5,7,Saturday,27,3,6
2024-07-07,S003,Mesa,family suburban,863.0,0,none,0,none,1,0,0,87.2,0.5854545454545456,6,7,Sunday,27,3,7
2024-07-08,S003,Mesa,family suburban,792.0,0,none,0,none,0,0,0,87.5,0.5909090909090909,0,7,Monday,28,3,8
2024-07-09,S003,Mesa,family suburban,792.0,0,none,0,none,0,0,0,87.8,0.5963636363636363,1,7,Tuesday,28,3,9
2024-07-10,S003,Mesa,family suburban,795.0,0,none,0,none,0,0,0,88.1,0.6018181818181817,2,7,Wednesday,28,3,10
2024-07-11,S003,Mesa,family suburban,824.0,0,none,0,none,0,0,0,88.4,0.6072727272727274,3,7,Thursday,28,3,11
2024-07-12,S003,Mesa,family suburban,821.0,0,none,0,none,0,0,0,88.7,0.6127272727272728,4,7,Friday,28,3,12
2024-07-13,S003,Mesa,family suburban,941.0,0,none,0,none,1,0,0,88.9,0.6163636363636364,5,7,Saturday,28,3,13
2024-07-14,S003,Mesa,family suburban,875.0,0,none,0,none,1,1,0,89.2,0.6218181818181818,6,7,Sunday,28,3,14
2024-07-15,S003,Mesa,family suburban,821.0,0,none,0,none,0,1,0,89.5,0.6272727272727273,0,7,Monday,29,3,15
2024-07-16,S003,Mesa,family suburban,826.0,0,none,0,none,0,1,0,89.8,0.6327272727272727,1,7,Tuesday,29,3,16
2024-07-17,S003,Mesa,family suburban,886.0,0,none,0,none,0,0,0,90.1,0.6381818181818181,2,7,Wednesday,29,3,17
2024-07-18,S003,Mesa,family suburban,796.0,0,none,0,none,0,0,0,90.3,0.6418181818181817,3,7,Thursday,29,3,18
2024-07-19,S003,Mesa,family suburban,869.0,0,none,0,none,0,0,0,90.6,0.6472727272727272,4,7,Friday,29,3,19
2024-07-20,S003,Mesa,family suburban,988.0,0,none,0,none,1,0,0,90.9,0.6527272727272728,5,7,Saturday,29,3,20
2024-07-21,S003,Mesa,family suburban,920.0,0,none,0,none,1,0,0,91.2,0.6581818181818182,6,7,Sunday,29,3,21
2024-07-22,S003,Mesa,family suburban,729.0,0,none,0,none,0,0,0,91.4,0.661818181818182,0,7,Monday,30,3,22
2024-07-23,S003,Mesa,family suburban,783.0,0,none,0,none,0,0,0,91.7,0.6672727272727274,1,7,Tuesday,30,3,23
2024-07-24,S003,Mesa,family suburban,808.0,0,none,0,none,0,0,0,91.9,0.670909090909091,2,7,Wednesday,30,3,24
2024-07-25,S003,Mesa,family suburban,842.0,0,none,0,none,0,0,0,92.2,0.6763636363636364,3,7,Thursday,30,3,25
2024-07-26,S003,Mesa,family suburban,850.0,0,none,0,none,0,0,0,92.4,0.68,4,7,Friday,30,3,26
2024-07-27,S003,Mesa,family suburban,927.0,0,none,0,none,1,0,0,92.7,0.6854545454545455,5,7,Saturday,30,3,27
2024-07-28,S003,Mesa,family suburban,829.0,0,none,0,none,1,0,0,92.9,0.6890909090909092,6,7,Sunday,30,3,28
2024-07-29,S003,Mesa,family suburban,756.0,0,none,0,none,0,0,0,93.2,0.6945454545454546,0,7,Monday,31,3,29
2024-07-30,S003,Mesa,family suburban,791.0,0,none,0,none,0,0,0,93.4,0.6981818181818182,1,7,Tuesday,31,3,30
2024-07-31,S003,Mesa,family suburban,801.0,0,none,0,none,0,0,0,93.7,0.7036363636363637,2,7,Wednesday,31,3,31
2024-08-01,S003,Mesa,family suburban,830.0,0,none,0,none,0,1,0,93.9,0.7072727272727274,3,8,Thursday,31,3,1
2024-08-02,S003,Mesa,family suburban,958.0,0,none,0,none,0,1,0,94.1,0.7109090909090908,4,8,Friday,31,3,2
2024-08-03,S003,Mesa,family suburban,942.0,0,none,0,none,1,0,0,94.4,0.7163636363636364,5,8,Saturday,31,3,3
2024-08-04,S003,Mesa,family suburban,858.0,0,none,0,none,1,0,0,94.6,0.7199999999999999,6,8,Sunday,31,3,4
2024-08-05,S003,Mesa,family suburban,743.0,0,none,0,none,0,0,0,94.8,0.7236363636363636,0,8,Monday,32,3,5
2024-08-06,S003,Mesa,family suburban,728.0,0,none,0,none,0,0,0,95.0,0.7272727272727273,1,8,Tuesday,32,3,6
2024-08-07,S003,Mesa,family suburban,776.0,0,none,0,none,0,0,0,95.2,0.730909090909091,2,8,Wednesday,32,3,7
2024-08-08,S003,Mesa,family suburban,816.0,0,none,0,none,0,0,0,95.4,0.7345454545454546,3,8,Thursday,32,3,8
2024-08-09,S003,Mesa,family suburban,914.0,0,none,0,none,0,0,0,95.6,0.738181818181818,4,8,Friday,32,3,9
2024-08-10,S003,Mesa,family suburban,910.0,0,none,0,none,1,0,0,95.8,0.7418181818181818,5,8,Saturday,32,3,10
2024-08-11,S003,Mesa,family suburban,903.0,0,none,0,none,1,0,0,96.0,0.7454545454545455,6,8,Sunday,32,3,11
2024-08-12,S003,Mesa,family suburban,735.0,0,none,0,none,0,0,0,96.2,0.7490909090909091,0,8,Monday,33,3,12
2024-08-13,S003,Mesa,family suburban,785.0,0,none,0,none,0,0,0,96.4,0.7527272727272728,1,8,Tuesday,33,3,13
2024-08-14,S003,Mesa,family suburban,854.0,0,none,0,none,0,1,0,96.6,0.7563636363636362,2,8,Wednesday,33,3,14
2024-08-15,S003,Mesa,family suburban,913.0,0,none,0,none,0,1,0,96.8,0.7599999999999999,3,8,Thursday,33,3,15
2024-08-16,S003,Mesa,family suburban,910.0,0,none,0,none,0,1,0,97.0,0.7636363636363637,4,8,Friday,33,3,16
2024-08-17,S003,Mesa,family suburban,880.0,0,none,0,none,1,0,0,97.1,0.7654545454545454,5,8,Saturday,33,3,17
2024-08-18,S003,Mesa,family suburban,838.0,0,none,0,none,1,0,0,97.3,0.769090909090909,6,8,Sunday,33,3,18
2024-08-19,S003,Mesa,family suburban,736.0,0,none,0,none,0,0,0,97.5,0.7727272727272727,0,8,Monday,34,3,19
2024-08-20,S003,Mesa,family suburban,737.0,0,none,0,none,0,0,0,97.6,0.7745454545454544,1,8,Tuesday,34,3,20
2024-08-21,S003,Mesa,family suburban,824.0,0,none,0,none,0,0,0,97.8,0.7781818181818181,2,8,Wednesday,34,3,21
2024-08-22,S003,Mesa,family suburban,820.0,0,none,0,none,0,0,0,97.9,0.7800000000000001,3,8,Thursday,34,3,22
2024-08-23,S003,Mesa,family suburban,953.0,0,none,0,none,0,0,0,98.0,0.7818181818181819,4,8,Friday,34,3,23
2024-08-24,S003,Mesa,family suburban,875.0,0,none,0,none,1,0,0,98.2,0.7854545454545455,5,8,Saturday,34,3,24
2024-08-25,S003,Mesa,family suburban,890.0,0,none,0,none,1,0,0,98.3,0.7872727272727272,6,8,Sunday,34,3,25
2024-08-26,S003,Mesa,family suburban,717.0,0,none,0,none,0,0,0,98.4,0.7890909090909092,0,8,Monday,35,3,26
2024-08-27,S003,Mesa,family suburban,762.0,0,none,0,none,0,0,0,98.6,0.7927272727272726,1,8,Tuesday,35,3,27
2024-08-28,S003,Mesa,family suburban,816.0,0,none,0,none,0,0,0,98.7,0.7945454545454546,2,8,Wednesday,35,3,28
2024-08-29,S003,Mesa,family suburban,759.0,0,none,0,none,0,0,0,98.8,0.7963636363636363,3,8,Thursday,35,3,29
2024-08-30,S003,Mesa,family suburban,884.0,0,none,0,none,0,0,0,98.9,0.7981818181818183,4,8,Friday,35,3,30
2024-08-31,S003,Mesa,family suburban,995.0,0,none,0,none,1,0,0,99.0,0.8,5,8,Saturday,35,3,31
2024-09-01,S003,Mesa,family suburban,922.0,0,none,0,none,1,1,0,99.1,0.8018181818181818,6,9,Sunday,35,3,1
2024-09-02,S003,Mesa,family suburban,936.0,1,labor_day,0,none,0,1,0,99.2,0.8036363636363637,0,9,Monday,36,3,2
2024-09-03,S003,Mesa,family suburban,812.0,0,none,0,none,0,0,0,99.3,0.8054545454545454,1,9,Tuesday,36,3,3
2024-09-04,S003,Mesa,family suburban,806.0,0,none,0,none,0,0,0,99.4,0.8072727272727274,2,9,Wednesday,36,3,4
2024-09-05,S003,Mesa,family suburban,817.0,0,none,0,none,0,0,0,99.5,0.8090909090909091,3,9,Thursday,36,3,5
2024-09-06,S003,Mesa,family suburban,802.0,0,none,0,none,0,0,0,99.5,0.8090909090909091,4,9,Friday,36,3,6
2024-09-07,S003,Mesa,family suburban,954.0,0,none,0,none,1,0,0,99.6,0.8109090909090908,5,9,Saturday,36,3,7
2024-09-08,S003,Mesa,family suburban,881.0,0,none,0,none,1,0,0,99.7,0.8127272727272727,6,9,Sunday,36,3,8
2024-09-09,S003,Mesa,family suburban,722.0,0,none,0,none,0,0,0,99.7,0.8127272727272727,0,9,Monday,37,3,9
2024-09-10,S003,Mesa,family suburban,784.0,0,none,0,none,0,0,0,99.8,0.8145454545454545,1,9,Tuesday,37,3,10
2024-09-11,S003,Mesa,family suburban,793.0,0,none,0,none,0,0,0,99.8,0.8145454545454545,2,9,Wednesday,37,3,11
2024-09-12,S003,Mesa,family suburban,819.0,0,none,0,none,0,0,0,99.9,0.8163636363636365,3,9,Thursday,37,3,12
2024-09-13,S003,Mesa,family suburban,897.0,0,none,0,none,0,0,0,99.9,0.8163636363636365,4,9,Friday,37,3,13
2024-09-14,S003,Mesa,family suburban,946.0,0,none,0,none,1,1,0,99.9,0.8163636363636365,5,9,Saturday,37,3,14
2024-09-15,S003,Mesa,family suburban,973.0,0,none,0,none,1,1,0,100.0,0.8181818181818182,6,9,Sunday,37,3,15
2024-09-16,S003,Mesa,family suburban,755.0,0,none,0,none,0,1,0,100.0,0.8181818181818182,0,9,Monday,38,3,16
2024-09-17,S003,Mesa,family suburban,758.0,0,none,0,none,0,0,0,100.0,0.8181818181818182,1,9,Tuesday,38,3,17
2024-09-18,S003,Mesa,family suburban,875.0,0,none,0,none,0,0,0,100.0,0.8181818181818182,2,9,Wednesday,38,3,18
2024-09-19,S003,Mesa,family suburban,874.0,0,none,0,none,0,0,0,100.0,0.8181818181818182,3,9,Thursday,38,3,19
2024-09-20,S003,Mesa,family suburban,881.0,0,none,0,none,0,0,0,100.0,0.8181818181818182,4,9,Friday,38,3,20
2024-09-21,S003,Mesa,family suburban,904.0,0,none,0,none,1,0,0,100.0,0.8181818181818182,5,9,Saturday,38,3,21
2024-09-22,S003,Mesa,family suburban,869.0,0,none,0,none,1,0,0,100.0,0.8181818181818182,6,9,Sunday,38,3,22
2024-09-23,S003,Mesa,family suburban,758.0,0,none,0,none,0,0,0,100.0,0.8181818181818182,0,9,Monday,39,3,23
2024-09-24,S003,Mesa,family suburban,782.0,0,none,0,none,0,0,0,99.9,0.8163636363636365,1,9,Tuesday,39,3,24
2024-09-25,S003,Mesa,family suburban,810.0,0,none,0,none,0,0,0,99.9,0.8163636363636365,2,9,Wednesday,39,3,25
2024-09-26,S003,Mesa,family suburban,837.0,0,none,0,none,0,0,0,99.9,0.8163636363636365,3,9,Thursday,39,3,26
2024-09-27,S003,Mesa,family suburban,871.0,0,none,0,none,0,0,0,99.8,0.8145454545454545,4,9,Friday,39,3,27
2024-09-28,S003,Mesa,family suburban,888.0,0,none,0,none,1,0,0,99.8,0.8145454545454545,5,9,Saturday,39,3,28
2024-09-29,S003,Mesa,family suburban,870.0,0,none,0,none,1,0,0,99.8,0.8145454545454545,6,9,Sunday,39,3,29
2024-09-30,S003,Mesa,family suburban,786.0,0,none,0,none,0,0,0,99.7,0.8127272727272727,0,9,Monday,40,3,30
2024-10-01,S003,Mesa,family suburban,783.0,0,none,0,none,0,1,0,99.6,0.8109090909090908,1,10,Tuesday,40,4,1
2024-10-02,S003,Mesa,family suburban,856.0,0,none,0,none,0,1,0,99.6,0.8109090909090908,2,10,Wednesday,40,4,2
2024-10-03,S003,Mesa,family suburban,811.0,0,none,0,none,0,0,0,99.5,0.8090909090909091,3,10,Thursday,40,4,3
2024-10-04,S003,Mesa,family suburban,882.0,0,none,0,none,0,0,0,99.4,0.8072727272727274,4,10,Friday,40,4,4
2024-10-05,S003,Mesa,family suburban,923.0,0,none,0,none,1,0,0,99.3,0.8054545454545454,5,10,Saturday,40,4,5
2024-10-06,S003,Mesa,family suburban,935.0,0,none,0,none,1,0,0,99.3,0.8054545454545454,6,10,Sunday,40,4,6
2024-10-07,S003,Mesa,family suburban,774.0,0,none,0,none,0,0,0,99.2,0.8036363636363637,0,10,Monday,41,4,7
2024-10-08,S003,Mesa,family suburban,739.0,0,none,0,none,0,0,0,99.1,0.8018181818181818,1,10,Tuesday,41,4,8
2024-10-09,S003,Mesa,family suburban,836.0,0,none,0,none,0,0,0,99.0,0.8,2,10,Wednesday,41,4,9
2024-10-10,S003,Mesa,family suburban,813.0,0,none,0,none,0,0,0,98.9,0.7981818181818183,3,10,Thursday,41,4,10
2024-10-11,S003,Mesa,family suburban,861.0,0,none,0,none,0,0,0,98.8,0.7963636363636363,4,10,Friday,41,4,11
2024-10-12,S003,Mesa,family suburban,947.0,0,none,0,none,1,0,0,98.6,0.7927272727272726,5,10,Saturday,41,4,12
2024-10-13,S003,Mesa,family suburban,872.0,0,none,0,none,1,0,0,98.5,0.7909090909090909,6,10,Sunday,41,4,13
2024-10-14,S003,Mesa,family suburban,832.0,0,none,0,none,0,1,0,98.4,0.7890909090909092,0,10,Monday,42,4,14
2024-10-15,S003,Mesa,family suburban,804.0,0,none,0,none,0,1,0,98.3,0.7872727272727272,1,10,Tuesday,42,4,15
2024-10-16,S003,Mesa,family suburban,843.0,0,none,0,none,0,1,0,98.1,0.7836363636363636,2,10,Wednesday,42,4,16
2024-10-17,S003,Mesa,family suburban,818.0,0,none,0,none,0,0,0,98.0,0.7818181818181819,3,10,Thursday,42,4,17
2024-10-18,S003,Mesa,family suburban,862.0,0,none,0,none,0,0,0,97.9,0.7800000000000001,4,10,Friday,42,4,18
2024-10-19,S003,Mesa,family suburban,973.0,0,none,0,none,1,0,0,97.7,0.7763636363636364,5,10,Saturday,42,4,19
2024-10-20,S003,Mesa,family suburban,909.0,0,none,0,none,1,0,0,97.5,0.7727272727272727,6,10,Sunday,42,4,20
2024-10-21,S003,Mesa,family suburban,814.0,0,none,0,none,0,0,0,97.4,0.770909090909091,0,10,Monday,43,4,21
2024-10-22,S003,Mesa,family suburban,857.0,0,none,0,none,0,0,0,97.2,0.7672727272727273,1,10,Tuesday,43,4,22
2024-10-23,S003,Mesa,family suburban,782.0,0,none,0,none,0,0,0,97.1,0.7654545454545454,2,10,Wednesday,43,4,23
2024-10-24,S003,Mesa,family suburban,842.0,0,none,0,none,0,0,0,96.9,0.761818181818182,3,10,Thursday,43,4,24
2024-10-25,S003,Mesa,family suburban,842.0,0,none,0,none,0,0,0,96.7,0.7581818181818182,4,10,Friday,43,4,25
2024-10-26,S003,Mesa,family suburban,1006.0,0,none,1,mesa_fall_festival,1,0,0,96.5,0.7545454545454545,5,10,Saturday,43,4,26
2024-10-27,S003,Mesa,family suburban,868.0,0,none,0,none,1,0,0,96.3,0.7509090909090909,6,10,Sunday,43,4,27
2024-10-28,S003,Mesa,family suburban,724.0,0,none,0,none,0,0,0,96.2,0.7490909090909091,0,10,Monday,44,4,28
2024-10-29,S003,Mesa,family suburban,749.0,0,none,0,none,0,0,0,96.0,0.7454545454545455,1,10,Tuesday,44,4,29
2024-10-30,S003,Mesa,family suburban,811.0,0,none,0,none,0,0,0,95.8,0.7418181818181818,2,10,Wednesday,44,4,30
2024-10-31,S003,Mesa,family suburban,935.0,1,halloween,0,none,0,0,0,95.6,0.738181818181818,3,10,Thursday,44,4,31
2024-11-01,S003,Mesa,family suburban,962.0,0,none,0,none,0,1,0,95.4,0.7345454545454546,4,11,Friday,44,4,1
2024-11-02,S003,Mesa,family suburban,965.0,0,none,0,none,1,1,0,95.2,0.730909090909091,5,11,Saturday,44,4,2
2024-11-03,S003,Mesa,family suburban,981.0,0,none,0,none,1,0,0,94.9,0.7254545454545456,6,11,Sunday,44,4,3
2024-11-04,S003,Mesa,family suburban,744.0,0,none,0,none,0,0,0,94.7,0.7218181818181819,0,11,Monday,45,4,4
2024-11-05,S003,Mesa,family suburban,786.0,0,none,0,none,0,0,0,94.5,0.7181818181818181,1,11,Tuesday,45,4,5
2024-11-06,S003,Mesa,family suburban,774.0,0,none,0,none,0,0,0,94.3,0.7145454545454545,2,11,Wednesday,45,4,6
2024-11-07,S003,Mesa,family suburban,897.0,0,none,0,none,0,0,0,94.0,0.7090909090909091,3,11,Thursday,45,4,7
2024-11-08,S003,Mesa,family suburban,918.0,0,none,0,none,0,0,0,93.8,0.7054545454545454,4,11,Friday,45,4,8
2024-11-09,S003,Mesa,family suburban,949.0,0,none,0,none,1,0,0,93.6,0.7018181818181817,5,11,Saturday,45,4,9
2024-11-10,S003,Mesa,family suburban,846.0,0,none,0,none,1,0,0,93.3,0.6963636363636363,6,11,Sunday,45,4,10
2024-11-11,S003,Mesa,family suburban,766.0,0,none,0,none,0,0,0,93.1,0.6927272727272726,0,11,Monday,46,4,11
2024-11-12,S003,Mesa,family suburban,747.0,0,none,0,none,0,0,0,92.9,0.6890909090909092,1,11,Tuesday,46,4,12
2024-11-13,S003,Mesa,family suburban,865.0,0,none,0,none,0,0,0,92.6,0.6836363636363635,2,11,Wednesday,46,4,13
2024-11-14,S003,Mesa,family suburban,918.0,0,none,0,none,0,1,0,92.4,0.68,3,11,Thursday,46,4,14
2024-11-15,S003,Mesa,family suburban,938.0,0,none,0,none,0,1,0,92.1,0.6745454545454544,4,11,Friday,46,4,15
2024-11-16,S003,Mesa,family suburban,916.0,0,none,0,none,1,1,0,91.8,0.6690909090909091,5,11,Saturday,46,4,16
2024-11-17,S003,Mesa,family suburban,859.0,0,none,0,none,1,0,0,91.6,0.6654545454545453,6,11,Sunday,46,4,17
2024-11-18,S003,Mesa,family suburban,782.0,0,none,0,none,0,0,0,91.3,0.6599999999999999,0,11,Monday,47,4,18
2024-11-19,S003,Mesa,family suburban,824.0,0,none,0,none,0,0,0,91.1,0.6563636363636363,1,11,Tuesday,47,4,19
2024-11-20,S003,Mesa,family suburban,854.0,0,none,0,none,0,0,0,90.8,0.6509090909090909,2,11,Wednesday,47,4,20
2024-11-21,S003,Mesa,family suburban,790.0,0,none,0,none,0,0,0,90.5,0.6454545454545455,3,11,Thursday,47,4,21
2024-11-22,S003,Mesa,family suburban,893.0,0,none,0,none,0,0,0,90.2,0.64,4,11,Friday,47,4,22
2024-11-23,S003,Mesa,family suburban,973.0,0,none,0,none,1,0,0,90.0,0.6363636363636364,5,11,Saturday,47,4,23
2024-11-24,S003,Mesa,family suburban,837.0,0,none,0,none,1,0,0,89.7,0.630909090909091,6,11,Sunday,47,4,24
2024-11-25,S003,Mesa,family suburban,760.0,0,none,0,none,0,0,0,89.4,0.6254545454545456,0,11,Monday,48,4,25
2024-11-26,S003,Mesa,family suburban,794.0,0,none,0,none,0,0,0,89.1,0.6199999999999999,1,11,Tuesday,48,4,26
2024-11-27,S003,Mesa,family suburban,808.0,0,none,0,none,0,0,0,88.8,0.6145454545454545,2,11,Wednesday,48,4,27
2024-11-28,S003,Mesa,family suburban,917.0,1,thanksgiving,0,none,0,0,0,88.5,0.6090909090909091,3,11,Thursday,48,4,28
2024-11-29,S003,Mesa,family suburban,1014.0,1,black_friday,0,none,0,0,0,88.3,0.6054545454545454,4,11,Friday,48,4,29
2024-11-30,S003,Mesa,family suburban,930.0,0,none,0,none,1,0,0,88.0,0.6,5,11,Saturday,48,4,30
2024-12-01,S003,Mesa,family suburban,941.0,0,none,0,none,1,1,0,87.7,0.5945454545454546,6,12,Sunday,48,4,1
2024-12-02,S003,Mesa,family suburban,788.0,0,none,0,none,0,1,0,87.4,0.5890909090909092,0,12,Monday,49,4,2
2024-12-03,S003,Mesa,family suburban,771.0,0,none,0,none,0,0,0,87.1,0.5836363636363635,1,12,Tuesday,49,4,3
2024-12-04,S003,Mesa,family suburban,817.0,0,none,0,none,0,0,0,86.8,0.5781818181818181,2,12,Wednesday,49,4,4
2024-12-05,S003,Mesa,family suburban,858.0,0,none,0,none,0,0,0,86.5,0.5727272727272728,3,12,Thursday,49,4,5
2024-12-06,S003,Mesa,family suburban,874.0,0,none,0,none,0,0,0,86.2,0.5672727272727274,4,12,Friday,49,4,6
2024-12-07,S003,Mesa,family suburban,928.0,0,none,0,none,1,0,0,85.9,0.5618181818181819,5,12,Saturday,49,4,7
2024-12-08,S003,Mesa,family suburban,895.0,0,none,0,none,1,0,0,85.6,0.5563636363636363,6,12,Sunday,49,4,8
2024-12-09,S003,Mesa,family suburban,699.0,0,none,0,none,0,0,0,85.3,0.5509090909090909,0,12,Monday,50,4,9
2024-12-10,S003,Mesa,family suburban,802.0,0,none,0,none,0,0,0,85.0,0.5454545454545454,1,12,Tuesday,50,4,10
2024-12-11,S003,Mesa,family suburban,819.0,0,none,0,none,0,0,0,84.7,0.54,2,12,Wednesday,50,4,11
2024-12-12,S003,Mesa,family suburban,845.0,0,none,0,none,0,0,0,84.4,0.5345454545454547,3,12,Thursday,50,4,12
2024-12-13,S003,Mesa,family suburban,916.0,0,none,0,none,0,0,0,84.0,0.5272727272727272,4,12,Friday,50,4,13
2024-12-14,S003,Mesa,family suburban,1025.0,0,none,1,holiday_lights,1,1,0,83.7,0.5218181818181818,5,12,Saturday,50,4,14
2024-12-15,S003,Mesa,family suburban,882.0,0,none,0,none,1,1,0,83.4,0.5163636363636365,6,12,Sunday,50,4,15
2024-12-16,S003,Mesa,family suburban,817.0,0,none,0,none,0,1,0,83.1,0.5109090909090908,0,12,Monday,51,4,16
2024-12-17,S003,Mesa,family suburban,786.0,0,none,0,none,0,0,0,82.8,0.5054545454545454,1,12,Tuesday,51,4,17
2024-12-18,S003,Mesa,family suburban,825.0,0,none,0,none,0,0,0,82.5,0.5,2,12,Wednesday,51,4,18
2024-12-19,S003,Mesa,family suburban,829.0,0,none,0,none,0,0,0,82.2,0.4945454545454546,3,12,Thursday,51,4,19
2024-12-20,S003,Mesa,family suburban,907.0,0,none,0,none,0,0,0,81.9,0.4890909090909092,4,12,Friday,51,4,20
2024-12-21,S003,Mesa,family suburban,973.0,0,none,0,none,1,0,0,81.6,0.48363636363636353,5,12,Saturday,51,4,21
2024-12-22,S003,Mesa,family suburban,909.0,0,none,0,none,1,0,0,81.3,0.47818181818181815,6,12,Sunday,51,4,22
2024-12-23,S003,Mesa,family suburban,754.0,0,none,0,none,0,0,0,81.0,0.4727272727272727,0,12,Monday,52,4,23
2024-12-24,S003,Mesa,family suburban,844.0,1,christmas_eve,0,none,0,0,0,80.6,0.46545454545454534,1,12,Tuesday,52,4,24
2024-12-25,S003,Mesa,family suburban,648.0,1,christmas_day,0,none,0,0,0,80.3,0.45999999999999996,2,12,Wednesday,52,4,25
2024-12-26,S003,Mesa,family suburban,885.0,0,none,0,none,0,0,0,80.0,0.45454545454545453,3,12,Thursday,52,4,26
2024-12-27,S003,Mesa,family suburban,907.0,0,none,0,none,0,0,0,79.7,0.44909090909090915,4,12,Friday,52,4,27
2024-12-28,S003,Mesa,family suburban,915.0,0,none,0,none,1,0,0,79.4,0.4436363636363637,5,12,Saturday,52,4,28
2024-12-29,S003,Mesa,family suburban,916.0,0,none,0,none,1,0,0,79.1,0.43818181818181806,6,12,Sunday,52,4,29
2024-12-30,S003,Mesa,family suburban,791.0,0,none,0,none,0,0,0,78.8,0.4327272727272727,0,12,Monday,1,4,30
2024-12-31,S003,Mesa,family suburban,965.0,1,new_years_eve,0,none,0,0,0,78.5,0.42727272727272725,1,12,Tuesday,1,4,31
2025-01-01,S003,Mesa,family suburban,737.0,1,new_years_day,0,none,0,1,0,78.4,0.4254545454545456,2,1,Wednesday,1,1,1
2025-01-02,S003,Mesa,family suburban,889.0,0,none,0,none,0,1,0,78.1,0.4199999999999999,3,1,Thursday,1,1,2
2025-01-03,S003,Mesa,family suburban,911.0,0,none,0,none,0,0,0,77.8,0.4145454545454545,4,1,Friday,1,1,3
2025-01-04,S003,Mesa,family suburban,946.0,0,none,0,none,1,0,0,77.5,0.4090909090909091,5,1,Saturday,1,1,4
2025-01-05,S003,Mesa,family suburban,858.0,0,none,0,none,1,0,0,77.2,0.4036363636363637,6,1,Sunday,1,1,5
2025-01-06,S003,Mesa,family suburban,777.0,0,none,0,none,0,0,0,76.9,0.3981818181818183,0,1,Monday,2,1,6
2025-01-07,S003,Mesa,family suburban,807.0,0,none,0,none,0,0,0,76.6,0.39272727272727265,1,1,Tuesday,2,1,7
2025-01-08,S003,Mesa,family suburban,824.0,0,none,0,none,0,0,0,76.3,0.3872727272727272,2,1,Wednesday,2,1,8
2025-01-09,S003,Mesa,family suburban,853.0,0,none,0,none,0,0,0,76.0,0.38181818181818183,3,1,Thursday,2,1,9
2025-01-10,S003,Mesa,family suburban,879.0,0,none,0,none,0,0,0,75.7,0.3763636363636364,4,1,Friday,2,1,10
2025-01-11,S003,Mesa,family suburban,993.0,0,none,0,none,1,0,0,75.5,0.37272727272727274,5,1,Saturday,2,1,11
2025-01-12,S003,Mesa,family suburban,866.0,0,none,0,none,1,0,0,75.2,0.3672727272727273,6,1,Sunday,2,1,12
2025-01-13,S003,Mesa,family suburban,745.0,0,none,0,none,0,0,0,74.9,0.3618181818181819,0,1,Monday,3,1,13
2025-01-14,S003,Mesa,family suburban,836.0,0,none,0,none,0,1,0,74.6,0.35636363636363627,1,1,Tuesday,3,1,14
2025-01-15,S003,Mesa,family suburban,900.0,0,none,0,none,0,1,0,74.3,0.35090909090909084,2,1,Wednesday,3,1,15
2025-01-16,S003,Mesa,family suburban,848.0,0,none,0,none,0,1,0,74.0,0.34545454545454546,3,1,Thursday,3,1,16
2025-01-17,S003,Mesa,family suburban,845.0,0,none,0,none,0,0,0,73.8,0.34181818181818174,4,1,Friday,3,1,17
2025-01-18,S003,Mesa,family suburban,879.0,0,none,0,none,1,0,0,73.5,0.33636363636363636,5,1,Saturday,3,1,18
2025-01-19,S003,Mesa,family suburban,897.0,0,none,0,none,1,0,0,73.2,0.330909090909091,6,1,Sunday,3,1,19
2025-01-20,S003,Mesa,family suburban,728.0,0,none,0,none,0,0,0,72.9,0.32545454545454555,0,1,Monday,4,1,20
2025-01-21,S003,Mesa,family suburban,777.0,0,none,0,none,0,0,0,72.7,0.3218181818181819,1,1,Tuesday,4,1,21
2025-01-22,S003,Mesa,family suburban,844.0,0,none,0,none,0,0,0,72.4,0.31636363636363646,2,1,Wednesday,4,1,22
2025-01-23,S003,Mesa,family suburban,826.0,0,none,0,none,0,0,0,72.2,0.3127272727272728,3,1,Thursday,4,1,23
2025-01-24,S003,Mesa,family suburban,896.0,0,none,0,none,0,0,0,71.9,0.30727272727272736,4,1,Friday,4,1,24
2025-01-25,S003,Mesa,family suburban,936.0,0,none,0,none,1,0,0,71.6,0.3018181818181817,5,1,Saturday,4,1,25
2025-01-26,S003,Mesa,family suburban,919.0,0,none,0,none,1,0,0,71.4,0.29818181818181827,6,1,Sunday,4,1,26
2025-01-27,S003,Mesa,family suburban,781.0,0,none,0,none,0,0,0,71.1,0.2927272727272726,0,1,Monday,5,1,27
2025-01-28,S003,Mesa,family suburban,767.0,0,none,0,none,0,0,0,70.9,0.2890909090909092,1,1,Tuesday,5,1,28
2025-01-29,S003,Mesa,family suburban,817.0,0,none,0,none,0,0,0,70.7,0.2854545454545455,2,1,Wednesday,5,1,29
2025-01-30,S003,Mesa,family suburban,882.0,0,none,0,none,0,0,0,70.4,0.2800000000000001,3,1,Thursday,5,1,30
2025-01-31,S003,Mesa,family suburban,902.0,0,none,0,none,0,0,0,70.2,0.2763636363636364,4,1,Friday,5,1,31
2025-02-01,S003,Mesa,family suburban,958.0,0,none,0,none,1,1,0,70.0,0.2727272727272727,5,2,Saturday,5,1,1
2025-02-02,S003,Mesa,family suburban,972.0,0,none,0,none,1,1,0,69.7,0.26727272727272733,6,2,Sunday,5,1,2
2025-02-03,S003,Mesa,family suburban,730.0,0,none,0,none,0,0,0,69.5,0.2636363636363636,0,2,Monday,6,1,3
2025-02-04,S003,Mesa,family suburban,836.0,0,none,0,none,0,0,0,69.3,0.25999999999999995,1,2,Tuesday,6,1,4
2025-02-05,S003,Mesa,family suburban,857.0,0,none,0,none,0,0,0,69.1,0.25636363636363624,2,2,Wednesday,6,1,5
2025-02-06,S003,Mesa,family suburban,858.0,0,none,0,none,0,0,0,68.8,0.25090909090909086,3,2,Thursday,6,1,6
2025-02-07,S003,Mesa,family suburban,894.0,0,none,0,none,0,0,0,68.6,0.24727272727272717,4,2,Friday,6,1,7
2025-02-08,S003,Mesa,family suburban,940.0,0,none,0,none,1,0,0,68.4,0.24363636363636373,5,2,Saturday,6,1,8
2025-02-09,S003,Mesa,family suburban,1064.0,1,super_bowl,0,none,1,0,0,68.2,0.24000000000000005,6,2,Sunday,6,1,9
2025-02-10,S003,Mesa,family suburban,754.0,0,none,0,none,0,0,0,68.0,0.23636363636363636,0,2,Monday,7,1,10
2025-02-11,S003,Mesa,family suburban,799.0,0,none,0,none,0,0,0,67.8,0.23272727272727267,1,2,Tuesday,7,1,11
2025-02-12,S003,Mesa,family suburban,852.0,0,none,0,none,0,0,0,67.7,0.23090909090909095,2,2,Wednesday,7,1,12
2025-02-13,S003,Mesa,family suburban,830.0,0,none,0,none,0,0,0,67.5,0.22727272727272727,3,2,Thursday,7,1,13
2025-02-14,S003,Mesa,family suburban,923.0,0,none,0,none,0,1,0,67.3,0.22363636363636358,4,2,Friday,7,1,14
2025-02-15,S003,Mesa,family suburban,966.0,0,none,0,none,1,1,0,67.1,0.2199999999999999,5,2,Saturday,7,1,15
2025-02-16,S003,Mesa,family suburban,917.0,0,none,0,none,1,1,0,66.9,0.21636363636363648,6,2,Sunday,7,1,16
2025-02-17,S003,Mesa,family suburban,707.0,0,none,0,none,0,0,0,66.8,0.21454545454545448,0,2,Monday,8,1,17
2025-02-18,S003,Mesa,family suburban,815.0,0,none,0,none,0,0,0,66.6,0.2109090909090908,1,2,Tuesday,8,1,18
2025-02-19,S003,Mesa,family suburban,883.0,0,none,0,none,0,0,0,66.5,0.20909090909090908,2,2,Wednesday,8,1,19
2025-02-20,S003,Mesa,family suburban,896.0,0,none,0,none,0,0,0,66.3,0.2054545454545454,3,2,Thursday,8,1,20
2025-02-21,S003,Mesa,family suburban,837.0,0,none,0,none,0,0,0,66.1,0.2018181818181817,4,2,Friday,8,1,21
2025-02-22,S003,Mesa,family suburban,972.0,0,none,0,none,1,0,0,66.0,0.2,5,2,Saturday,8,1,22
2025-02-23,S003,Mesa,family suburban,945.0,0,none,0,none,1,0,0,65.9,0.1981818181818183,6,2,Sunday,8,1,23
2025-02-24,S003,Mesa,family suburban,752.0,0,none,0,none,0,0,0,65.7,0.1945454545454546,0,2,Monday,9,1,24
2025-02-25,S003,Mesa,family suburban,795.0,0,none,0,none,0,0,0,65.6,0.19272727272727264,1,2,Tuesday,9,1,25
2025-02-26,S003,Mesa,family suburban,759.0,0,none,0,none,0,0,0,65.5,0.19090909090909092,2,2,Wednesday,9,1,26
2025-02-27,S003,Mesa,family suburban,858.0,0,none,0,none,0,0,0,65.4,0.1890909090909092,3,2,Thursday,9,1,27
2025-02-28,S003,Mesa,family suburban,856.0,0,none,0,none,0,0,0,65.2,0.1854545454545455,4,2,Friday,9,1,28
2025-03-01,S003,Mesa,family suburban,1012.0,0,none,0,none,1,1,0,65.1,0.18363636363636354,5,3,Saturday,9,1,1
2025-03-02,S003,Mesa,family suburban,903.0,0,none,0,none,1,1,0,65.0,0.18181818181818182,6,3,Sunday,9,1,2
2025-03-03,S003,Mesa,family suburban,785.0,0,none,0,none,0,0,0,64.9,0.1800000000000001,0,3,Monday,10,1,3
2025-03-04,S003,Mesa,family suburban,826.0,0,none,0,none,0,0,0,64.8,0.17818181818181814,1,3,Tuesday,10,1,4
2025-03-05,S003,Mesa,family suburban,800.0,0,none,0,none,0,0,0,64.7,0.17636363636363642,2,3,Wednesday,10,1,5
2025-03-06,S003,Mesa,family suburban,813.0,0,none,0,none,0,0,0,64.7,0.17636363636363642,3,3,Thursday,10,1,6
2025-03-07,S003,Mesa,family suburban,821.0,0,none,0,none,0,0,0,64.6,0.17454545454545445,4,3,Friday,10,1,7
2025-03-08,S003,Mesa,family suburban,1083.0,0,none,1,spring_training,1,0,0,64.5,0.17272727272727273,5,3,Saturday,10,1,8
2025-03-09,S003,Mesa,family suburban,881.0,0,none,0,none,1,0,0,64.4,0.170909090909091,6,3,Sunday,10,1,9
2025-03-10,S003,Mesa,family suburban,717.0,0,none,0,none,0,0,0,64.4,0.170909090909091,0,3,Monday,11,1,10
2025-03-11,S003,Mesa,family suburban,808.0,0,none,0,none,0,0,0,64.3,0.16909090909090904,1,3,Tuesday,11,1,11
2025-03-12,S003,Mesa,family suburban,811.0,0,none,0,none,0,0,0,64.2,0.16727272727272732,2,3,Wednesday,11,1,12
2025-03-13,S003,Mesa,family suburban,816.0,0,none,0,none,0,0,0,64.2,0.16727272727272732,3,3,Thursday,11,1,13
2025-03-14,S003,Mesa,family suburban,928.0,0,none,0,none,0,1,0,64.2,0.16727272727272732,4,3,Friday,11,1,14
2025-03-15,S003,Mesa,family suburban,1042.0,0,none,0,none,1,1,0,64.1,0.16545454545454535,5,3,Saturday,11,1,15
2025-03-16,S003,Mesa,family suburban,974.0,0,none,0,none,1,1,0,64.1,0.16545454545454535,6,3,Sunday,11,1,16
2025-03-17,S003,Mesa,family suburban,764.0,0,none,0,none,0,0,0,64.1,0.16545454545454535,0,3,Monday,12,1,17
2025-03-18,S003,Mesa,family suburban,814.0,0,none,0,none,0,0,0,64.0,0.16363636363636364,1,3,Tuesday,12,1,18
2025-03-19,S003,Mesa,family suburban,789.0,0,none,0,none,0,0,0,64.0,0.16363636363636364,2,3,Wednesday,12,1,19
2025-03-20,S003,Mesa,family suburban,852.0,0,none,0,none,0,0,0,64.0,0.16363636363636364,3,3,Thursday,12,1,20
2025-03-21,S003,Mesa,family suburban,898.0,0,none,0,none,0,0,0,64.0,0.16363636363636364,4,3,Friday,12,1,21
2025-03-22,S003,Mesa,family suburban,935.0,0,none,0,none,1,0,0,64.0,0.16363636363636364,5,3,Saturday,12,1,22
2025-03-23,S003,Mesa,family suburban,915.0,0,none,0,none,1,0,0,64.0,0.16363636363636364,6,3,Sunday,12,1,23
2025-03-24,S003,Mesa,family suburban,744.0,0,none,0,none,0,0,0,64.0,0.16363636363636364,0,3,Monday,13,1,24
2025-03-25,S003,Mesa,family suburban,811.0,0,none,0,none,0,0,0,64.0,0.16363636363636364,1,3,Tuesday,13,1,25
2025-03-26,S003,Mesa,family suburban,845.0,0,none,0,none,0,0,0,64.0,0.16363636363636364,2,3,Wednesday,13,1,26
2025-03-27,S003,Mesa,family suburban,757.0,0,none,0,none,0,0,0,64.1,0.16545454545454535,3,3,Thursday,13,1,27
2025-03-28,S003,Mesa,family suburban,932.0,0,none,0,none,0,0,0,64.1,0.16545454545454535,4,3,Friday,13,1,28
2025-03-29,S003,Mesa,family suburban,852.0,0,none,0,none,1,0,0,64.1,0.16545454545454535,5,3,Saturday,13,1,29
2025-03-30,S003,Mesa,family suburban,882.0,0,none,0,none,1,0,0,64.2,0.16727272727272732,6,3,Sunday,13,1,30
2025-03-31,S003,Mesa,family suburban,803.0,0,none,0,none,0,0,0,64.2,0.16727272727272732,0,3,Monday,14,1,31
2025-04-01,S003,Mesa,family suburban,832.0,0,none,0,none,0,1,0,64.3,0.16909090909090904,1,4,Tuesday,14,2,1
2025-04-02,S003,Mesa,family suburban,829.0,0,none,0,none,0,1,0,64.3,0.16909090909090904,2,4,Wednesday,14,2,2
2025-04-03,S003,Mesa,family suburban,817.0,0,none,0,none,0,0,0,64.4,0.170909090909091,3,4,Thursday,14,2,3
2025-04-04,S003,Mesa,family suburban,928.0,0,none,0,none,0,0,0,64.5,0.17272727272727273,4,4,Friday,14,2,4
2025-04-05,S003,Mesa,family suburban,956.0,0,none,1,swap_meet_weekend,1,0,0,64.5,0.17272727272727273,5,4,Saturday,14,2,5
2025-04-06,S003,Mesa,family suburban,939.0,0,none,0,none,1,0,0,64.6,0.17454545454545445,6,4,Sunday,14,2,6
2025-04-07,S003,Mesa,family suburban,768.0,0,none,0,none,0,0,0,64.7,0.17636363636363642,0,4,Monday,15,2,7
2025-04-08,S003,Mesa,family suburban,756.0,0,none,0,none,0,0,0,64.8,0.17818181818181814,1,4,Tuesday,15,2,8
2025-04-09,S003,Mesa,family suburban,809.0,0,none,0,none,0,0,0,64.9,0.1800000000000001,2,4,Wednesday,15,2,9
2025-04-10,S003,Mesa,family suburban,820.0,0,none,0,none,0,0,0,65.0,0.18181818181818182,3,4,Thursday,15,2,10
2025-04-11,S003,Mesa,family suburban,923.0,0,none,0,none,0,0,0,65.1,0.18363636363636354,4,4,Friday,15,2,11
2025-04-12,S003,Mesa,family suburban,977.0,0,none,0,none,1,0,0,65.2,0.1854545454545455,5,4,Saturday,15,2,12
2025-04-13,S003,Mesa,family suburban,847.0,0,none,0,none,1,0,0,65.3,0.18727272727272723,6,4,Sunday,15,2,13
2025-04-14,S003,Mesa,family suburban,804.0,0,none,0,none,0,1,0,65.4,0.1890909090909092,0,4,Monday,16,2,14
2025-04-15,S003,Mesa,family suburban,815.0,0,none,0,none,0,1,0,65.6,0.19272727272727264,1,4,Tuesday,16,2,15
2025-04-16,S003,Mesa,family suburban,921.0,0,none,0,none,0,1,0,65.7,0.1945454545454546,2,4,Wednesday,16,2,16
2025-04-17,S003,Mesa,family suburban,810.0,0,none,0,none,0,0,0,65.8,0.19636363636363632,3,4,Thursday,16,2,17
2025-04-18,S003,Mesa,family suburban,948.0,0,none,0,none,0,0,0,66.0,0.2,4,4,Friday,16,2,18
2025-04-19,S003,Mesa,family suburban,952.0,0,none,0,none,1,0,0,66.1,0.2018181818181817,5,4,Saturday,16,2,19
2025-04-20,S003,Mesa,family suburban,866.0,0,none,0,none,1,0,0,66.2,0.2036363636363637,6,4,Sunday,16,2,20
2025-04-21,S003,Mesa,family suburban,749.0,0,none,0,none,0,0,0,66.4,0.2072727272727274,0,4,Monday,17,2,21
2025-04-22,S003,Mesa,family suburban,770.0,0,none,0,none,0,0,0,66.5,0.20909090909090908,1,4,Tuesday,17,2,22
2025-04-23,S003,Mesa,family suburban,788.0,0,none,0,none,0,0,0,66.7,0.2127272727272728,2,4,Wednesday,17,2,23
2025-04-24,S003,Mesa,family suburban,857.0,0,none,0,none,0,0,0,66.9,0.21636363636363648,3,4,Thursday,17,2,24
2025-04-25,S003,Mesa,family suburban,856.0,0,none,0,none,0,0,0,67.0,0.21818181818181817,4,4,Friday,17,2,25
2025-04-26,S003,Mesa,family suburban,883.0,0,none,0,none,1,0,0,67.2,0.22181818181818186,5,4,Saturday,17,2,26
2025-04-27,S003,Mesa,family suburban,892.0,0,none,0,none,1,0,0,67.4,0.22545454545454555,6,4,Sunday,17,2,27
2025-04-28,S003,Mesa,family suburban,713.0,0,none,0,none,0,0,0,67.6,0.22909090909090898,0,4,Monday,18,2,28
2025-04-29,S003,Mesa,family suburban,772.0,0,none,0,none,0,0,0,67.8,0.23272727272727267,1,4,Tuesday,18,2,29
2025-04-30,S003,Mesa,family suburban,800.0,0,none,0,none,0,0,0,68.0,0.23636363636363636,2,4,Wednesday,18,2,30
2025-05-01,S003,Mesa,family suburban,878.0,0,none,0,none,0,1,0,68.2,0.24000000000000005,3,5,Thursday,18,2,1
2025-05-02,S003,Mesa,family suburban,1015.0,0,none,0,none,0,1,0,68.4,0.24363636363636373,4,5,Friday,18,2,2
2025-05-03,S003,Mesa,family suburban,956.0,0,none,0,none,1,0,0,68.6,0.24727272727272717,5,5,Saturday,18,2,3
2025-05-04,S003,Mesa,family suburban,913.0,0,none,0,none,1,0,0,68.8,0.25090909090909086,6,5,Sunday,18,2,4
2025-05-05,S003,Mesa,family suburban,714.0,0,none,0,none,0,0,0,69.0,0.2545454545454545,0,5,Monday,19,2,5
2025-05-06,S003,Mesa,family suburban,776.0,0,none,0,none,0,0,0,69.2,0.25818181818181823,1,5,Tuesday,19,2,6
2025-05-07,S003,Mesa,family suburban,837.0,0,none,0,none,0,0,0,69.4,0.2618181818181819,2,5,Wednesday,19,2,7
2025-05-08,S003,Mesa,family suburban,822.0,0,none,0,none,0,0,0,69.6,0.26545454545454533,3,5,Thursday,19,2,8
2025-05-09,S003,Mesa,family suburban,927.0,0,none,0,none,0,0,0,69.9,0.270909090909091,4,5,Friday,19,2,9
2025-05-10,S003,Mesa,family suburban,916.0,0,none,0,none,1,0,0,70.1,0.2745454545454544,5,5,Saturday,19,2,10
2025-05-11,S003,Mesa,family suburban,896.0,0,none,0,none,1,0,0,70.3,0.27818181818181814,6,5,Sunday,19,2,11
2025-05-12,S003,Mesa,family suburban,753.0,0,none,0,none,0,0,0,70.6,0.2836363636363635,0,5,Monday,20,2,12
2025-05-13,S003,Mesa,family suburban,803.0,0,none,0,none,0,0,0,70.8,0.28727272727272724,1,5,Tuesday,20,2,13
2025-05-14,S003,Mesa,family suburban,860.0,0,none,0,none,0,1,0,71.1,0.2927272727272726,2,5,Wednesday,20,2,14
2025-05-15,S003,Mesa,family suburban,898.0,0,none,0,none,0,1,0,71.3,0.29636363636363633,3,5,Thursday,20,2,15
2025-05-16,S003,Mesa,family suburban,944.0,0,none,0,none,0,1,0,71.6,0.3018181818181817,4,5,Friday,20,2,16
2025-05-17,S003,Mesa,family suburban,932.0,0,none,0,none,1,0,0,71.8,0.3054545454545454,5,5,Saturday,20,2,17
2025-05-18,S003,Mesa,family suburban,922.0,0,none,0,none,1,0,0,72.1,0.3109090909090908,6,5,Sunday,20,2,18
2025-05-19,S003,Mesa,family suburban,781.0,0,none,0,none,0,0,0,72.3,0.3145454545454545,0,5,Monday,21,2,19
2025-05-20,S003,Mesa,family suburban,795.0,0,none,0,none,0,0,0,72.6,0.3199999999999999,1,5,Tuesday,21,2,20
2025-05-21,S003,Mesa,family suburban,817.0,0,none,0,none,0,0,0,72.8,0.3236363636363636,2,5,Wednesday,21,2,21
2025-05-22,S003,Mesa,family suburban,882.0,0,none,0,none,0,0,0,73.1,0.329090909090909,3,5,Thursday,21,2,22
2025-05-23,S003,Mesa,family suburban,890.0,0,none,0,none,0,0,0,73.4,0.33454545454545465,4,5,Friday,21,2,23
2025-05-24,S003,Mesa,family suburban,946.0,0,none,0,none,1,0,0,73.7,0.34,5,5,Saturday,21,2,24
2025-05-25,S003,Mesa,family suburban,910.0,0,none,0,none,1,0,0,73.9,0.34363636363636374,6,5,Sunday,21,2,25
2025-05-26,S003,Mesa,family suburban,953.0,1,memorial_day,0,none,0,0,0,74.2,0.3490909090909091,0,5,Monday,22,2,26
2025-05-27,S003,Mesa,family suburban,755.0,0,none,0,none,0,0,0,74.5,0.35454545454545455,1,5,Tuesday,22,2,27
2025-05-28,S003,Mesa,family suburban,857.0,0,none,0,none,0,0,0,74.8,0.35999999999999993,2,5,Wednesday,22,2,28
2025-05-29,S003,Mesa,family suburban,795.0,0,none,0,none,0,0,0,75.1,0.36545454545454537,3,5,Thursday,22,2,29
2025-05-30,S003,Mesa,family suburban,906.0,0,none,0,none,0,0,0,75.3,0.369090909090909,4,5,Friday,22,2,30
2025-05-31,S003,Mesa,family suburban,1008.0,0,none,0,none,1,0,0,75.6,0.37454545454545446,5,5,Saturday,22,2,31
2025-06-01,S003,Mesa,family suburban,978.0,0,none,0,none,1,1,0,75.9,0.3800000000000001,6,6,Sunday,22,2,1
2025-06-02,S003,Mesa,family suburban,826.0,0,none,0,none,0,1,0,76.2,0.3854545454545455,0,6,Monday,23,2,2
2025-06-03,S003,Mesa,family suburban,781.0,0,none,0,none,0,0,0,76.5,0.39090909090909093,1,6,Tuesday,23,2,3
2025-06-04,S003,Mesa,family suburban,834.0,0,none,0,none,0,0,0,76.8,0.3963636363636363,2,6,Wednesday,23,2,4
2025-06-05,S003,Mesa,family suburban,849.0,0,none,0,none,0,0,0,77.1,0.40181818181818174,3,6,Thursday,23,2,5
2025-06-06,S003,Mesa,family suburban,874.0,0,none,0,none,0,0,0,77.4,0.4072727272727274,4,6,Friday,23,2,6
2025-06-07,S003,Mesa,family suburban,948.0,0,none,0,none,1,0,0,77.7,0.4127272727272728,5,6,Saturday,23,2,7
2025-06-08,S003,Mesa,family suburban,914.0,0,none,0,none,1,0,0,78.0,0.41818181818181815,6,6,Sunday,23,2,8
2025-06-09,S003,Mesa,family suburban,750.0,0,none,0,none,0,0,0,78.3,0.4236363636363636,0,6,Monday,24,2,9
2025-06-10,S003,Mesa,family suburban,773.0,0,none,0,none,0,0,0,78.6,0.42909090909090897,1,6,Tuesday,24,2,10
2025-06-11,S003,Mesa,family suburban,789.0,0,none,0,none,0,0,0,78.9,0.4345454545454546,2,6,Wednesday,24,2,11
2025-06-12,S003,Mesa,family suburban,871.0,0,none,0,none,0,0,0,79.2,0.44000000000000006,3,6,Thursday,24,2,12
2025-06-13,S003,Mesa,family suburban,918.0,0,none,0,none,0,0,0,79.5,0.44545454545454544,4,6,Friday,24,2,13
2025-06-14,S003,Mesa,family suburban,1023.0,0,none,0,none,1,1,0,79.8,0.45090909090909087,5,6,Saturday,24,2,14
2025-06-15,S003,Mesa,family suburban,994.0,0,none,0,none,1,1,0,80.1,0.45636363636363625,6,6,Sunday,24,2,15
2025-06-16,S003,Mesa,family suburban,824.0,0,none,0,none,0,1,0,80.5,0.4636363636363636,0,6,Monday,25,2,16
2025-06-17,S003,Mesa,family suburban,813.0,0,none,0,none,0,0,0,80.8,0.46909090909090906,1,6,Tuesday,25,2,17
2025-06-18,S003,Mesa,family suburban,843.0,0,none,0,none,0,0,0,81.1,0.47454545454545444,2,6,Wednesday,25,2,18
2025-06-19,S003,Mesa,family suburban,856.0,0,none,0,none,0,0,0,81.4,0.4800000000000001,3,6,Thursday,25,2,19
2025-06-20,S003,Mesa,family suburban,883.0,0,none,0,none,0,0,0,81.7,0.4854545454545455,4,6,Friday,25,2,20
2025-06-21,S003,Mesa,family suburban,1031.0,0,none,0,none,1,0,0,82.0,0.4909090909090909,5,6,Saturday,25,2,21
2025-06-22,S003,Mesa,family suburban,894.0,0,none,0,none,1,0,0,82.3,0.4963636363636363,6,6,Sunday,25,2,22
2025-06-23,S003,Mesa,family suburban,754.0,0,none,0,none,0,0,0,82.6,0.5018181818181817,0,6,Monday,26,2,23
2025-06-24,S003,Mesa,family suburban,815.0,0,none,0,none,0,0,0,82.9,0.5072727272727274,1,6,Tuesday,26,2,24
2025-06-25,S003,Mesa,family suburban,842.0,0,none,0,none,0,0,0,83.2,0.5127272727272728,2,6,Wednesday,26,2,25
2025-06-26,S003,Mesa,family suburban,813.0,0,none,0,none,0,0,0,83.5,0.5181818181818182,3,6,Thursday,26,2,26
2025-06-27,S003,Mesa,family suburban,938.0,0,none,0,none,0,0,0,83.9,0.5254545454545455,4,6,Friday,26,2,27
2025-06-28,S003,Mesa,family suburban,956.0,0,none,0,none,1,0,0,84.2,0.530909090909091,5,6,Saturday,26,2,28
2025-06-29,S003,Mesa,family suburban,873.0,0,none,0,none,1,0,0,84.5,0.5363636363636364,6,6,Sunday,26,2,29
2025-06-30,S003,Mesa,family suburban,815.0,0,none,0,none,0,0,0,84.8,0.5418181818181818,0,6,Monday,27,2,30
2025-07-01,S003,Mesa,family suburban,870.0,0,none,0,none,0,1,0,85.1,0.5472727272727271,1,7,Tuesday,27,3,1
2025-07-02,S003,Mesa,family suburban,843.0,0,none,0,none,0,1,0,85.4,0.5527272727272728,2,7,Wednesday,27,3,2
2025-07-03,S003,Mesa,family suburban,918.0,0,none,0,none,0,0,0,85.7,0.5581818181818182,3,7,Thursday,27,3,3
2025-07-04,S003,Mesa,family suburban,1067.0,1,independence_day,0,none,0,0,0,86.0,0.5636363636363636,4,7,Friday,27,3,4
2025-07-05,S003,Mesa,family suburban,960.0,0,none,0,none,1,0,0,86.3,0.5690909090909091,5,7,Saturday,27,3,5
2025-07-06,S003,Mesa,family suburban,962.0,0,none,0,none,1,0,0,86.6,0.5745454545454545,6,7,Sunday,27,3,6
2025-07-07,S003,Mesa,family suburban,782.0,0,none,0,none,0,0,0,86.9,0.5800000000000001,0,7,Monday,28,3,7
2025-07-08,S003,Mesa,family suburban,801.0,0,none,0,none,0,0,0,87.2,0.5854545454545456,1,7,Tuesday,28,3,8
2025-07-09,S003,Mesa,family suburban,814.0,0,none,0,none,0,0,0,87.5,0.5909090909090909,2,7,Wednesday,28,3,9
2025-07-10,S003,Mesa,family suburban,879.0,0,none,0,none,0,0,0,87.8,0.5963636363636363,3,7,Thursday,28,3,10
2025-07-11,S003,Mesa,family suburban,918.0,0,none,0,none,0,0,0,88.1,0.6018181818181817,4,7,Friday,28,3,11
2025-07-12,S003,Mesa,family suburban,961.0,0,none,0,none,1,0,0,88.4,0.6072727272727274,5,7,Saturday,28,3,12
2025-07-13,S003,Mesa,family suburban,885.0,0,none,0,none,1,0,0,88.7,0.6127272727272728,6,7,Sunday,28,3,13
2025-07-14,S003,Mesa,family suburban,828.0,0,none,0,none,0,1,0,88.9,0.6163636363636364,0,7,Monday,29,3,14
2025-07-15,S003,Mesa,family suburban,848.0,0,none,0,none,0,1,0,89.2,0.6218181818181818,1,7,Tuesday,29,3,15
2025-07-16,S003,Mesa,family suburban,842.0,0,none,0,none,0,1,0,89.5,0.6272727272727273,2,7,Wednesday,29,3,16
2025-07-17,S003,Mesa,family suburban,813.0,0,none,0,none,0,0,0,89.8,0.6327272727272727,3,7,Thursday,29,3,17
2025-07-18,S003,Mesa,family suburban,921.0,0,none,0,none,0,0,0,90.1,0.6381818181818181,4,7,Friday,29,3,18
2025-07-19,S003,Mesa,family suburban,876.0,0,none,0,none,1,0,0,90.3,0.6418181818181817,5,7,Saturday,29,3,19
2025-07-20,S003,Mesa,family suburban,918.0,0,none,0,none,1,0,0,90.6,0.6472727272727272,6,7,Sunday,29,3,20
2025-07-21,S003,Mesa,family suburban,762.0,0,none,0,none,0,0,0,90.9,0.6527272727272728,0,7,Monday,30,3,21
2025-07-22,S003,Mesa,family suburban,845.0,0,none,0,none,0,0,0,91.2,0.6581818181818182,1,7,Tuesday,30,3,22
2025-07-23,S003,Mesa,family suburban,820.0,0,none,0,none,0,0,0,91.4,0.661818181818182,2,7,Wednesday,30,3,23
2025-07-24,S003,Mesa,family suburban,883.0,0,none,0,none,0,0,0,91.7,0.6672727272727274,3,7,Thursday,30,3,24
2025-07-25,S003,Mesa,family suburban,890.0,0,none,0,none,0,0,0,91.9,0.670909090909091,4,7,Friday,30,3,25
2025-07-26,S003,Mesa,family suburban,966.0,0,none,0,none,1,0,0,92.2,0.6763636363636364,5,7,Saturday,30,3,26
2025-07-27,S003,Mesa,family suburban,936.0,0,none,0,none,1,0,0,92.4,0.68,6,7,Sunday,30,3,27
2025-07-28,S003,Mesa,family suburban,763.0,0,none,0,none,0,0,0,92.7,0.6854545454545455,0,7,Monday,31,3,28
2025-07-29,S003,Mesa,family suburban,836.0,0,none,0,none,0,0,0,92.9,0.6890909090909092,1,7,Tuesday,31,3,29
2025-07-30,S003,Mesa,family suburban,804.0,0,none,0,none,0,0,0,93.2,0.6945454545454546,2,7,Wednesday,31,3,30
2025-07-31,S003,Mesa,family suburban,872.0,0,none,0,none,0,0,0,93.4,0.6981818181818182,3,7,Thursday,31,3,31
2025-08-01,S003,Mesa,family suburban,988.0,0,none,0,none,0,1,0,93.7,0.7036363636363637,4,8,Friday,31,3,1
2025-08-02,S003,Mesa,family suburban,1042.0,0,none,0,none,1,1,0,93.9,0.7072727272727274,5,8,Saturday,31,3,2
2025-08-03,S003,Mesa,family suburban,975.0,0,none,0,none,1,0,0,94.1,0.7109090909090908,6,8,Sunday,31,3,3
2025-08-04,S003,Mesa,family suburban,754.0,0,none,0,none,0,0,0,94.4,0.7163636363636364,0,8,Monday,32,3,4
2025-08-05,S003,Mesa,family suburban,759.0,0,none,0,none,0,0,0,94.6,0.7199999999999999,1,8,Tuesday,32,3,5
2025-08-06,S003,Mesa,family suburban,805.0,0,none,0,none,0,0,0,94.8,0.7236363636363636,2,8,Wednesday,32,3,6
2025-08-07,S003,Mesa,family suburban,884.0,0,none,0,none,0,0,0,95.0,0.7272727272727273,3,8,Thursday,32,3,7
2025-08-08,S003,Mesa,family suburban,921.0,0,none,0,none,0,0,0,95.2,0.730909090909091,4,8,Friday,32,3,8
2025-08-09,S003,Mesa,family suburban,967.0,0,none,0,none,1,0,0,95.4,0.7345454545454546,5,8,Saturday,32,3,9
2025-08-10,S003,Mesa,family suburban,876.0,0,none,0,none,1,0,0,95.6,0.738181818181818,6,8,Sunday,32,3,10
2025-08-11,S003,Mesa,family suburban,804.0,0,none,0,none,0,0,0,95.8,0.7418181818181818,0,8,Monday,33,3,11
2025-08-12,S003,Mesa,family suburban,764.0,0,none,0,none,0,0,0,96.0,0.7454545454545455,1,8,Tuesday,33,3,12
2025-08-13,S003,Mesa,family suburban,876.0,0,none,0,none,0,0,0,96.2,0.7490909090909091,2,8,Wednesday,33,3,13
2025-08-14,S003,Mesa,family suburban,1008.0,0,none,0,none,0,1,0,96.4,0.7527272727272728,3,8,Thursday,33,3,14
2025-08-15,S003,Mesa,family suburban,971.0,0,none,0,none,0,1,0,96.6,0.7563636363636362,4,8,Friday,33,3,15
2025-08-16,S003,Mesa,family suburban,1041.0,0,none,0,none,1,1,0,96.8,0.7599999999999999,5,8,Saturday,33,3,16
2025-08-17,S003,Mesa,family suburban,898.0,0,none,0,none,1,0,0,97.0,0.7636363636363637,6,8,Sunday,33,3,17
2025-08-18,S003,Mesa,family suburban,720.0,0,none,0,none,0,0,0,97.1,0.7654545454545454,0,8,Monday,34,3,18
2025-08-19,S003,Mesa,family suburban,785.0,0,none,0,none,0,0,0,97.3,0.769090909090909,1,8,Tuesday,34,3,19
2025-08-20,S003,Mesa,family suburban,803.0,0,none,0,none,0,0,0,97.5,0.7727272727272727,2,8,Wednesday,34,3,20
2025-08-21,S003,Mesa,family suburban,816.0,0,none,0,none,0,0,0,97.6,0.7745454545454544,3,8,Thursday,34,3,21
2025-08-22,S003,Mesa,family suburban,962.0,0,none,0,none,0,0,0,97.8,0.7781818181818181,4,8,Friday,34,3,22
2025-08-23,S003,Mesa,family suburban,973.0,0,none,0,none,1,0,0,97.9,0.7800000000000001,5,8,Saturday,34,3,23
2025-08-24,S003,Mesa,family suburban,927.0,0,none,0,none,1,0,0,98.0,0.7818181818181819,6,8,Sunday,34,3,24
2025-08-25,S003,Mesa,family suburban,770.0,0,none,0,none,0,0,0,98.2,0.7854545454545455,0,8,Monday,35,3,25
2025-08-26,S003,Mesa,family suburban,800.0,0,none,0,none,0,0,0,98.3,0.7872727272727272,1,8,Tuesday,35,3,26
2025-08-27,S003,Mesa,family suburban,870.0,0,none,0,none,0,0,0,98.4,0.7890909090909092,2,8,Wednesday,35,3,27
2025-08-28,S003,Mesa,family suburban,863.0,0,none,0,none,0,0,0,98.6,0.7927272727272726,3,8,Thursday,35,3,28
2025-08-29,S003,Mesa,family suburban,924.0,0,none,0,none,0,0,0,98.7,0.7945454545454546,4,8,Friday,35,3,29
2025-08-30,S003,Mesa,family suburban,959.0,0,none,0,none,1,0,0,98.8,0.7963636363636363,5,8,Saturday,35,3,30
2025-08-31,S003,Mesa,family suburban,904.0,0,none,0,none,1,0,0,98.9,0.7981818181818183,6,8,Sunday,35,3,31
2025-09-01,S003,Mesa,family suburban,914.0,1,labor_day,0,none,0,1,0,99.0,0.8,0,9,Monday,36,3,1
2025-09-02,S003,Mesa,family suburban,790.0,0,none,0,none,0,1,0,99.1,0.8018181818181818,1,9,Tuesday,36,3,2
2025-09-03,S003,Mesa,family suburban,831.0,0,none,0,none,0,0,0,99.2,0.8036363636363637,2,9,Wednesday,36,3,3
2025-09-04,S003,Mesa,family suburban,867.0,0,none,0,none,0,0,0,99.3,0.8054545454545454,3,9,Thursday,36,3,4
2025-09-05,S003,Mesa,family suburban,865.0,0,none,0,none,0,0,0,99.4,0.8072727272727274,4,9,Friday,36,3,5
2025-09-06,S003,Mesa,family suburban,965.0,0,none,0,none,1,0,0,99.5,0.8090909090909091,5,9,Saturday,36,3,6
2025-09-07,S003,Mesa,family suburban,917.0,0,none,0,none,1,0,0,99.5,0.8090909090909091,6,9,Sunday,36,3,7
2025-09-08,S003,Mesa,family suburban,711.0,0,none,0,none,0,0,0,99.6,0.8109090909090908,0,9,Monday,37,3,8
2025-09-09,S003,Mesa,family suburban,777.0,0,none,0,none,0,0,0,99.7,0.8127272727272727,1,9,Tuesday,37,3,9
2025-09-10,S003,Mesa,family suburban,853.0,0,none,0,none,0,0,0,99.7,0.8127272727272727,2,9,Wednesday,37,3,10
2025-09-11,S003,Mesa,family suburban,878.0,0,none,0,none,0,0,0,99.8,0.8145454545454545,3,9,Thursday,37,3,11
2025-09-12,S003,Mesa,family suburban,870.0,0,none,0,none,0,0,0,99.8,0.8145454545454545,4,9,Friday,37,3,12
2025-09-13,S003,Mesa,family suburban,972.0,0,none,0,none,1,0,0,99.9,0.8163636363636365,5,9,Saturday,37,3,13
2025-09-14,S003,Mesa,family suburban,1004.0,0,none,0,none,1,1,0,99.9,0.8163636363636365,6,9,Sunday,37,3,14
2025-09-15,S003,Mesa,family suburban,854.0,0,none,0,none,0,1,0,99.9,0.8163636363636365,0,9,Monday,38,3,15
2025-09-16,S003,Mesa,family suburban,852.0,0,none,0,none,0,1,0,100.0,0.8181818181818182,1,9,Tuesday,38,3,16
2025-09-17,S003,Mesa,family suburban,825.0,0,none,0,none,0,0,0,100.0,0.8181818181818182,2,9,Wednesday,38,3,17
2025-09-18,S003,Mesa,family suburban,845.0,0,none,0,none,0,0,0,100.0,0.8181818181818182,3,9,Thursday,38,3,18
2025-09-19,S003,Mesa,family suburban,923.0,0,none,0,none,0,0,0,100.0,0.8181818181818182,4,9,Friday,38,3,19
2025-09-20,S003,Mesa,family suburban,973.0,0,none,0,none,1,0,0,100.0,0.8181818181818182,5,9,Saturday,38,3,20
2025-09-21,S003,Mesa,family suburban,937.0,0,none,0,none,1,0,0,100.0,0.8181818181818182,6,9,Sunday,38,3,21
2025-09-22,S003,Mesa,family suburban,786.0,0,none,0,none,0,0,0,100.0,0.8181818181818182,0,9,Monday,39,3,22
2025-09-23,S003,Mesa,family suburban,834.0,0,none,0,none,0,0,0,100.0,0.8181818181818182,1,9,Tuesday,39,3,23
2025-09-24,S003,Mesa,family suburban,844.0,0,none,0,none,0,0,0,100.0,0.8181818181818182,2,9,Wednesday,39,3,24
2025-09-25,S003,Mesa,family suburban,892.0,0,none,0,none,0,0,0,99.9,0.8163636363636365,3,9,Thursday,39,3,25
2025-09-26,S003,Mesa,family suburban,937.0,0,none,0,none,0,0,0,99.9,0.8163636363636365,4,9,Friday,39,3,26
2025-09-27,S003,Mesa,family suburban,941.0,0,none,0,none,1,0,0,99.9,0.8163636363636365,5,9,Saturday,39,3,27
2025-09-28,S003,Mesa,family suburban,858.0,0,none,0,none,1,0,0,99.8,0.8145454545454545,6,9,Sunday,39,3,28
2025-09-29,S003,Mesa,family suburban,833.0,0,none,0,none,0,0,0,99.8,0.8145454545454545,0,9,Monday,40,3,29
2025-09-30,S003,Mesa,family suburban,816.0,0,none,0,none,0,0,0,99.8,0.8145454545454545,1,9,Tuesday,40,3,30
2025-10-01,S003,Mesa,family suburban,836.0,0,none,0,none,0,1,0,99.7,0.8127272727272727,2,10,Wednesday,40,4,1
2025-10-02,S003,Mesa,family suburban,896.0,0,none,0,none,0,1,0,99.6,0.8109090909090908,3,10,Thursday,40,4,2
2025-10-03,S003,Mesa,family suburban,934.0,0,none,0,none,0,0,0,99.6,0.8109090909090908,4,10,Friday,40,4,3
2025-10-04,S003,Mesa,family suburban,959.0,0,none,0,none,1,0,0,99.5,0.8090909090909091,5,10,Saturday,40,4,4
2025-10-05,S003,Mesa,family suburban,901.0,0,none,0,none,1,0,0,99.4,0.8072727272727274,6,10,Sunday,40,4,5
2025-10-06,S003,Mesa,family suburban,829.0,0,none,0,none,0,0,0,99.3,0.8054545454545454,0,10,Monday,41,4,6
2025-10-07,S003,Mesa,family suburban,774.0,0,none,0,none,0,0,0,99.3,0.8054545454545454,1,10,Tuesday,41,4,7
2025-10-08,S003,Mesa,family suburban,816.0,0,none,0,none,0,0,0,99.2,0.8036363636363637,2,10,Wednesday,41,4,8
2025-10-09,S003,Mesa,family suburban,874.0,0,none,0,none,0,0,0,99.1,0.8018181818181818,3,10,Thursday,41,4,9
2025-10-10,S003,Mesa,family suburban,923.0,0,none,0,none,0,0,0,99.0,0.8,4,10,Friday,41,4,10
2025-10-11,S003,Mesa,family suburban,985.0,0,none,0,none,1,0,0,98.9,0.7981818181818183,5,10,Saturday,41,4,11
2025-10-12,S003,Mesa,family suburban,948.0,0,none,0,none,1,0,0,98.8,0.7963636363636363,6,10,Sunday,41,4,12
2025-10-13,S003,Mesa,family suburban,790.0,0,none,0,none,0,0,0,98.6,0.7927272727272726,0,10,Monday,42,4,13
2025-10-14,S003,Mesa,family suburban,873.0,0,none,0,none,0,1,0,98.5,0.7909090909090909,1,10,Tuesday,42,4,14
2025-10-15,S003,Mesa,family suburban,885.0,0,none,0,none,0,1,0,98.4,0.7890909090909092,2,10,Wednesday,42,4,15
2025-10-16,S003,Mesa,family suburban,922.0,0,none,0,none,0,1,0,98.3,0.7872727272727272,3,10,Thursday,42,4,16
2025-10-17,S003,Mesa,family suburban,914.0,0,none,0,none,0,0,0,98.1,0.7836363636363636,4,10,Friday,42,4,17
2025-10-18,S003,Mesa,family suburban,976.0,0,none,0,none,1,0,0,98.0,0.7818181818181819,5,10,Saturday,42,4,18
2025-10-19,S003,Mesa,family suburban,944.0,0,none,0,none,1,0,0,97.9,0.7800000000000001,6,10,Sunday,42,4,19
2025-10-20,S003,Mesa,family suburban,802.0,0,none,0,none,0,0,0,97.7,0.7763636363636364,0,10,Monday,43,4,20
2025-10-21,S003,Mesa,family suburban,811.0,0,none,0,none,0,0,0,97.5,0.7727272727272727,1,10,Tuesday,43,4,21
2025-10-22,S003,Mesa,family suburban,817.0,0,none,0,none,0,0,0,97.4,0.770909090909091,2,10,Wednesday,43,4,22
2025-10-23,S003,Mesa,family suburban,871.0,0,none,0,none,0,0,0,97.2,0.7672727272727273,3,10,Thursday,43,4,23
2025-10-24,S003,Mesa,family suburban,910.0,0,none,0,none,0,0,0,97.1,0.7654545454545454,4,10,Friday,43,4,24
2025-10-25,S003,Mesa,family suburban,1073.0,0,none,1,mesa_fall_festival,1,0,0,96.9,0.761818181818182,5,10,Saturday,43,4,25
2025-10-26,S003,Mesa,family suburban,992.0,0,none,0,none,1,0,0,96.7,0.7581818181818182,6,10,Sunday,43,4,26
2025-10-27,S003,Mesa,family suburban,768.0,0,none,0,none,0,0,0,96.5,0.7545454545454545,0,10,Monday,44,4,27
2025-10-28,S003,Mesa,family suburban,824.0,0,none,0,none,0,0,0,96.3,0.7509090909090909,1,10,Tuesday,44,4,28
2025-10-29,S003,Mesa,family suburban,879.0,0,none,0,none,0,0,0,96.2,0.7490909090909091,2,10,Wednesday,44,4,29
2025-10-30,S003,Mesa,family suburban,872.0,0,none,0,none,0,0,0,96.0,0.7454545454545455,3,10,Thursday,44,4,30
2025-10-31,S003,Mesa,family suburban,1134.0,1,halloween,0,none,0,0,0,95.8,0.7418181818181818,4,10,Friday,44,4,31
2025-11-01,S003,Mesa,family suburban,1017.0,0,none,0,none,1,1,0,95.6,0.738181818181818,5,11,Saturday,44,4,1
2025-11-02,S003,Mesa,family suburban,986.0,0,none,0,none,1,1,0,95.4,0.7345454545454546,6,11,Sunday,44,4,2
2025-11-03,S003,Mesa,family suburban,759.0,0,none,0,none,0,0,0,95.2,0.730909090909091,0,11,Monday,45,4,3
2025-11-04,S003,Mesa,family suburban,799.0,0,none,0,none,0,0,0,94.9,0.7254545454545456,1,11,Tuesday,45,4,4
2025-11-05,S003,Mesa,family suburban,853.0,0,none,0,none,0,0,0,94.7,0.7218181818181819,2,11,Wednesday,45,4,5
2025-11-06,S003,Mesa,family suburban,897.0,0,none,0,none,0,0,0,94.5,0.7181818181818181,3,11,Thursday,45,4,6
2025-11-07,S003,Mesa,family suburban,923.0,0,none,0,none,0,0,0,94.3,0.7145454545454545,4,11,Friday,45,4,7
2025-11-08,S003,Mesa,family suburban,1012.0,0,none,0,none,1,0,0,94.0,0.7090909090909091,5,11,Saturday,45,4,8
2025-11-09,S003,Mesa,family suburban,918.0,0,none,0,none,1,0,0,93.8,0.7054545454545454,6,11,Sunday,45,4,9
2025-11-10,S003,Mesa,family suburban,775.0,0,none,0,none,0,0,0,93.6,0.7018181818181817,0,11,Monday,46,4,10
2025-11-11,S003,Mesa,family suburban,899.0,0,none,0,none,0,0,0,93.3,0.6963636363636363,1,11,Tuesday,46,4,11
2025-11-12,S003,Mesa,family suburban,858.0,0,none,0,none,0,0,0,93.1,0.6927272727272726,2,11,Wednesday,46,4,12
2025-11-13,S003,Mesa,family suburban,847.0,0,none,0,none,0,0,0,92.9,0.6890909090909092,3,11,Thursday,46,4,13
2025-11-14,S003,Mesa,family suburban,945.0,0,none,0,none,0,1,0,92.6,0.6836363636363635,4,11,Friday,46,4,14
2025-11-15,S003,Mesa,family suburban,999.0,0,none,0,none,1,1,0,92.4,0.68,5,11,Saturday,46,4,15
2025-11-16,S003,Mesa,family suburban,1007.0,0,none,0,none,1,1,0,92.1,0.6745454545454544,6,11,Sunday,46,4,16
2025-11-17,S003,Mesa,family suburban,774.0,0,none,0,none,0,0,0,91.8,0.6690909090909091,0,11,Monday,47,4,17
2025-11-18,S003,Mesa,family suburban,816.0,0,none,0,none,0,0,0,91.6,0.6654545454545453,1,11,Tuesday,47,4,18
2025-11-19,S003,Mesa,family suburban,843.0,0,none,0,none,0,0,0,91.3,0.6599999999999999,2,11,Wednesday,47,4,19
2025-11-20,S003,Mesa,family suburban,895.0,0,none,0,none,0,0,0,91.1,0.6563636363636363,3,11,Thursday,47,4,20
2025-11-21,S003,Mesa,family suburban,886.0,0,none,0,none,0,0,0,90.8,0.6509090909090909,4,11,Friday,47,4,21
2025-11-22,S003,Mesa,family suburban,937.0,0,none,0,none,1,0,0,90.5,0.6454545454545455,5,11,Saturday,47,4,22
2025-11-23,S003,Mesa,family suburban,929.0,0,none,0,none,1,0,0,90.2,0.64,6,11,Sunday,47,4,23
2025-11-24,S003,Mesa,family suburban,806.0,0,none,0,none,0,0,0,90.0,0.6363636363636364,0,11,Monday,48,4,24
2025-11-25,S003,Mesa,family suburban,823.0,0,none,0,none,0,0,0,89.7,0.630909090909091,1,11,Tuesday,48,4,25
2025-11-26,S003,Mesa,family suburban,820.0,0,none,0,none,0,0,0,89.4,0.6254545454545456,2,11,Wednesday,48,4,26
2025-11-27,S003,Mesa,family suburban,1033.0,1,thanksgiving,0,none,0,0,0,89.1,0.6199999999999999,3,11,Thursday,48,4,27
2025-11-28,S003,Mesa,family suburban,1036.0,1,black_friday,0,none,0,0,0,88.8,0.6145454545454545,4,11,Friday,48,4,28
2025-11-29,S003,Mesa,family suburban,956.0,0,none,0,none,1,0,0,88.5,0.6090909090909091,5,11,Saturday,48,4,29
2025-11-30,S003,Mesa,family suburban,892.0,0,none,0,none,1,0,0,88.3,0.6054545454545454,6,11,Sunday,48,4,30
2025-12-01,S003,Mesa,family suburban,877.0,0,none,0,none,0,1,0,88.0,0.6,0,12,Monday,49,4,1
2025-12-02,S003,Mesa,family suburban,882.0,0,none,0,none,0,1,0,87.7,0.5945454545454546,1,12,Tuesday,49,4,2
2025-12-03,S003,Mesa,family suburban,866.0,0,none,0,none,0,0,0,87.4,0.5890909090909092,2,12,Wednesday,49,4,3
2025-12-04,S003,Mesa,family suburban,913.0,0,none,0,none,0,0,0,87.1,0.5836363636363635,3,12,Thursday,49,4,4
2025-12-05,S003,Mesa,family suburban,1006.0,0,none,0,none,0,0,0,86.8,0.5781818181818181,4,12,Friday,49,4,5
2025-12-06,S003,Mesa,family suburban,918.0,0,none,0,none,1,0,0,86.5,0.5727272727272728,5,12,Saturday,49,4,6
2025-12-07,S003,Mesa,family suburban,899.0,0,none,0,none,1,0,0,86.2,0.5672727272727274,6,12,Sunday,49,4,7
2025-12-08,S003,Mesa,family suburban,768.0,0,none,0,none,0,0,0,85.9,0.5618181818181819,0,12,Monday,50,4,8
2025-12-09,S003,Mesa,family suburban,785.0,0,none,0,none,0,0,0,85.6,0.5563636363636363,1,12,Tuesday,50,4,9
2025-12-10,S003,Mesa,family suburban,812.0,0,none,0,none,0,0,0,85.3,0.5509090909090909,2,12,Wednesday,50,4,10
2025-12-11,S003,Mesa,family suburban,863.0,0,none,0,none,0,0,0,85.0,0.5454545454545454,3,12,Thursday,50,4,11
2025-12-12,S003,Mesa,family suburban,875.0,0,none,0,none,0,0,0,84.7,0.54,4,12,Friday,50,4,12
2025-12-13,S003,Mesa,family suburban,1073.0,0,none,1,holiday_lights,1,0,0,84.4,0.5345454545454547,5,12,Saturday,50,4,13
2025-12-14,S003,Mesa,family suburban,981.0,0,none,0,none,1,1,0,84.0,0.5272727272727272,6,12,Sunday,50,4,14
2025-12-15,S003,Mesa,family suburban,851.0,0,none,0,none,0,1,0,83.7,0.5218181818181818,0,12,Monday,51,4,15
2025-12-16,S003,Mesa,family suburban,879.0,0,none,0,none,0,1,0,83.4,0.5163636363636365,1,12,Tuesday,51,4,16
2025-12-17,S003,Mesa,family suburban,867.0,0,none,0,none,0,0,0,83.1,0.5109090909090908,2,12,Wednesday,51,4,17
2025-12-18,S003,Mesa,family suburban,861.0,0,none,0,none,0,0,0,82.8,0.5054545454545454,3,12,Thursday,51,4,18
2025-12-19,S003,Mesa,family suburban,985.0,0,none,0,none,0,0,0,82.5,0.5,4,12,Friday,51,4,19
2025-12-20,S003,Mesa,family suburban,983.0,0,none,0,none,1,0,0,82.2,0.4945454545454546,5,12,Saturday,51,4,20
2025-12-21,S003,Mesa,family suburban,863.0,0,none,0,none,1,0,0,81.9,0.4890909090909092,6,12,Sunday,51,4,21
2025-12-22,S003,Mesa,family suburban,756.0,0,none,0,none,0,0,0,81.6,0.48363636363636353,0,12,Monday,52,4,22
2025-12-23,S003,Mesa,family suburban,757.0,0,none,0,none,0,0,0,81.3,0.47818181818181815,1,12,Tuesday,52,4,23
2025-12-24,S003,Mesa,family suburban,984.0,1,christmas_eve,0,none,0,0,0,81.0,0.4727272727272727,2,12,Wednesday,52,4,24
2025-12-25,S003,Mesa,family suburban,660.0,1,christmas_day,0,none,0,0,0,80.6,0.46545454545454534,3,12,Thursday,52,4,25
2025-12-26,S003,Mesa,family suburban,901.0,0,none,0,none,0,0,0,80.3,0.45999999999999996,4,12,Friday,52,4,26
2025-12-27,S003,Mesa,family suburban,1041.0,0,none,0,none,1,0,0,80.0,0.45454545454545453,5,12,Saturday,52,4,27
2025-12-28,S003,Mesa,family suburban,943.0,0,none,0,none,1,0,0,79.7,0.44909090909090915,6,12,Sunday,52,4,28
2025-12-29,S003,Mesa,family suburban,813.0,0,none,0,none,0,0,0,79.4,0.4436363636363637,0,12,Monday,1,4,29
2025-12-30,S003,Mesa,family suburban,784.0,0,none,0,none,0,0,0,79.1,0.43818181818181806,1,12,Tuesday,1,4,30
2025-12-31,S003,Mesa,family suburban,952.0,1,new_years_eve,0,none,0,0,0,78.8,0.4327272727272727,2,12,Wednesday,1,4,31
2024-01-01,S004,Scottsdale,premium suburban,799.0,1,new_years_day,0,none,0,1,0,74.9,0.3618181818181819,0,1,Monday,1,1,1
2024-01-02,S004,Scottsdale,premium suburban,942.0,0,none,0,none,0,1,0,74.6,0.35636363636363627,1,1,Tuesday,1,1,2
2024-01-03,S004,Scottsdale,premium suburban,858.0,0,none,0,none,0,0,0,74.3,0.35090909090909084,2,1,Wednesday,1,1,3
2024-01-04,S004,Scottsdale,premium suburban,942.0,0,none,0,none,0,0,0,74.0,0.34545454545454546,3,1,Thursday,1,1,4
2024-01-05,S004,Scottsdale,premium suburban,995.0,0,none,0,none,0,0,0,73.7,0.34,4,1,Friday,1,1,5
2024-01-06,S004,Scottsdale,premium suburban,1052.0,0,none,0,none,1,0,0,73.4,0.33454545454545465,5,1,Saturday,1,1,6
2024-01-07,S004,Scottsdale,premium suburban,976.0,0,none,0,none,1,0,0,73.1,0.329090909090909,6,1,Sunday,1,1,7
2024-01-08,S004,Scottsdale,premium suburban,838.0,0,none,0,none,0,0,0,72.8,0.3236363636363636,0,1,Monday,2,1,8
2024-01-09,S004,Scottsdale,premium suburban,878.0,0,none,0,none,0,0,0,72.5,0.3181818181818182,1,1,Tuesday,2,1,9
2024-01-10,S004,Scottsdale,premium suburban,924.0,0,none,0,none,0,0,0,72.2,0.3127272727272728,2,1,Wednesday,2,1,10
2024-01-11,S004,Scottsdale,premium suburban,969.0,0,none,0,none,0,0,0,72.0,0.3090909090909091,3,1,Thursday,2,1,11
2024-01-12,S004,Scottsdale,premium suburban,1031.0,0,none,0,none,0,0,0,71.7,0.3036363636363637,4,1,Friday,2,1,12
2024-01-13,S004,Scottsdale,premium suburban,1050.0,0,none,0,none,1,0,0,71.4,0.29818181818181827,5,1,Saturday,2,1,13
2024-01-14,S004,Scottsdale,premium suburban,1049.0,0,none,0,none,1,1,0,71.1,0.2927272727272726,6,1,Sunday,2,1,14
2024-01-15,S004,Scottsdale,premium suburban,923.0,0,none,0,none,0,1,0,70.8,0.28727272727272724,0,1,Monday,3,1,15
2024-01-16,S004,Scottsdale,premium suburban,958.0,0,none,0,none,0,1,0,70.5,0.2818181818181818,1,1,Tuesday,3,1,16
2024-01-17,S004,Scottsdale,premium suburban,907.0,0,none,0,none,0,0,0,70.3,0.27818181818181814,2,1,Wednesday,3,1,17
2024-01-18,S004,Scottsdale,premium suburban,976.0,0,none,0,none,0,0,0,70.0,0.2727272727272727,3,1,Thursday,3,1,18
2024-01-19,S004,Scottsdale,premium suburban,1028.0,0,none,0,none,0,0,0,69.7,0.26727272727272733,4,1,Friday,3,1,19
2024-01-20,S004,Scottsdale,premium suburban,1103.0,0,none,0,none,1,0,0,69.4,0.2618181818181819,5,1,Saturday,3,1,20
2024-01-21,S004,Scottsdale,premium suburban,1064.0,0,none,0,none,1,0,0,69.2,0.25818181818181823,6,1,Sunday,3,1,21
2024-01-22,S004,Scottsdale,premium suburban,829.0,0,none,0,none,0,0,0,68.9,0.25272727272727286,0,1,Monday,4,1,22
2024-01-23,S004,Scottsdale,premium suburban,886.0,0,none,0,none,0,0,0,68.7,0.24909090909090914,1,1,Tuesday,4,1,23
2024-01-24,S004,Scottsdale,premium suburban,923.0,0,none,0,none,0,0,0,68.4,0.24363636363636373,2,1,Wednesday,4,1,24
2024-01-25,S004,Scottsdale,premium suburban,947.0,0,none,0,none,0,0,0,68.1,0.23818181818181808,3,1,Thursday,4,1,25
2024-01-26,S004,Scottsdale,premium suburban,975.0,0,none,0,none,0,0,0,67.9,0.23454545454545464,4,1,Friday,4,1,26
2024-01-27,S004,Scottsdale,premium suburban,1139.0,0,none,1,western_week,1,0,0,67.6,0.22909090909090898,5,1,Saturday,4,1,27
2024-01-28,S004,Scottsdale,premium suburban,1009.0,0,none,0,none,1,0,0,67.4,0.22545454545454555,6,1,Sunday,4,1,28
2024-01-29,S004,Scottsdale,premium suburban,832.0,0,none,0,none,0,0,0,67.2,0.22181818181818186,0,1,Monday,5,1,29
2024-01-30,S004,Scottsdale,premium suburban,889.0,0,none,0,none,0,0,0,66.9,0.21636363636363648,1,1,Tuesday,5,1,30
2024-01-31,S004,Scottsdale,premium suburban,896.0,0,none,0,none,0,0,0,66.7,0.2127272727272728,2,1,Wednesday,5,1,31
2024-02-01,S004,Scottsdale,premium suburban,971.0,0,none,0,none,0,1,0,66.5,0.20909090909090908,3,2,Thursday,5,1,1
2024-02-02,S004,Scottsdale,premium suburban,1065.0,0,none,0,none,0,1,0,66.2,0.2036363636363637,4,2,Friday,5,1,2
2024-02-03,S004,Scottsdale,premium suburban,1286.0,0,none,1,golf_tournament,1,0,0,66.0,0.2,5,2,Saturday,5,1,3
2024-02-04,S004,Scottsdale,premium suburban,1026.0,0,none,0,none,1,0,0,65.8,0.19636363636363632,6,2,Sunday,5,1,4
2024-02-05,S004,Scottsdale,premium suburban,932.0,0,none,0,none,0,0,0,65.6,0.19272727272727264,0,2,Monday,6,1,5
2024-02-06,S004,Scottsdale,premium suburban,896.0,0,none,0,none,0,0,0,65.3,0.18727272727272723,1,2,Tuesday,6,1,6
2024-02-07,S004,Scottsdale,premium suburban,940.0,0,none,0,none,0,0,0,65.1,0.18363636363636354,2,2,Wednesday,6,1,7
2024-02-08,S004,Scottsdale,premium suburban,915.0,0,none,0,none,0,0,0,64.9,0.1800000000000001,3,2,Thursday,6,1,8
2024-02-09,S004,Scottsdale,premium suburban,955.0,0,none,0,none,0,0,0,64.7,0.17636363636363642,4,2,Friday,6,1,9
2024-02-10,S004,Scottsdale,premium suburban,1115.0,0,none,0,none,1,0,0,64.5,0.17272727272727273,5,2,Saturday,6,1,10
2024-02-11,S004,Scottsdale,premium suburban,1137.0,1,super_bowl,0,none,1,0,0,64.3,0.16909090909090904,6,2,Sunday,6,1,11
2024-02-12,S004,Scottsdale,premium suburban,824.0,0,none,0,none,0,0,0,64.2,0.16727272727272732,0,2,Monday,7,1,12
2024-02-13,S004,Scottsdale,premium suburban,886.0,0,none,0,none,0,0,0,64.0,0.16363636363636364,1,2,Tuesday,7,1,13
2024-02-14,S004,Scottsdale,premium suburban,977.0,0,none,0,none,0,1,0,63.8,0.15999999999999995,2,2,Wednesday,7,1,14
2024-02-15,S004,Scottsdale,premium suburban,979.0,0,none,0,none,0,1,0,63.6,0.1563636363636364,3,2,Thursday,7,1,15
2024-02-16,S004,Scottsdale,premium suburban,1048.0,0,none,0,none,0,1,0,63.4,0.1527272727272727,4,2,Friday,7,1,16
2024-02-17,S004,Scottsdale,premium suburban,1104.0,0,none,0,none,1,0,0,63.3,0.15090909090909085,5,2,Saturday,7,1,17
2024-02-18,S004,Scottsdale,premium suburban,981.0,0,none,0,none,1,0,0,63.1,0.1472727272727273,6,2,Sunday,7,1,18
2024-02-19,S004,Scottsdale,premium suburban,813.0,0,none,0,none,0,0,0,63.0,0.14545454545454545,0,2,Monday,8,1,19
2024-02-20,S004,Scottsdale,premium suburban,919.0,0,none,0,none,0,0,0,62.8,0.14181818181818176,1,2,Tuesday,8,1,20
2024-02-21,S004,Scottsdale,premium suburban,941.0,0,none,0,none,0,0,0,62.6,0.1381818181818182,2,2,Wednesday,8,1,21
2024-02-22,S004,Scottsdale,premium suburban,932.0,0,none,0,none,0,0,0,62.5,0.13636363636363635,3,2,Thursday,8,1,22
2024-02-23,S004,Scottsdale,premium suburban,946.0,0,none,0,none,0,0,0,62.4,0.13454545454545452,4,2,Friday,8,1,23
2024-02-24,S004,Scottsdale,premium suburban,1039.0,0,none,0,none,1,0,0,62.2,0.13090909090909095,5,2,Saturday,8,1,24
2024-02-25,S004,Scottsdale,premium suburban,1007.0,0,none,0,none,1,0,0,62.1,0.12909090909090912,6,2,Sunday,8,1,25
2024-02-26,S004,Scottsdale,premium suburban,899.0,0,none,0,none,0,0,0,62.0,0.12727272727272726,0,2,Monday,9,1,26
2024-02-27,S004,Scottsdale,premium suburban,854.0,0,none,0,none,0,0,0,61.9,0.12545454545454543,1,2,Tuesday,9,1,27
2024-02-28,S004,Scottsdale,premium suburban,923.0,0,none,0,none,0,0,0,61.7,0.12181818181818187,2,2,Wednesday,9,1,28
2024-02-29,S004,Scottsdale,premium suburban,976.0,0,none,0,none,0,0,0,61.6,0.12000000000000002,3,2,Thursday,9,1,29
2024-03-01,S004,Scottsdale,premium suburban,980.0,0,none,0,none,0,1,0,61.5,0.11818181818181818,4,3,Friday,9,1,1
2024-03-02,S004,Scottsdale,premium suburban,1264.0,0,none,1,art_walk,1,1,0,61.4,0.11636363636363634,5,3,Saturday,9,1,2
2024-03-03,S004,Scottsdale,premium suburban,970.0,0,none,0,none,1,0,0,61.3,0.11454545454545449,6,3,Sunday,9,1,3
2024-03-04,S004,Scottsdale,premium suburban,872.0,0,none,0,none,0,0,0,61.2,0.11272727272727277,0,3,Monday,10,1,4
2024-03-05,S004,Scottsdale,premium suburban,897.0,0,none,0,none,0,0,0,61.2,0.11272727272727277,1,3,Tuesday,10,1,5
2024-03-06,S004,Scottsdale,premium suburban,962.0,0,none,0,none,0,0,0,61.1,0.11090909090909093,2,3,Wednesday,10,1,6
2024-03-07,S004,Scottsdale,premium suburban,972.0,0,none,0,none,0,0,0,61.0,0.10909090909090909,3,3,Thursday,10,1,7
2024-03-08,S004,Scottsdale,premium suburban,921.0,0,none,0,none,0,0,0,60.9,0.10727272727272724,4,3,Friday,10,1,8
2024-03-09,S004,Scottsdale,premium suburban,1039.0,0,none,0,none,1,0,0,60.9,0.10727272727272724,5,3,Saturday,10,1,9
2024-03-10,S004,Scottsdale,premium suburban,1014.0,0,none,0,none,1,0,0,60.8,0.1054545454545454,6,3,Sunday,10,1,10
2024-03-11,S004,Scottsdale,premium suburban,855.0,0,none,0,none,0,0,0,60.7,0.1036363636363637,0,3,Monday,11,1,11
2024-03-12,S004,Scottsdale,premium suburban,905.0,0,none,0,none,0,0,0,60.7,0.1036363636363637,1,3,Tuesday,11,1,12
2024-03-13,S004,Scottsdale,premium suburban,953.0,0,none,0,none,0,0,0,60.7,0.1036363636363637,2,3,Wednesday,11,1,13
2024-03-14,S004,Scottsdale,premium suburban,1032.0,0,none,0,none,0,1,0,60.6,0.10181818181818185,3,3,Thursday,11,1,14
2024-03-15,S004,Scottsdale,premium suburban,1054.0,0,none,0,none,0,1,0,60.6,0.10181818181818185,4,3,Friday,11,1,15
2024-03-16,S004,Scottsdale,premium suburban,1068.0,0,none,0,none,1,1,0,60.6,0.10181818181818185,5,3,Saturday,11,1,16
2024-03-17,S004,Scottsdale,premium suburban,995.0,0,none,0,none,1,0,0,60.5,0.1,6,3,Sunday,11,1,17
2024-03-18,S004,Scottsdale,premium suburban,876.0,0,none,0,none,0,0,0,60.5,0.1,0,3,Monday,12,1,18
2024-03-19,S004,Scottsdale,premium suburban,854.0,0,none,0,none,0,0,0,60.5,0.1,1,3,Tuesday,12,1,19
2024-03-20,S004,Scottsdale,premium suburban,948.0,0,none,0,none,0,0,0,60.5,0.1,2,3,Wednesday,12,1,20
2024-03-21,S004,Scottsdale,premium suburban,986.0,0,none,0,none,0,0,0,60.5,0.1,3,3,Thursday,12,1,21
2024-03-22,S004,Scottsdale,premium suburban,1006.0,0,none,0,none,0,0,0,60.5,0.1,4,3,Friday,12,1,22
2024-03-23,S004,Scottsdale,premium suburban,964.0,0,none,0,none,1,0,0,60.5,0.1,5,3,Saturday,12,1,23
2024-03-24,S004,Scottsdale,premium suburban,968.0,0,none,0,none,1,0,0,60.5,0.1,6,3,Sunday,12,1,24
2024-03-25,S004,Scottsdale,premium suburban,926.0,0,none,0,none,0,0,0,60.5,0.1,0,3,Monday,13,1,25
2024-03-26,S004,Scottsdale,premium suburban,872.0,0,none,0,none,0,0,0,60.6,0.10181818181818185,1,3,Tuesday,13,1,26
2024-03-27,S004,Scottsdale,premium suburban,862.0,0,none,0,none,0,0,0,60.6,0.10181818181818185,2,3,Wednesday,13,1,27
2024-03-28,S004,Scottsdale,premium suburban,997.0,0,none,0,none,0,0,0,60.6,0.10181818181818185,3,3,Thursday,13,1,28
2024-03-29,S004,Scottsdale,premium suburban,1003.0,0,none,0,none,0,0,0,60.7,0.1036363636363637,4,3,Friday,13,1,29
2024-03-30,S004,Scottsdale,premium suburban,1104.0,0,none,0,none,1,0,0,60.7,0.1036363636363637,5,3,Saturday,13,1,30
2024-03-31,S004,Scottsdale,premium suburban,1021.0,0,none,0,none,1,0,0,60.8,0.1054545454545454,6,3,Sunday,13,1,31
2024-04-01,S004,Scottsdale,premium suburban,930.0,0,none,0,none,0,1,0,60.8,0.1054545454545454,0,4,Monday,14,2,1
2024-04-02,S004,Scottsdale,premium suburban,957.0,0,none,0,none,0,1,0,60.9,0.10727272727272724,1,4,Tuesday,14,2,2
2024-04-03,S004,Scottsdale,premium suburban,952.0,0,none,0,none,0,0,0,61.0,0.10909090909090909,2,4,Wednesday,14,2,3
2024-04-04,S004,Scottsdale,premium suburban,1033.0,0,none,0,none,0,0,0,61.0,0.10909090909090909,3,4,Thursday,14,2,4
2024-04-05,S004,Scottsdale,premium suburban,1035.0,0,none,0,none,0,0,0,61.1,0.11090909090909093,4,4,Friday,14,2,5
2024-04-06,S004,Scottsdale,premium suburban,1015.0,0,none,0,none,1,0,0,61.2,0.11272727272727277,5,4,Saturday,14,2,6
2024-04-07,S004,Scottsdale,premium suburban,1027.0,0,none,0,none,1,0,0,61.3,0.11454545454545449,6,4,Sunday,14,2,7
2024-04-08,S004,Scottsdale,premium suburban,902.0,0,none,0,none,0,0,0,61.4,0.11636363636363634,0,4,Monday,15,2,8
2024-04-09,S004,Scottsdale,premium suburban,932.0,0,none,0,none,0,0,0,61.5,0.11818181818181818,1,4,Tuesday,15,2,9
2024-04-10,S004,Scottsdale,premium suburban,915.0,0,none,0,none,0,0,0,61.6,0.12000000000000002,2,4,Wednesday,15,2,10
2024-04-11,S004,Scottsdale,premium suburban,996.0,0,none,0,none,0,0,0,61.7,0.12181818181818187,3,4,Thursday,15,2,11
2024-04-12,S004,Scottsdale,premium suburban,1035.0,0,none,0,none,0,0,0,61.8,0.12363636363636359,4,4,Friday,15,2,12
2024-04-13,S004,Scottsdale,premium suburban,1155.0,0,none,0,none,1,0,0,61.9,0.12545454545454543,5,4,Saturday,15,2,13
2024-04-14,S004,Scottsdale,premium suburban,1049.0,0,none,0,none,1,1,0,62.1,0.12909090909090912,6,4,Sunday,15,2,14
2024-04-15,S004,Scottsdale,premium suburban,899.0,0,none,0,none,0,1,0,62.2,0.13090909090909095,0,4,Monday,16,2,15
2024-04-16,S004,Scottsdale,premium suburban,936.0,0,none,0,none,0,1,0,62.3,0.13272727272727267,1,4,Tuesday,16,2,16
2024-04-17,S004,Scottsdale,premium suburban,913.0,0,none,0,none,0,0,0,62.5,0.13636363636363635,2,4,Wednesday,16,2,17
2024-04-18,S004,Scottsdale,premium suburban,928.0,0,none,0,none,0,0,0,62.6,0.1381818181818182,3,4,Thursday,16,2,18
2024-04-19,S004,Scottsdale,premium suburban,912.0,0,none,0,none,0,0,0,62.7,0.14000000000000004,4,4,Friday,16,2,19
2024-04-20,S004,Scottsdale,premium suburban,1055.0,0,none,0,none,1,0,0,62.9,0.14363636363636362,5,4,Saturday,16,2,20
2024-04-21,S004,Scottsdale,premium suburban,1026.0,0,none,0,none,1,0,0,63.0,0.14545454545454545,6,4,Sunday,16,2,21
2024-04-22,S004,Scottsdale,premium suburban,849.0,0,none,0,none,0,0,0,63.2,0.14909090909090914,0,4,Monday,17,2,22
2024-04-23,S004,Scottsdale,premium suburban,958.0,0,none,0,none,0,0,0,63.4,0.1527272727272727,1,4,Tuesday,17,2,23
2024-04-24,S004,Scottsdale,premium suburban,931.0,0,none,0,none,0,0,0,63.5,0.15454545454545454,2,4,Wednesday,17,2,24
2024-04-25,S004,Scottsdale,premium suburban,1002.0,0,none,0,none,0,0,0,63.7,0.15818181818181823,3,4,Thursday,17,2,25
2024-04-26,S004,Scottsdale,premium suburban,1014.0,0,none,0,none,0,0,0,63.9,0.1618181818181818,4,4,Friday,17,2,26
2024-04-27,S004,Scottsdale,premium suburban,1098.0,0,none,0,none,1,0,0,64.1,0.16545454545454535,5,4,Saturday,17,2,27
2024-04-28,S004,Scottsdale,premium suburban,1024.0,0,none,0,none,1,0,0,64.3,0.16909090909090904,6,4,Sunday,17,2,28
2024-04-29,S004,Scottsdale,premium suburban,911.0,0,none,0,none,0,0,0,64.5,0.17272727272727273,0,4,Monday,18,2,29
2024-04-30,S004,Scottsdale,premium suburban,896.0,0,none,0,none,0,0,0,64.7,0.17636363636363642,1,4,Tuesday,18,2,30
2024-05-01,S004,Scottsdale,premium suburban,1003.0,0,none,0,none,0,1,0,64.9,0.1800000000000001,2,5,Wednesday,18,2,1
2024-05-02,S004,Scottsdale,premium suburban,1029.0,0,none,0,none,0,1,0,65.1,0.18363636363636354,3,5,Thursday,18,2,2
2024-05-03,S004,Scottsdale,premium suburban,996.0,0,none,0,none,0,0,0,65.3,0.18727272727272723,4,5,Friday,18,2,3
2024-05-04,S004,Scottsdale,premium suburban,1085.0,0,none,0,none,1,0,0,65.5,0.19090909090909092,5,5,Saturday,18,2,4
2024-05-05,S004,Scottsdale,premium suburban,1090.0,0,none,0,none,1,0,0,65.7,0.1945454545454546,6,5,Sunday,18,2,5
2024-05-06,S004,Scottsdale,premium suburban,857.0,0,none,0,none,0,0,0,65.9,0.1981818181818183,0,5,Monday,19,2,6
2024-05-07,S004,Scottsdale,premium suburban,908.0,0,none,0,none,0,0,0,66.1,0.2018181818181817,1,5,Tuesday,19,2,7
2024-05-08,S004,Scottsdale,premium suburban,974.0,0,none,0,none,0,0,0,66.4,0.2072727272727274,2,5,Wednesday,19,2,8
2024-05-09,S004,Scottsdale,premium suburban,998.0,0,none,0,none,0,0,0,66.6,0.2109090909090908,3,5,Thursday,19,2,9
2024-05-10,S004,Scottsdale,premium suburban,1007.0,0,none,0,none,0,0,0,66.8,0.21454545454545448,4,5,Friday,19,2,10
2024-05-11,S004,Scottsdale,premium suburban,992.0,0,none,0,none,1,0,0,67.1,0.2199999999999999,5,5,Saturday,19,2,11
2024-05-12,S004,Scottsdale,premium suburban,1033.0,0,none,0,none,1,0,0,67.3,0.22363636363636358,6,5,Sunday,19,2,12
2024-05-13,S004,Scottsdale,premium suburban,793.0,0,none,0,none,0,0,0,67.6,0.22909090909090898,0,5,Monday,20,2,13
2024-05-14,S004,Scottsdale,premium suburban,998.0,0,none,0,none,0,1,0,67.8,0.23272727272727267,1,5,Tuesday,20,2,14
2024-05-15,S004,Scottsdale,premium suburban,994.0,0,none,0,none,0,1,0,68.1,0.23818181818181808,2,5,Wednesday,20,2,15
2024-05-16,S004,Scottsdale,premium suburban,1051.0,0,none,0,none,0,1,0,68.3,0.24181818181818177,3,5,Thursday,20,2,16
2024-05-17,S004,Scottsdale,premium suburban,977.0,0,none,0,none,0,0,0,68.6,0.24727272727272717,4,5,Friday,20,2,17
2024-05-18,S004,Scottsdale,premium suburban,1021.0,0,none,0,none,1,0,0,68.8,0.25090909090909086,5,5,Saturday,20,2,18
2024-05-19,S004,Scottsdale,premium suburban,1025.0,0,none,0,none,1,0,0,69.1,0.25636363636363624,6,5,Sunday,20,2,19
2024-05-20,S004,Scottsdale,premium suburban,866.0,0,none,0,none,0,0,0,69.3,0.25999999999999995,0,5,Monday,21,2,20
2024-05-21,S004,Scottsdale,premium suburban,879.0,0,none,0,none,0,0,0,69.6,0.26545454545454533,1,5,Tuesday,21,2,21
2024-05-22,S004,Scottsdale,premium suburban,936.0,0,none,0,none,0,0,0,69.9,0.270909090909091,2,5,Wednesday,21,2,22
2024-05-23,S004,Scottsdale,premium suburban,1053.0,0,none,0,none,0,0,0,70.2,0.2763636363636364,3,5,Thursday,21,2,23
2024-05-24,S004,Scottsdale,premium suburban,1036.0,0,none,0,none,0,0,0,70.4,0.2800000000000001,4,5,Friday,21,2,24
2024-05-25,S004,Scottsdale,premium suburban,1108.0,0,none,0,none,1,0,0,70.7,0.2854545454545455,5,5,Saturday,21,2,25
2024-05-26,S004,Scottsdale,premium suburban,1045.0,0,none,0,none,1,0,0,71.0,0.2909090909090909,6,5,Sunday,21,2,26
2024-05-27,S004,Scottsdale,premium suburban,1056.0,1,memorial_day,0,none,0,0,0,71.3,0.29636363636363633,0,5,Monday,22,2,27
2024-05-28,S004,Scottsdale,premium suburban,890.0,0,none,0,none,0,0,0,71.6,0.3018181818181817,1,5,Tuesday,22,2,28
2024-05-29,S004,Scottsdale,premium suburban,865.0,0,none,0,none,0,0,0,71.8,0.3054545454545454,2,5,Wednesday,22,2,29
2024-05-30,S004,Scottsdale,premium suburban,955.0,0,none,0,none,0,0,0,72.1,0.3109090909090908,3,5,Thursday,22,2,30
2024-05-31,S004,Scottsdale,premium suburban,1036.0,0,none,0,none,0,0,0,72.4,0.31636363636363646,4,5,Friday,22,2,31
2024-06-01,S004,Scottsdale,premium suburban,1106.0,0,none,0,none,1,1,0,72.7,0.3218181818181819,5,6,Saturday,22,2,1
2024-06-02,S004,Scottsdale,premium suburban,1073.0,0,none,0,none,1,1,0,73.0,0.32727272727272727,6,6,Sunday,22,2,2
2024-06-03,S004,Scottsdale,premium suburban,845.0,0,none,0,none,0,0,0,73.3,0.33272727272727265,0,6,Monday,23,2,3
2024-06-04,S004,Scottsdale,premium suburban,947.0,0,none,0,none,0,0,0,73.6,0.3381818181818181,1,6,Tuesday,23,2,4
2024-06-05,S004,Scottsdale,premium suburban,959.0,0,none,0,none,0,0,0,73.9,0.34363636363636374,2,6,Wednesday,23,2,5
2024-06-06,S004,Scottsdale,premium suburban,984.0,0,none,0,none,0,0,0,74.2,0.3490909090909091,3,6,Thursday,23,2,6
2024-06-07,S004,Scottsdale,premium suburban,1030.0,0,none,0,none,0,0,0,74.5,0.35454545454545455,4,6,Friday,23,2,7
2024-06-08,S004,Scottsdale,premium suburban,1073.0,0,none,0,none,1,0,0,74.8,0.35999999999999993,5,6,Saturday,23,2,8
2024-06-09,S004,Scottsdale,premium suburban,1025.0,0,none,0,none,1,0,0,75.1,0.36545454545454537,6,6,Sunday,23,2,9
2024-06-10,S004,Scottsdale,premium suburban,830.0,0,none,0,none,0,0,0,75.4,0.370909090909091,0,6,Monday,24,2,10
2024-06-11,S004,Scottsdale,premium suburban,824.0,0,none,0,none,0,0,0,75.7,0.3763636363636364,1,6,Tuesday,24,2,11
2024-06-12,S004,Scottsdale,premium suburban,940.0,0,none,0,none,0,0,0,76.0,0.38181818181818183,2,6,Wednesday,24,2,12
2024-06-13,S004,Scottsdale,premium suburban,974.0,0,none,0,none,0,0,0,76.3,0.3872727272727272,3,6,Thursday,24,2,13
2024-06-14,S004,Scottsdale,premium suburban,1111.0,0,none,0,none,0,1,0,76.6,0.39272727272727265,4,6,Friday,24,2,14
2024-06-15,S004,Scottsdale,premium suburban,1192.0,0,none,0,none,1,1,0,77.0,0.4,5,6,Saturday,24,2,15
2024-06-16,S004,Scottsdale,premium suburban,1133.0,0,none,0,none,1,1,0,77.3,0.4054545454545454,6,6,Sunday,24,2,16
2024-06-17,S004,Scottsdale,premium suburban,836.0,0,none,0,none,0,0,0,77.6,0.4109090909090908,0,6,Monday,25,2,17
2024-06-18,S004,Scottsdale,premium suburban,886.0,0,none,0,none,0,0,0,77.9,0.4163636363636365,1,6,Tuesday,25,2,18
2024-06-19,S004,Scottsdale,premium suburban,951.0,0,none,0,none,0,0,0,78.2,0.42181818181818187,2,6,Wednesday,25,2,19
2024-06-20,S004,Scottsdale,premium suburban,1048.0,0,none,0,none,0,0,0,78.5,0.42727272727272725,3,6,Thursday,25,2,20
2024-06-21,S004,Scottsdale,premium suburban,1060.0,0,none,0,none,0,0,0,78.8,0.4327272727272727,4,6,Friday,25,2,21
2024-06-22,S004,Scottsdale,premium suburban,1113.0,0,none,0,none,1,0,0,79.1,0.43818181818181806,5,6,Saturday,25,2,22
2024-06-23,S004,Scottsdale,premium suburban,1007.0,0,none,0,none,1,0,0,79.4,0.4436363636363637,6,6,Sunday,25,2,23
2024-06-24,S004,Scottsdale,premium suburban,841.0,0,none,0,none,0,0,0,79.7,0.44909090909090915,0,6,Monday,26,2,24
2024-06-25,S004,Scottsdale,premium suburban,925.0,0,none,0,none,0,0,0,80.0,0.45454545454545453,1,6,Tuesday,26,2,25
2024-06-26,S004,Scottsdale,premium suburban,899.0,0,none,0,none,0,0,0,80.4,0.4618181818181819,2,6,Wednesday,26,2,26
2024-06-27,S004,Scottsdale,premium suburban,956.0,0,none,0,none,0,0,0,80.7,0.46727272727272734,3,6,Thursday,26,2,27
2024-06-28,S004,Scottsdale,premium suburban,1007.0,0,none,0,none,0,0,0,81.0,0.4727272727272727,4,6,Friday,26,2,28
2024-06-29,S004,Scottsdale,premium suburban,1130.0,0,none,0,none,1,0,0,81.3,0.47818181818181815,5,6,Saturday,26,2,29
2024-06-30,S004,Scottsdale,premium suburban,1009.0,0,none,0,none,1,0,0,81.6,0.48363636363636353,6,6,Sunday,26,2,30
2024-07-01,S004,Scottsdale,premium suburban,842.0,0,none,0,none,0,1,0,81.9,0.4890909090909092,0,7,Monday,27,3,1
2024-07-02,S004,Scottsdale,premium suburban,970.0,0,none,0,none,0,1,0,82.2,0.4945454545454546,1,7,Tuesday,27,3,2
2024-07-03,S004,Scottsdale,premium suburban,913.0,0,none,0,none,0,0,0,82.5,0.5,2,7,Wednesday,27,3,3
2024-07-04,S004,Scottsdale,premium suburban,1121.0,1,independence_day,0,none,0,0,0,82.8,0.5054545454545454,3,7,Thursday,27,3,4
2024-07-05,S004,Scottsdale,premium suburban,1009.0,0,none,0,none,0,0,0,83.1,0.5109090909090908,4,7,Friday,27,3,5
2024-07-06,S004,Scottsdale,premium suburban,1068.0,0,none,0,none,1,0,0,83.4,0.5163636363636365,5,7,Saturday,27,3,6
2024-07-07,S004,Scottsdale,premium suburban,1048.0,0,none,0,none,1,0,0,83.7,0.5218181818181818,6,7,Sunday,27,3,7
2024-07-08,S004,Scottsdale,premium suburban,820.0,0,none,0,none,0,0,0,84.0,0.5272727272727272,0,7,Monday,28,3,8
2024-07-09,S004,Scottsdale,premium suburban,882.0,0,none,0,none,0,0,0,84.3,0.5327272727272727,1,7,Tuesday,28,3,9
2024-07-10,S004,Scottsdale,premium suburban,960.0,0,none,0,none,0,0,0,84.6,0.5381818181818181,2,7,Wednesday,28,3,10
2024-07-11,S004,Scottsdale,premium suburban,945.0,0,none,0,none,0,0,0,84.9,0.5436363636363637,3,7,Thursday,28,3,11
2024-07-12,S004,Scottsdale,premium suburban,959.0,0,none,0,none,0,0,0,85.2,0.5490909090909092,4,7,Friday,28,3,12
2024-07-13,S004,Scottsdale,premium suburban,1101.0,0,none,0,none,1,0,0,85.4,0.5527272727272728,5,7,Saturday,28,3,13
2024-07-14,S004,Scottsdale,premium suburban,1121.0,0,none,0,none,1,1,0,85.7,0.5581818181818182,6,7,Sunday,28,3,14
2024-07-15,S004,Scottsdale,premium suburban,923.0,0,none,0,none,0,1,0,86.0,0.5636363636363636,0,7,Monday,29,3,15
2024-07-16,S004,Scottsdale,premium suburban,889.0,0,none,0,none,0,1,0,86.3,0.5690909090909091,1,7,Tuesday,29,3,16
2024-07-17,S004,Scottsdale,premium suburban,962.0,0,none,0,none,0,0,0,86.6,0.5745454545454545,2,7,Wednesday,29,3,17
2024-07-18,S004,Scottsdale,premium suburban,911.0,0,none,0,none,0,0,0,86.8,0.5781818181818181,3,7,Thursday,29,3,18
2024-07-19,S004,Scottsdale,premium suburban,1023.0,0,none,0,none,0,0,0,87.1,0.5836363636363635,4,7,Friday,29,3,19
2024-07-20,S004,Scottsdale,premium suburban,1049.0,0,none,0,none,1,0,0,87.4,0.5890909090909092,5,7,Saturday,29,3,20
2024-07-21,S004,Scottsdale,premium suburban,984.0,0,none,0,none,1,0,0,87.7,0.5945454545454546,6,7,Sunday,29,3,21
2024-07-22,S004,Scottsdale,premium suburban,858.0,0,none,0,none,0,0,0,87.9,0.5981818181818183,0,7,Monday,30,3,22
2024-07-23,S004,Scottsdale,premium suburban,895.0,0,none,0,none,0,0,0,88.2,0.6036363636363636,1,7,Tuesday,30,3,23
2024-07-24,S004,Scottsdale,premium suburban,917.0,0,none,0,none,0,0,0,88.4,0.6072727272727274,2,7,Wednesday,30,3,24
2024-07-25,S004,Scottsdale,premium suburban,986.0,0,none,0,none,0,0,0,88.7,0.6127272727272728,3,7,Thursday,30,3,25
2024-07-26,S004,Scottsdale,premium suburban,999.0,0,none,0,none,0,0,0,88.9,0.6163636363636364,4,7,Friday,30,3,26
2024-07-27,S004,Scottsdale,premium suburban,1112.0,0,none,0,none,1,0,0,89.2,0.6218181818181818,5,7,Saturday,30,3,27
2024-07-28,S004,Scottsdale,premium suburban,1033.0,0,none,0,none,1,0,0,89.4,0.6254545454545456,6,7,Sunday,30,3,28
2024-07-29,S004,Scottsdale,premium suburban,850.0,0,none,0,none,0,0,0,89.7,0.630909090909091,0,7,Monday,31,3,29
2024-07-30,S004,Scottsdale,premium suburban,873.0,0,none,0,none,0,0,0,89.9,0.6345454545454546,1,7,Tuesday,31,3,30
2024-07-31,S004,Scottsdale,premium suburban,884.0,0,none,0,none,0,0,0,90.2,0.64,2,7,Wednesday,31,3,31
2024-08-01,S004,Scottsdale,premium suburban,1035.0,0,none,0,none,0,1,0,90.4,0.6436363636363638,3,8,Thursday,31,3,1
2024-08-02,S004,Scottsdale,premium suburban,1064.0,0,none,0,none,0,1,0,90.6,0.6472727272727272,4,8,Friday,31,3,2
2024-08-03,S004,Scottsdale,premium suburban,1001.0,0,none,0,none,1,0,0,90.9,0.6527272727272728,5,8,Saturday,31,3,3
2024-08-04,S004,Scottsdale,premium suburban,1006.0,0,none,0,none,1,0,0,91.1,0.6563636363636363,6,8,Sunday,31,3,4
2024-08-05,S004,Scottsdale,premium suburban,844.0,0,none,0,none,0,0,0,91.3,0.6599999999999999,0,8,Monday,32,3,5
2024-08-06,S004,Scottsdale,premium suburban,955.0,0,none,0,none,0,0,0,91.5,0.6636363636363637,1,8,Tuesday,32,3,6
2024-08-07,S004,Scottsdale,premium suburban,883.0,0,none,0,none,0,0,0,91.7,0.6672727272727274,2,8,Wednesday,32,3,7
2024-08-08,S004,Scottsdale,premium suburban,920.0,0,none,0,none,0,0,0,91.9,0.670909090909091,3,8,Thursday,32,3,8
2024-08-09,S004,Scottsdale,premium suburban,1052.0,0,none,0,none,0,0,0,92.1,0.6745454545454544,4,8,Friday,32,3,9
2024-08-10,S004,Scottsdale,premium suburban,1126.0,0,none,0,none,1,0,0,92.3,0.6781818181818181,5,8,Saturday,32,3,10
2024-08-11,S004,Scottsdale,premium suburban,1000.0,0,none,0,none,1,0,0,92.5,0.6818181818181818,6,8,Sunday,32,3,11
2024-08-12,S004,Scottsdale,premium suburban,853.0,0,none,0,none,0,0,0,92.7,0.6854545454545455,0,8,Monday,33,3,12
2024-08-13,S004,Scottsdale,premium suburban,923.0,0,none,0,none,0,0,0,92.9,0.6890909090909092,1,8,Tuesday,33,3,13
2024-08-14,S004,Scottsdale,premium suburban,919.0,0,none,0,none,0,1,0,93.1,0.6927272727272726,2,8,Wednesday,33,3,14
2024-08-15,S004,Scottsdale,premium suburban,965.0,0,none,0,none,0,1,0,93.3,0.6963636363636363,3,8,Thursday,33,3,15
2024-08-16,S004,Scottsdale,premium suburban,1067.0,0,none,0,none,0,1,0,93.5,0.7,4,8,Friday,33,3,16
2024-08-17,S004,Scottsdale,premium suburban,1134.0,0,none,0,none,1,0,0,93.6,0.7018181818181817,5,8,Saturday,33,3,17
2024-08-18,S004,Scottsdale,premium suburban,1011.0,0,none,0,none,1,0,0,93.8,0.7054545454545454,6,8,Sunday,33,3,18
2024-08-19,S004,Scottsdale,premium suburban,878.0,0,none,0,none,0,0,0,94.0,0.7090909090909091,0,8,Monday,34,3,19
2024-08-20,S004,Scottsdale,premium suburban,941.0,0,none,0,none,0,0,0,94.1,0.7109090909090908,1,8,Tuesday,34,3,20
2024-08-21,S004,Scottsdale,premium suburban,1011.0,0,none,0,none,0,0,0,94.3,0.7145454545454545,2,8,Wednesday,34,3,21
2024-08-22,S004,Scottsdale,premium suburban,950.0,0,none,0,none,0,0,0,94.4,0.7163636363636364,3,8,Thursday,34,3,22
2024-08-23,S004,Scottsdale,premium suburban,1016.0,0,none,0,none,0,0,0,94.5,0.7181818181818181,4,8,Friday,34,3,23
2024-08-24,S004,Scottsdale,premium suburban,1143.0,0,none,0,none,1,0,0,94.7,0.7218181818181819,5,8,Saturday,34,3,24
2024-08-25,S004,Scottsdale,premium suburban,975.0,0,none,0,none,1,0,0,94.8,0.7236363636363636,6,8,Sunday,34,3,25
2024-08-26,S004,Scottsdale,premium suburban,910.0,0,none,0,none,0,0,0,94.9,0.7254545454545456,0,8,Monday,35,3,26
2024-08-27,S004,Scottsdale,premium suburban,870.0,0,none,0,none,0,0,0,95.1,0.729090909090909,1,8,Tuesday,35,3,27
2024-08-28,S004,Scottsdale,premium suburban,945.0,0,none,0,none,0,0,0,95.2,0.730909090909091,2,8,Wednesday,35,3,28
2024-08-29,S004,Scottsdale,premium suburban,962.0,0,none,0,none,0,0,0,95.3,0.7327272727272727,3,8,Thursday,35,3,29
2024-08-30,S004,Scottsdale,premium suburban,985.0,0,none,0,none,0,0,0,95.4,0.7345454545454546,4,8,Friday,35,3,30
2024-08-31,S004,Scottsdale,premium suburban,1050.0,0,none,0,none,1,0,0,95.5,0.7363636363636363,5,8,Saturday,35,3,31
2024-09-01,S004,Scottsdale,premium suburban,1098.0,0,none,0,none,1,1,0,95.6,0.738181818181818,6,9,Sunday,35,3,1
2024-09-02,S004,Scottsdale,premium suburban,1111.0,1,labor_day,0,none,0,1,0,95.7,0.7400000000000001,0,9,Monday,36,3,2
2024-09-03,S004,Scottsdale,premium suburban,900.0,0,none,0,none,0,0,0,95.8,0.7418181818181818,1,9,Tuesday,36,3,3
2024-09-04,S004,Scottsdale,premium suburban,945.0,0,none,0,none,0,0,0,95.9,0.7436363636363638,2,9,Wednesday,36,3,4
2024-09-05,S004,Scottsdale,premium suburban,990.0,0,none,0,none,0,0,0,96.0,0.7454545454545455,3,9,Thursday,36,3,5
2024-09-06,S004,Scottsdale,premium suburban,985.0,0,none,0,none,0,0,0,96.0,0.7454545454545455,4,9,Friday,36,3,6
2024-09-07,S004,Scottsdale,premium suburban,1109.0,0,none,0,none,1,0,0,96.1,0.7472727272727272,5,9,Saturday,36,3,7
2024-09-08,S004,Scottsdale,premium suburban,1055.0,0,none,0,none,1,0,0,96.2,0.7490909090909091,6,9,Sunday,36,3,8
2024-09-09,S004,Scottsdale,premium suburban,964.0,0,none,0,none,0,0,0,96.2,0.7490909090909091,0,9,Monday,37,3,9
2024-09-10,S004,Scottsdale,premium suburban,893.0,0,none,0,none,0,0,0,96.3,0.7509090909090909,1,9,Tuesday,37,3,10
2024-09-11,S004,Scottsdale,premium suburban,928.0,0,none,0,none,0,0,0,96.3,0.7509090909090909,2,9,Wednesday,37,3,11
2024-09-12,S004,Scottsdale,premium suburban,997.0,0,none,0,none,0,0,0,96.4,0.7527272727272728,3,9,Thursday,37,3,12
2024-09-13,S004,Scottsdale,premium suburban,1046.0,0,none,0,none,0,0,0,96.4,0.7527272727272728,4,9,Friday,37,3,13
2024-09-14,S004,Scottsdale,premium suburban,1132.0,0,none,0,none,1,1,0,96.4,0.7527272727272728,5,9,Saturday,37,3,14
2024-09-15,S004,Scottsdale,premium suburban,1076.0,0,none,0,none,1,1,0,96.5,0.7545454545454545,6,9,Sunday,37,3,15
2024-09-16,S004,Scottsdale,premium suburban,948.0,0,none,0,none,0,1,0,96.5,0.7545454545454545,0,9,Monday,38,3,16
2024-09-17,S004,Scottsdale,premium suburban,878.0,0,none,0,none,0,0,0,96.5,0.7545454545454545,1,9,Tuesday,38,3,17
2024-09-18,S004,Scottsdale,premium suburban,930.0,0,none,0,none,0,0,0,96.5,0.7545454545454545,2,9,Wednesday,38,3,18
2024-09-19,S004,Scottsdale,premium suburban,975.0,0,none,0,none,0,0,0,96.5,0.7545454545454545,3,9,Thursday,38,3,19
2024-09-20,S004,Scottsdale,premium suburban,1053.0,0,none,0,none,0,0,0,96.5,0.7545454545454545,4,9,Friday,38,3,20
2024-09-21,S004,Scottsdale,premium suburban,1065.0,0,none,0,none,1,0,0,96.5,0.7545454545454545,5,9,Saturday,38,3,21
2024-09-22,S004,Scottsdale,premium suburban,967.0,0,none,0,none,1,0,0,96.5,0.7545454545454545,6,9,Sunday,38,3,22
2024-09-23,S004,Scottsdale,premium suburban,814.0,0,none,0,none,0,0,0,96.5,0.7545454545454545,0,9,Monday,39,3,23
2024-09-24,S004,Scottsdale,premium suburban,864.0,0,none,0,none,0,0,0,96.4,0.7527272727272728,1,9,Tuesday,39,3,24
2024-09-25,S004,Scottsdale,premium suburban,900.0,0,none,0,none,0,0,0,96.4,0.7527272727272728,2,9,Wednesday,39,3,25
2024-09-26,S004,Scottsdale,premium suburban,967.0,0,none,0,none,0,0,0,96.4,0.7527272727272728,3,9,Thursday,39,3,26
2024-09-27,S004,Scottsdale,premium suburban,980.0,0,none,0,none,0,0,0,96.3,0.7509090909090909,4,9,Friday,39,3,27
2024-09-28,S004,Scottsdale,premium suburban,1063.0,0,none,0,none,1,0,0,96.3,0.7509090909090909,5,9,Saturday,39,3,28
2024-09-29,S004,Scottsdale,premium suburban,1004.0,0,none,0,none,1,0,0,96.3,0.7509090909090909,6,9,Sunday,39,3,29
2024-09-30,S004,Scottsdale,premium suburban,864.0,0,none,0,none,0,0,0,96.2,0.7490909090909091,0,9,Monday,40,3,30
2024-10-01,S004,Scottsdale,premium suburban,1006.0,0,none,0,none,0,1,0,96.1,0.7472727272727272,1,10,Tuesday,40,4,1
2024-10-02,S004,Scottsdale,premium suburban,1024.0,0,none,0,none,0,1,0,96.1,0.7472727272727272,2,10,Wednesday,40,4,2
2024-10-03,S004,Scottsdale,premium suburban,974.0,0,none,0,none,0,0,0,96.0,0.7454545454545455,3,10,Thursday,40,4,3
2024-10-04,S004,Scottsdale,premium suburban,1005.0,0,none,0,none,0,0,0,95.9,0.7436363636363638,4,10,Friday,40,4,4
2024-10-05,S004,Scottsdale,premium suburban,1072.0,0,none,0,none,1,0,0,95.8,0.7418181818181818,5,10,Saturday,40,4,5
2024-10-06,S004,Scottsdale,premium suburban,1041.0,0,none,0,none,1,0,0,95.8,0.7418181818181818,6,10,Sunday,40,4,6
2024-10-07,S004,Scottsdale,premium suburban,899.0,0,none,0,none,0,0,0,95.7,0.7400000000000001,0,10,Monday,41,4,7
2024-10-08,S004,Scottsdale,premium suburban,877.0,0,none,0,none,0,0,0,95.6,0.738181818181818,1,10,Tuesday,41,4,8
2024-10-09,S004,Scottsdale,premium suburban,947.0,0,none,0,none,0,0,0,95.5,0.7363636363636363,2,10,Wednesday,41,4,9
2024-10-10,S004,Scottsdale,premium suburban,906.0,0,none,0,none,0,0,0,95.4,0.7345454545454546,3,10,Thursday,41,4,10
2024-10-11,S004,Scottsdale,premium suburban,1028.0,0,none,0,none,0,0,0,95.3,0.7327272727272727,4,10,Friday,41,4,11
2024-10-12,S004,Scottsdale,premium suburban,1113.0,0,none,0,none,1,0,0,95.1,0.729090909090909,5,10,Saturday,41,4,12
2024-10-13,S004,Scottsdale,premium suburban,1022.0,0,none,0,none,1,0,0,95.0,0.7272727272727273,6,10,Sunday,41,4,13
2024-10-14,S004,Scottsdale,premium suburban,993.0,0,none,0,none,0,1,0,94.9,0.7254545454545456,0,10,Monday,42,4,14
2024-10-15,S004,Scottsdale,premium suburban,933.0,0,none,0,none,0,1,0,94.8,0.7236363636363636,1,10,Tuesday,42,4,15
2024-10-16,S004,Scottsdale,premium suburban,1010.0,0,none,0,none,0,1,0,94.6,0.7199999999999999,2,10,Wednesday,42,4,16
2024-10-17,S004,Scottsdale,premium suburban,973.0,0,none,0,none,0,0,0,94.5,0.7181818181818181,3,10,Thursday,42,4,17
2024-10-18,S004,Scottsdale,premium suburban,1019.0,0,none,0,none,0,0,0,94.4,0.7163636363636364,4,10,Friday,42,4,18
2024-10-19,S004,Scottsdale,premium suburban,1084.0,0,none,0,none,1,0,0,94.2,0.7127272727272728,5,10,Saturday,42,4,19
2024-10-20,S004,Scottsdale,premium suburban,1035.0,0,none,0,none,1,0,0,94.0,0.7090909090909091,6,10,Sunday,42,4,20
2024-10-21,S004,Scottsdale,premium suburban,909.0,0,none,0,none,0,0,0,93.9,0.7072727272727274,0,10,Monday,43,4,21
2024-10-22,S004,Scottsdale,premium suburban,955.0,0,none,0,none,0,0,0,93.7,0.7036363636363637,1,10,Tuesday,43,4,22
2024-10-23,S004,Scottsdale,premium suburban,947.0,0,none,0,none,0,0,0,93.6,0.7018181818181817,2,10,Wednesday,43,4,23
2024-10-24,S004,Scottsdale,premium suburban,1002.0,0,none,0,none,0,0,0,93.4,0.6981818181818182,3,10,Thursday,43,4,24
2024-10-25,S004,Scottsdale,premium suburban,999.0,0,none,0,none,0,0,0,93.2,0.6945454545454546,4,10,Friday,43,4,25
2024-10-26,S004,Scottsdale,premium suburban,1115.0,0,none,0,none,1,0,0,93.0,0.6909090909090909,5,10,Saturday,43,4,26
2024-10-27,S004,Scottsdale,premium suburban,1007.0,0,none,0,none,1,0,0,92.8,0.6872727272727273,6,10,Sunday,43,4,27
2024-10-28,S004,Scottsdale,premium suburban,917.0,0,none,0,none,0,0,0,92.7,0.6854545454545455,0,10,Monday,44,4,28
2024-10-29,S004,Scottsdale,premium suburban,983.0,0,none,0,none,0,0,0,92.5,0.6818181818181818,1,10,Tuesday,44,4,29
2024-10-30,S004,Scottsdale,premium suburban,943.0,0,none,0,none,0,0,0,92.3,0.6781818181818181,2,10,Wednesday,44,4,30
2024-10-31,S004,Scottsdale,premium suburban,1059.0,1,halloween,0,none,0,0,0,92.1,0.6745454545454544,3,10,Thursday,44,4,31
2024-11-01,S004,Scottsdale,premium suburban,1066.0,0,none,0,none,0,1,0,91.9,0.670909090909091,4,11,Friday,44,4,1
2024-11-02,S004,Scottsdale,premium suburban,1196.0,0,none,0,none,1,1,0,91.7,0.6672727272727274,5,11,Saturday,44,4,2
2024-11-03,S004,Scottsdale,premium suburban,1051.0,0,none,0,none,1,0,0,91.4,0.661818181818182,6,11,Sunday,44,4,3
2024-11-04,S004,Scottsdale,premium suburban,890.0,0,none,0,none,0,0,0,91.2,0.6581818181818182,0,11,Monday,45,4,4
2024-11-05,S004,Scottsdale,premium suburban,944.0,0,none,0,none,0,0,0,91.0,0.6545454545454545,1,11,Tuesday,45,4,5
2024-11-06,S004,Scottsdale,premium suburban,964.0,0,none,0,none,0,0,0,90.8,0.6509090909090909,2,11,Wednesday,45,4,6
2024-11-07,S004,Scottsdale,premium suburban,1017.0,0,none,0,none,0,0,0,90.5,0.6454545454545455,3,11,Thursday,45,4,7
2024-11-08,S004,Scottsdale,premium suburban,1055.0,0,none,0,none,0,0,0,90.3,0.6418181818181817,4,11,Friday,45,4,8
2024-11-09,S004,Scottsdale,premium suburban,1141.0,0,none,0,none,1,0,0,90.1,0.6381818181818181,5,11,Saturday,45,4,9
2024-11-10,S004,Scottsdale,premium suburban,1046.0,0,none,0,none,1,0,0,89.8,0.6327272727272727,6,11,Sunday,45,4,10
2024-11-11,S004,Scottsdale,premium suburban,912.0,0,none,0,none,0,0,0,89.6,0.629090909090909,0,11,Monday,46,4,11
2024-11-12,S004,Scottsdale,premium suburban,900.0,0,none,0,none,0,0,0,89.4,0.6254545454545456,1,11,Tuesday,46,4,12
2024-11-13,S004,Scottsdale,premium suburban,928.0,0,none,0,none,0,0,0,89.1,0.6199999999999999,2,11,Wednesday,46,4,13
2024-11-14,S004,Scottsdale,premium suburban,1093.0,0,none,0,none,0,1,0,88.9,0.6163636363636364,3,11,Thursday,46,4,14
2024-11-15,S004,Scottsdale,premium suburban,1093.0,0,none,0,none,0,1,0,88.6,0.6109090909090908,4,11,Friday,46,4,15
2024-11-16,S004,Scottsdale,premium suburban,1184.0,0,none,0,none,1,1,0,88.3,0.6054545454545454,5,11,Saturday,46,4,16
2024-11-17,S004,Scottsdale,premium suburban,1038.0,0,none,0,none,1,0,0,88.1,0.6018181818181817,6,11,Sunday,46,4,17
2024-11-18,S004,Scottsdale,premium suburban,863.0,0,none,0,none,0,0,0,87.8,0.5963636363636363,0,11,Monday,47,4,18
2024-11-19,S004,Scottsdale,premium suburban,912.0,0,none,0,none,0,0,0,87.6,0.5927272727272727,1,11,Tuesday,47,4,19
2024-11-20,S004,Scottsdale,premium suburban,997.0,0,none,0,none,0,0,0,87.3,0.5872727272727272,2,11,Wednesday,47,4,20
2024-11-21,S004,Scottsdale,premium suburban,996.0,0,none,0,none,0,0,0,87.0,0.5818181818181818,3,11,Thursday,47,4,21
2024-11-22,S004,Scottsdale,premium suburban,968.0,0,none,0,none,0,0,0,86.7,0.5763636363636364,4,11,Friday,47,4,22
2024-11-23,S004,Scottsdale,premium suburban,1085.0,0,none,0,none,1,0,0,86.5,0.5727272727272728,5,11,Saturday,47,4,23
2024-11-24,S004,Scottsdale,premium suburban,1095.0,0,none,0,none,1,0,0,86.2,0.5672727272727274,6,11,Sunday,47,4,24
2024-11-25,S004,Scottsdale,premium suburban,876.0,0,none,0,none,0,0,0,85.9,0.5618181818181819,0,11,Monday,48,4,25
2024-11-26,S004,Scottsdale,premium suburban,852.0,0,none,0,none,0,0,0,85.6,0.5563636363636363,1,11,Tuesday,48,4,26
2024-11-27,S004,Scottsdale,premium suburban,1013.0,0,none,0,none,0,0,0,85.3,0.5509090909090909,2,11,Wednesday,48,4,27
2024-11-28,S004,Scottsdale,premium suburban,1158.0,1,thanksgiving,0,none,0,0,0,85.0,0.5454545454545454,3,11,Thursday,48,4,28
2024-11-29,S004,Scottsdale,premium suburban,1188.0,1,black_friday,0,none,0,0,0,84.8,0.5418181818181818,4,11,Friday,48,4,29
2024-11-30,S004,Scottsdale,premium suburban,1080.0,0,none,0,none,1,0,0,84.5,0.5363636363636364,5,11,Saturday,48,4,30
2024-12-01,S004,Scottsdale,premium suburban,1134.0,0,none,0,none,1,1,0,84.2,0.530909090909091,6,12,Sunday,48,4,1
2024-12-02,S004,Scottsdale,premium suburban,919.0,0,none,0,none,0,1,0,83.9,0.5254545454545455,0,12,Monday,49,4,2
2024-12-03,S004,Scottsdale,premium suburban,951.0,0,none,0,none,0,0,0,83.6,0.5199999999999999,1,12,Tuesday,49,4,3
2024-12-04,S004,Scottsdale,premium suburban,969.0,0,none,0,none,0,0,0,83.3,0.5145454545454545,2,12,Wednesday,49,4,4
2024-12-05,S004,Scottsdale,premium suburban,987.0,0,none,0,none,0,0,0,83.0,0.509090909090909,3,12,Thursday,49,4,5
2024-12-06,S004,Scottsdale,premium suburban,1032.0,0,none,0,none,0,0,0,82.7,0.5036363636363637,4,12,Friday,49,4,6
2024-12-07,S004,Scottsdale,premium suburban,1088.0,0,none,0,none,1,0,0,82.4,0.4981818181818183,5,12,Saturday,49,4,7
2024-12-08,S004,Scottsdale,premium suburban,1071.0,0,none,0,none,1,0,0,82.1,0.4927272727272726,6,12,Sunday,49,4,8
2024-12-09,S004,Scottsdale,premium suburban,855.0,0,none,0,none,0,0,0,81.8,0.48727272727272725,0,12,Monday,50,4,9
2024-12-10,S004,Scottsdale,premium suburban,859.0,0,none,0,none,0,0,0,81.5,0.4818181818181818,1,12,Tuesday,50,4,10
2024-12-11,S004,Scottsdale,premium suburban,972.0,0,none,0,none,0,0,0,81.2,0.47636363636363643,2,12,Wednesday,50,4,11
2024-12-12,S004,Scottsdale,premium suburban,1001.0,0,none,0,none,0,0,0,80.9,0.470909090909091,3,12,Thursday,50,4,12
2024-12-13,S004,Scottsdale,premium suburban,1043.0,0,none,0,none,0,0,0,80.5,0.4636363636363636,4,12,Friday,50,4,13
2024-12-14,S004,Scottsdale,premium suburban,1324.0,0,none,1,holiday_shopping_weekend,1,1,0,80.2,0.45818181818181825,5,12,Saturday,50,4,14
2024-12-15,S004,Scottsdale,premium suburban,1089.0,0,none,0,none,1,1,0,79.9,0.4527272727272728,6,12,Sunday,50,4,15
2024-12-16,S004,Scottsdale,premium suburban,964.0,0,none,0,none,0,1,0,79.6,0.44727272727272716,0,12,Monday,51,4,16
2024-12-17,S004,Scottsdale,premium suburban,912.0,0,none,0,none,0,0,0,79.3,0.4418181818181818,1,12,Tuesday,51,4,17
2024-12-18,S004,Scottsdale,premium suburban,935.0,0,none,0,none,0,0,0,79.0,0.43636363636363634,2,12,Wednesday,51,4,18
2024-12-19,S004,Scottsdale,premium suburban,970.0,0,none,0,none,0,0,0,78.7,0.43090909090909096,3,12,Thursday,51,4,19
2024-12-20,S004,Scottsdale,premium suburban,1096.0,0,none,0,none,0,0,0,78.4,0.4254545454545456,4,12,Friday,51,4,20
2024-12-21,S004,Scottsdale,premium suburban,1037.0,0,none,0,none,1,0,0,78.1,0.4199999999999999,5,12,Saturday,51,4,21
2024-12-22,S004,Scottsdale,premium suburban,1054.0,0,none,0,none,1,0,0,77.8,0.4145454545454545,6,12,Sunday,51,4,22
2024-12-23,S004,Scottsdale,premium suburban,829.0,0,none,0,none,0,0,0,77.5,0.4090909090909091,0,12,Monday,52,4,23
2024-12-24,S004,Scottsdale,premium suburban,1057.0,1,christmas_eve,0,none,0,0,0,77.1,0.40181818181818174,1,12,Tuesday,52,4,24
2024-12-25,S004,Scottsdale,premium suburban,709.0,1,christmas_day,0,none,0,0,0,76.8,0.3963636363636363,2,12,Wednesday,52,4,25
2024-12-26,S004,Scottsdale,premium suburban,911.0,0,none,0,none,0,0,0,76.5,0.39090909090909093,3,12,Thursday,52,4,26
2024-12-27,S004,Scottsdale,premium suburban,1042.0,0,none,0,none,0,0,0,76.2,0.3854545454545455,4,12,Friday,52,4,27
2024-12-28,S004,Scottsdale,premium suburban,1083.0,0,none,0,none,1,0,0,75.9,0.3800000000000001,5,12,Saturday,52,4,28
2024-12-29,S004,Scottsdale,premium suburban,968.0,0,none,0,none,1,0,0,75.6,0.37454545454545446,6,12,Sunday,52,4,29
2024-12-30,S004,Scottsdale,premium suburban,914.0,0,none,0,none,0,0,0,75.3,0.369090909090909,0,12,Monday,1,4,30
2024-12-31,S004,Scottsdale,premium suburban,1109.0,1,new_years_eve,0,none,0,0,0,75.0,0.36363636363636365,1,12,Tuesday,1,4,31
2025-01-01,S004,Scottsdale,premium suburban,939.0,1,new_years_day,0,none,0,1,0,74.9,0.3618181818181819,2,1,Wednesday,1,1,1
2025-01-02,S004,Scottsdale,premium suburban,1053.0,0,none,0,none,0,1,0,74.6,0.35636363636363627,3,1,Thursday,1,1,2
2025-01-03,S004,Scottsdale,premium suburban,1031.0,0,none,0,none,0,0,0,74.3,0.35090909090909084,4,1,Friday,1,1,3
2025-01-04,S004,Scottsdale,premium suburban,1141.0,0,none,0,none,1,0,0,74.0,0.34545454545454546,5,1,Saturday,1,1,4
2025-01-05,S004,Scottsdale,premium suburban,1095.0,0,none,0,none,1,0,0,73.7,0.34,6,1,Sunday,1,1,5
2025-01-06,S004,Scottsdale,premium suburban,925.0,0,none,0,none,0,0,0,73.4,0.33454545454545465,0,1,Monday,2,1,6
2025-01-07,S004,Scottsdale,premium suburban,884.0,0,none,0,none,0,0,0,73.1,0.329090909090909,1,1,Tuesday,2,1,7
2025-01-08,S004,Scottsdale,premium suburban,960.0,0,none,0,none,0,0,0,72.8,0.3236363636363636,2,1,Wednesday,2,1,8
2025-01-09,S004,Scottsdale,premium suburban,997.0,0,none,0,none,0,0,0,72.5,0.3181818181818182,3,1,Thursday,2,1,9
2025-01-10,S004,Scottsdale,premium suburban,970.0,0,none,0,none,0,0,0,72.2,0.3127272727272728,4,1,Friday,2,1,10
2025-01-11,S004,Scottsdale,premium suburban,1113.0,0,none,0,none,1,0,0,72.0,0.3090909090909091,5,1,Saturday,2,1,11
2025-01-12,S004,Scottsdale,premium suburban,1116.0,0,none,0,none,1,0,0,71.7,0.3036363636363637,6,1,Sunday,2,1,12
2025-01-13,S004,Scottsdale,premium suburban,909.0,0,none,0,none,0,0,0,71.4,0.29818181818181827,0,1,Monday,3,1,13
2025-01-14,S004,Scottsdale,premium suburban,1020.0,0,none,0,none,0,1,0,71.1,0.2927272727272726,1,1,Tuesday,3,1,14
2025-01-15,S004,Scottsdale,premium suburban,1018.0,0,none,0,none,0,1,0,70.8,0.28727272727272724,2,1,Wednesday,3,1,15
2025-01-16,S004,Scottsdale,premium suburban,1039.0,0,none,0,none,0,1,0,70.5,0.2818181818181818,3,1,Thursday,3,1,16
2025-01-17,S004,Scottsdale,premium suburban,1043.0,0,none,0,none,0,0,0,70.3,0.27818181818181814,4,1,Friday,3,1,17
2025-01-18,S004,Scottsdale,premium suburban,1070.0,0,none,0,none,1,0,0,70.0,0.2727272727272727,5,1,Saturday,3,1,18
2025-01-19,S004,Scottsdale,premium suburban,1008.0,0,none,0,none,1,0,0,69.7,0.26727272727272733,6,1,Sunday,3,1,19
2025-01-20,S004,Scottsdale,premium suburban,930.0,0,none,0,none,0,0,0,69.4,0.2618181818181819,0,1,Monday,4,1,20
2025-01-21,S004,Scottsdale,premium suburban,962.0,0,none,0,none,0,0,0,69.2,0.25818181818181823,1,1,Tuesday,4,1,21
2025-01-22,S004,Scottsdale,premium suburban,922.0,0,none,0,none,0,0,0,68.9,0.25272727272727286,2,1,Wednesday,4,1,22
2025-01-23,S004,Scottsdale,premium suburban,1016.0,0,none,0,none,0,0,0,68.7,0.24909090909090914,3,1,Thursday,4,1,23
2025-01-24,S004,Scottsdale,premium suburban,1029.0,0,none,0,none,0,0,0,68.4,0.24363636363636373,4,1,Friday,4,1,24
2025-01-25,S004,Scottsdale,premium suburban,1242.0,0,none,1,western_week,1,0,0,68.1,0.23818181818181808,5,1,Saturday,4,1,25
2025-01-26,S004,Scottsdale,premium suburban,1057.0,0,none,0,none,1,0,0,67.9,0.23454545454545464,6,1,Sunday,4,1,26
2025-01-27,S004,Scottsdale,premium suburban,922.0,0,none,0,none,0,0,0,67.6,0.22909090909090898,0,1,Monday,5,1,27
2025-01-28,S004,Scottsdale,premium suburban,920.0,0,none,0,none,0,0,0,67.4,0.22545454545454555,1,1,Tuesday,5,1,28
2025-01-29,S004,Scottsdale,premium suburban,1003.0,0,none,0,none,0,0,0,67.2,0.22181818181818186,2,1,Wednesday,5,1,29
2025-01-30,S004,Scottsdale,premium suburban,995.0,0,none,0,none,0,0,0,66.9,0.21636363636363648,3,1,Thursday,5,1,30
2025-01-31,S004,Scottsdale,premium suburban,1053.0,0,none,0,none,0,0,0,66.7,0.2127272727272728,4,1,Friday,5,1,31
2025-02-01,S004,Scottsdale,premium suburban,1378.0,0,none,1,golf_tournament,1,1,0,66.5,0.20909090909090908,5,2,Saturday,5,1,1
2025-02-02,S004,Scottsdale,premium suburban,1176.0,0,none,0,none,1,1,0,66.2,0.2036363636363637,6,2,Sunday,5,1,2
2025-02-03,S004,Scottsdale,premium suburban,905.0,0,none,0,none,0,0,0,66.0,0.2,0,2,Monday,6,1,3
2025-02-04,S004,Scottsdale,premium suburban,942.0,0,none,0,none,0,0,0,65.8,0.19636363636363632,1,2,Tuesday,6,1,4
2025-02-05,S004,Scottsdale,premium suburban,902.0,0,none,0,none,0,0,0,65.6,0.19272727272727264,2,2,Wednesday,6,1,5
2025-02-06,S004,Scottsdale,premium suburban,957.0,0,none,0,none,0,0,0,65.3,0.18727272727272723,3,2,Thursday,6,1,6
2025-02-07,S004,Scottsdale,premium suburban,1074.0,0,none,0,none,0,0,0,65.1,0.18363636363636354,4,2,Friday,6,1,7
2025-02-08,S004,Scottsdale,premium suburban,1109.0,0,none,0,none,1,0,0,64.9,0.1800000000000001,5,2,Saturday,6,1,8
2025-02-09,S004,Scottsdale,premium suburban,1145.0,1,super_bowl,0,none,1,0,0,64.7,0.17636363636363642,6,2,Sunday,6,1,9
2025-02-10,S004,Scottsdale,premium suburban,924.0,0,none,0,none,0,0,0,64.5,0.17272727272727273,0,2,Monday,7,1,10
2025-02-11,S004,Scottsdale,premium suburban,900.0,0,none,0,none,0,0,0,64.3,0.16909090909090904,1,2,Tuesday,7,1,11
2025-02-12,S004,Scottsdale,premium suburban,1004.0,0,none,0,none,0,0,0,64.2,0.16727272727272732,2,2,Wednesday,7,1,12
2025-02-13,S004,Scottsdale,premium suburban,983.0,0,none,0,none,0,0,0,64.0,0.16363636363636364,3,2,Thursday,7,1,13
2025-02-14,S004,Scottsdale,premium suburban,1102.0,0,none,0,none,0,1,0,63.8,0.15999999999999995,4,2,Friday,7,1,14
2025-02-15,S004,Scottsdale,premium suburban,1206.0,0,none,0,none,1,1,0,63.6,0.1563636363636364,5,2,Saturday,7,1,15
2025-02-16,S004,Scottsdale,premium suburban,1076.0,0,none,0,none,1,1,0,63.4,0.1527272727272727,6,2,Sunday,7,1,16
2025-02-17,S004,Scottsdale,premium suburban,857.0,0,none,0,none,0,0,0,63.3,0.15090909090909085,0,2,Monday,8,1,17
2025-02-18,S004,Scottsdale,premium suburban,912.0,0,none,0,none,0,0,0,63.1,0.1472727272727273,1,2,Tuesday,8,1,18
2025-02-19,S004,Scottsdale,premium suburban,985.0,0,none,0,none,0,0,0,63.0,0.14545454545454545,2,2,Wednesday,8,1,19
2025-02-20,S004,Scottsdale,premium suburban,942.0,0,none,0,none,0,0,0,62.8,0.14181818181818176,3,2,Thursday,8,1,20
2025-02-21,S004,Scottsdale,premium suburban,978.0,0,none,0,none,0,0,0,62.6,0.1381818181818182,4,2,Friday,8,1,21
2025-02-22,S004,Scottsdale,premium suburban,1129.0,0,none,0,none,1,0,0,62.5,0.13636363636363635,5,2,Saturday,8,1,22
2025-02-23,S004,Scottsdale,premium suburban,1024.0,0,none,0,none,1,0,0,62.4,0.13454545454545452,6,2,Sunday,8,1,23
2025-02-24,S004,Scottsdale,premium suburban,878.0,0,none,0,none,0,0,0,62.2,0.13090909090909095,0,2,Monday,9,1,24
2025-02-25,S004,Scottsdale,premium suburban,858.0,0,none,0,none,0,0,0,62.1,0.12909090909090912,1,2,Tuesday,9,1,25
2025-02-26,S004,Scottsdale,premium suburban,935.0,0,none,0,none,0,0,0,62.0,0.12727272727272726,2,2,Wednesday,9,1,26
2025-02-27,S004,Scottsdale,premium suburban,987.0,0,none,0,none,0,0,0,61.9,0.12545454545454543,3,2,Thursday,9,1,27
2025-02-28,S004,Scottsdale,premium suburban,1066.0,0,none,0,none,0,0,0,61.7,0.12181818181818187,4,2,Friday,9,1,28
2025-03-01,S004,Scottsdale,premium suburban,1247.0,0,none,1,art_walk,1,1,0,61.6,0.12000000000000002,5,3,Saturday,9,1,1
2025-03-02,S004,Scottsdale,premium suburban,1163.0,0,none,0,none,1,1,0,61.5,0.11818181818181818,6,3,Sunday,9,1,2
2025-03-03,S004,Scottsdale,premium suburban,868.0,0,none,0,none,0,0,0,61.4,0.11636363636363634,0,3,Monday,10,1,3
2025-03-04,S004,Scottsdale,premium suburban,897.0,0,none,0,none,0,0,0,61.3,0.11454545454545449,1,3,Tuesday,10,1,4
2025-03-05,S004,Scottsdale,premium suburban,1010.0,0,none,0,none,0,0,0,61.2,0.11272727272727277,2,3,Wednesday,10,1,5
2025-03-06,S004,Scottsdale,premium suburban,995.0,0,none,0,none,0,0,0,61.2,0.11272727272727277,3,3,Thursday,10,1,6
2025-03-07,S004,Scottsdale,premium suburban,1017.0,0,none,0,none,0,0,0,61.1,0.11090909090909093,4,3,Friday,10,1,7
2025-03-08,S004,Scottsdale,premium suburban,1098.0,0,none,0,none,1,0,0,61.0,0.10909090909090909,5,3,Saturday,10,1,8
2025-03-09,S004,Scottsdale,premium suburban,1090.0,0,none,0,none,1,0,0,60.9,0.10727272727272724,6,3,Sunday,10,1,9
2025-03-10,S004,Scottsdale,premium suburban,941.0,0,none,0,none,0,0,0,60.9,0.10727272727272724,0,3,Monday,11,1,10
2025-03-11,S004,Scottsdale,premium suburban,894.0,0,none,0,none,0,0,0,60.8,0.1054545454545454,1,3,Tuesday,11,1,11
2025-03-12,S004,Scottsdale,premium suburban,958.0,0,none,0,none,0,0,0,60.7,0.1036363636363637,2,3,Wednesday,11,1,12
2025-03-13,S004,Scottsdale,premium suburban,991.0,0,none,0,none,0,0,0,60.7,0.1036363636363637,3,3,Thursday,11,1,13
2025-03-14,S004,Scottsdale,premium suburban,1065.0,0,none,0,none,0,1,0,60.7,0.1036363636363637,4,3,Friday,11,1,14
2025-03-15,S004,Scottsdale,premium suburban,1168.0,0,none,0,none,1,1,0,60.6,0.10181818181818185,5,3,Saturday,11,1,15
2025-03-16,S004,Scottsdale,premium suburban,1109.0,0,none,0,none,1,1,0,60.6,0.10181818181818185,6,3,Sunday,11,1,16
2025-03-17,S004,Scottsdale,premium suburban,931.0,0,none,0,none,0,0,0,60.6,0.10181818181818185,0,3,Monday,12,1,17
2025-03-18,S004,Scottsdale,premium suburban,962.0,0,none,0,none,0,0,0,60.5,0.1,1,3,Tuesday,12,1,18
2025-03-19,S004,Scottsdale,premium suburban,949.0,0,none,0,none,0,0,0,60.5,0.1,2,3,Wednesday,12,1,19
2025-03-20,S004,Scottsdale,premium suburban,982.0,0,none,0,none,0,0,0,60.5,0.1,3,3,Thursday,12,1,20
2025-03-21,S004,Scottsdale,premium suburban,1059.0,0,none,0,none,0,0,0,60.5,0.1,4,3,Friday,12,1,21
2025-03-22,S004,Scottsdale,premium suburban,1085.0,0,none,0,none,1,0,0,60.5,0.1,5,3,Saturday,12,1,22
2025-03-23,S004,Scottsdale,premium suburban,1066.0,0,none,0,none,1,0,0,60.5,0.1,6,3,Sunday,12,1,23
2025-03-24,S004,Scottsdale,premium suburban,890.0,0,none,0,none,0,0,0,60.5,0.1,0,3,Monday,13,1,24
2025-03-25,S004,Scottsdale,premium suburban,890.0,0,none,0,none,0,0,0,60.5,0.1,1,3,Tuesday,13,1,25
2025-03-26,S004,Scottsdale,premium suburban,929.0,0,none,0,none,0,0,0,60.5,0.1,2,3,Wednesday,13,1,26
2025-03-27,S004,Scottsdale,premium suburban,1038.0,0,none,0,none,0,0,0,60.6,0.10181818181818185,3,3,Thursday,13,1,27
2025-03-28,S004,Scottsdale,premium suburban,1032.0,0,none,0,none,0,0,0,60.6,0.10181818181818185,4,3,Friday,13,1,28
2025-03-29,S004,Scottsdale,premium suburban,1160.0,0,none,0,none,1,0,0,60.6,0.10181818181818185,5,3,Saturday,13,1,29
2025-03-30,S004,Scottsdale,premium suburban,1030.0,0,none,0,none,1,0,0,60.7,0.1036363636363637,6,3,Sunday,13,1,30
2025-03-31,S004,Scottsdale,premium suburban,903.0,0,none,0,none,0,0,0,60.7,0.1036363636363637,0,3,Monday,14,1,31
2025-04-01,S004,Scottsdale,premium suburban,1058.0,0,none,0,none,0,1,0,60.8,0.1054545454545454,1,4,Tuesday,14,2,1
2025-04-02,S004,Scottsdale,premium suburban,983.0,0,none,0,none,0,1,0,60.8,0.1054545454545454,2,4,Wednesday,14,2,2
2025-04-03,S004,Scottsdale,premium suburban,927.0,0,none,0,none,0,0,0,60.9,0.10727272727272724,3,4,Thursday,14,2,3
2025-04-04,S004,Scottsdale,premium suburban,1081.0,0,none,0,none,0,0,0,61.0,0.10909090909090909,4,4,Friday,14,2,4
2025-04-05,S004,Scottsdale,premium suburban,1078.0,0,none,0,none,1,0,0,61.0,0.10909090909090909,5,4,Saturday,14,2,5
2025-04-06,S004,Scottsdale,premium suburban,1047.0,0,none,0,none,1,0,0,61.1,0.11090909090909093,6,4,Sunday,14,2,6
2025-04-07,S004,Scottsdale,premium suburban,875.0,0,none,0,none,0,0,0,61.2,0.11272727272727277,0,4,Monday,15,2,7
2025-04-08,S004,Scottsdale,premium suburban,932.0,0,none,0,none,0,0,0,61.3,0.11454545454545449,1,4,Tuesday,15,2,8
2025-04-09,S004,Scottsdale,premium suburban,930.0,0,none,0,none,0,0,0,61.4,0.11636363636363634,2,4,Wednesday,15,2,9
2025-04-10,S004,Scottsdale,premium suburban,985.0,0,none,0,none,0,0,0,61.5,0.11818181818181818,3,4,Thursday,15,2,10
2025-04-11,S004,Scottsdale,premium suburban,1054.0,0,none,0,none,0,0,0,61.6,0.12000000000000002,4,4,Friday,15,2,11
2025-04-12,S004,Scottsdale,premium suburban,1073.0,0,none,0,none,1,0,0,61.7,0.12181818181818187,5,4,Saturday,15,2,12
2025-04-13,S004,Scottsdale,premium suburban,1025.0,0,none,0,none,1,0,0,61.8,0.12363636363636359,6,4,Sunday,15,2,13
2025-04-14,S004,Scottsdale,premium suburban,937.0,0,none,0,none,0,1,0,61.9,0.12545454545454543,0,4,Monday,16,2,14
2025-04-15,S004,Scottsdale,premium suburban,932.0,0,none,0,none,0,1,0,62.1,0.12909090909090912,1,4,Tuesday,16,2,15
2025-04-16,S004,Scottsdale,premium suburban,1006.0,0,none,0,none,0,1,0,62.2,0.13090909090909095,2,4,Wednesday,16,2,16
2025-04-17,S004,Scottsdale,premium suburban,995.0,0,none,0,none,0,0,0,62.3,0.13272727272727267,3,4,Thursday,16,2,17
2025-04-18,S004,Scottsdale,premium suburban,1026.0,0,none,0,none,0,0,0,62.5,0.13636363636363635,4,4,Friday,16,2,18
2025-04-19,S004,Scottsdale,premium suburban,1098.0,0,none,0,none,1,0,0,62.6,0.1381818181818182,5,4,Saturday,16,2,19
2025-04-20,S004,Scottsdale,premium suburban,1049.0,0,none,0,none,1,0,0,62.7,0.14000000000000004,6,4,Sunday,16,2,20
2025-04-21,S004,Scottsdale,premium suburban,874.0,0,none,0,none,0,0,0,62.9,0.14363636363636362,0,4,Monday,17,2,21
2025-04-22,S004,Scottsdale,premium suburban,947.0,0,none,0,none,0,0,0,63.0,0.14545454545454545,1,4,Tuesday,17,2,22
2025-04-23,S004,Scottsdale,premium suburban,1011.0,0,none,0,none,0,0,0,63.2,0.14909090909090914,2,4,Wednesday,17,2,23
2025-04-24,S004,Scottsdale,premium suburban,976.0,0,none,0,none,0,0,0,63.4,0.1527272727272727,3,4,Thursday,17,2,24
2025-04-25,S004,Scottsdale,premium suburban,1056.0,0,none,0,none,0,0,0,63.5,0.15454545454545454,4,4,Friday,17,2,25
2025-04-26,S004,Scottsdale,premium suburban,1100.0,0,none,0,none,1,0,0,63.7,0.15818181818181823,5,4,Saturday,17,2,26
2025-04-27,S004,Scottsdale,premium suburban,1062.0,0,none,0,none,1,0,0,63.9,0.1618181818181818,6,4,Sunday,17,2,27
2025-04-28,S004,Scottsdale,premium suburban,948.0,0,none,0,none,0,0,0,64.1,0.16545454545454535,0,4,Monday,18,2,28
2025-04-29,S004,Scottsdale,premium suburban,942.0,0,none,0,none,0,0,0,64.3,0.16909090909090904,1,4,Tuesday,18,2,29
2025-04-30,S004,Scottsdale,premium suburban,904.0,0,none,0,none,0,0,0,64.5,0.17272727272727273,2,4,Wednesday,18,2,30
2025-05-01,S004,Scottsdale,premium suburban,1067.0,0,none,0,none,0,1,0,64.7,0.17636363636363642,3,5,Thursday,18,2,1
2025-05-02,S004,Scottsdale,premium suburban,1145.0,0,none,0,none,0,1,0,64.9,0.1800000000000001,4,5,Friday,18,2,2
2025-05-03,S004,Scottsdale,premium suburban,1101.0,0,none,0,none,1,0,0,65.1,0.18363636363636354,5,5,Saturday,18,2,3
2025-05-04,S004,Scottsdale,premium suburban,1084.0,0,none,0,none,1,0,0,65.3,0.18727272727272723,6,5,Sunday,18,2,4
2025-05-05,S004,Scottsdale,premium suburban,874.0,0,none,0,none,0,0,0,65.5,0.19090909090909092,0,5,Monday,19,2,5
2025-05-06,S004,Scottsdale,premium suburban,876.0,0,none,0,none,0,0,0,65.7,0.1945454545454546,1,5,Tuesday,19,2,6
2025-05-07,S004,Scottsdale,premium suburban,969.0,0,none,0,none,0,0,0,65.9,0.1981818181818183,2,5,Wednesday,19,2,7
2025-05-08,S004,Scottsdale,premium suburban,935.0,0,none,0,none,0,0,0,66.1,0.2018181818181817,3,5,Thursday,19,2,8
2025-05-09,S004,Scottsdale,premium suburban,1034.0,0,none,0,none,0,0,0,66.4,0.2072727272727274,4,5,Friday,19,2,9
2025-05-10,S004,Scottsdale,premium suburban,1152.0,0,none,0,none,1,0,0,66.6,0.2109090909090908,5,5,Saturday,19,2,10
2025-05-11,S004,Scottsdale,premium suburban,988.0,0,none,0,none,1,0,0,66.8,0.21454545454545448,6,5,Sunday,19,2,11
2025-05-12,S004,Scottsdale,premium suburban,854.0,0,none,0,none,0,0,0,67.1,0.2199999999999999,0,5,Monday,20,2,12
2025-05-13,S004,Scottsdale,premium suburban,892.0,0,none,0,none,0,0,0,67.3,0.22363636363636358,1,5,Tuesday,20,2,13
2025-05-14,S004,Scottsdale,premium suburban,1021.0,0,none,0,none,0,1,0,67.6,0.22909090909090898,2,5,Wednesday,20,2,14
2025-05-15,S004,Scottsdale,premium suburban,1041.0,0,none,0,none,0,1,0,67.8,0.23272727272727267,3,5,Thursday,20,2,15
2025-05-16,S004,Scottsdale,premium suburban,1152.0,0,none,0,none,0,1,0,68.1,0.23818181818181808,4,5,Friday,20,2,16
2025-05-17,S004,Scottsdale,premium suburban,1142.0,0,none,0,none,1,0,0,68.3,0.24181818181818177,5,5,Saturday,20,2,17
2025-05-18,S004,Scottsdale,premium suburban,1069.0,0,none,0,none,1,0,0,68.6,0.24727272727272717,6,5,Sunday,20,2,18
2025-05-19,S004,Scottsdale,premium suburban,903.0,0,none,0,none,0,0,0,68.8,0.25090909090909086,0,5,Monday,21,2,19
2025-05-20,S004,Scottsdale,premium suburban,940.0,0,none,0,none,0,0,0,69.1,0.25636363636363624,1,5,Tuesday,21,2,20
2025-05-21,S004,Scottsdale,premium suburban,937.0,0,none,0,none,0,0,0,69.3,0.25999999999999995,2,5,Wednesday,21,2,21
2025-05-22,S004,Scottsdale,premium suburban,1023.0,0,none,0,none,0,0,0,69.6,0.26545454545454533,3,5,Thursday,21,2,22
2025-05-23,S004,Scottsdale,premium suburban,1006.0,0,none,0,none,0,0,0,69.9,0.270909090909091,4,5,Friday,21,2,23
2025-05-24,S004,Scottsdale,premium suburban,1139.0,0,none,0,none,1,0,0,70.2,0.2763636363636364,5,5,Saturday,21,2,24
2025-05-25,S004,Scottsdale,premium suburban,1092.0,0,none,0,none,1,0,0,70.4,0.2800000000000001,6,5,Sunday,21,2,25
2025-05-26,S004,Scottsdale,premium suburban,1049.0,1,memorial_day,0,none,0,0,0,70.7,0.2854545454545455,0,5,Monday,22,2,26
2025-05-27,S004,Scottsdale,premium suburban,922.0,0,none,0,none,0,0,0,71.0,0.2909090909090909,1,5,Tuesday,22,2,27
2025-05-28,S004,Scottsdale,premium suburban,980.0,0,none,0,none,0,0,0,71.3,0.29636363636363633,2,5,Wednesday,22,2,28
2025-05-29,S004,Scottsdale,premium suburban,900.0,0,none,0,none,0,0,0,71.6,0.3018181818181817,3,5,Thursday,22,2,29
2025-05-30,S004,Scottsdale,premium suburban,1054.0,0,none,0,none,0,0,0,71.8,0.3054545454545454,4,5,Friday,22,2,30
2025-05-31,S004,Scottsdale,premium suburban,1108.0,0,none,0,none,1,0,0,72.1,0.3109090909090908,5,5,Saturday,22,2,31
2025-06-01,S004,Scottsdale,premium suburban,1115.0,0,none,0,none,1,1,0,72.4,0.31636363636363646,6,6,Sunday,22,2,1
2025-06-02,S004,Scottsdale,premium suburban,976.0,0,none,0,none,0,1,0,72.7,0.3218181818181819,0,6,Monday,23,2,2
2025-06-03,S004,Scottsdale,premium suburban,926.0,0,none,0,none,0,0,0,73.0,0.32727272727272727,1,6,Tuesday,23,2,3
2025-06-04,S004,Scottsdale,premium suburban,929.0,0,none,0,none,0,0,0,73.3,0.33272727272727265,2,6,Wednesday,23,2,4
2025-06-05,S004,Scottsdale,premium suburban,991.0,0,none,0,none,0,0,0,73.6,0.3381818181818181,3,6,Thursday,23,2,5
2025-06-06,S004,Scottsdale,premium suburban,1047.0,0,none,0,none,0,0,0,73.9,0.34363636363636374,4,6,Friday,23,2,6
2025-06-07,S004,Scottsdale,premium suburban,1116.0,0,none,0,none,1,0,0,74.2,0.3490909090909091,5,6,Saturday,23,2,7
2025-06-08,S004,Scottsdale,premium suburban,1060.0,0,none,0,none,1,0,0,74.5,0.35454545454545455,6,6,Sunday,23,2,8
2025-06-09,S004,Scottsdale,premium suburban,934.0,0,none,0,none,0,0,0,74.8,0.35999999999999993,0,6,Monday,24,2,9
2025-06-10,S004,Scottsdale,premium suburban,892.0,0,none,0,none,0,0,0,75.1,0.36545454545454537,1,6,Tuesday,24,2,10
2025-06-11,S004,Scottsdale,premium suburban,973.0,0,none,0,none,0,0,0,75.4,0.370909090909091,2,6,Wednesday,24,2,11
2025-06-12,S004,Scottsdale,premium suburban,1040.0,0,none,0,none,0,0,0,75.7,0.3763636363636364,3,6,Thursday,24,2,12
2025-06-13,S004,Scottsdale,premium suburban,987.0,0,none,0,none,0,0,0,76.0,0.38181818181818183,4,6,Friday,24,2,13
2025-06-14,S004,Scottsdale,premium suburban,1186.0,0,none,0,none,1,1,0,76.3,0.3872727272727272,5,6,Saturday,24,2,14
2025-06-15,S004,Scottsdale,premium suburban,1099.0,0,none,0,none,1,1,0,76.6,0.39272727272727265,6,6,Sunday,24,2,15
2025-06-16,S004,Scottsdale,premium suburban,942.0,0,none,0,none,0,1,0,77.0,0.4,0,6,Monday,25,2,16
2025-06-17,S004,Scottsdale,premium suburban,899.0,0,none,0,none,0,0,0,77.3,0.4054545454545454,1,6,Tuesday,25,2,17
2025-06-18,S004,Scottsdale,premium suburban,962.0,0,none,0,none,0,0,0,77.6,0.4109090909090908,2,6,Wednesday,25,2,18
2025-06-19,S004,Scottsdale,premium suburban,1059.0,0,none,0,none,0,0,0,77.9,0.4163636363636365,3,6,Thursday,25,2,19
2025-06-20,S004,Scottsdale,premium suburban,1003.0,0,none,0,none,0,0,0,78.2,0.42181818181818187,4,6,Friday,25,2,20
2025-06-21,S004,Scottsdale,premium suburban,1074.0,0,none,0,none,1,0,0,78.5,0.42727272727272725,5,6,Saturday,25,2,21
2025-06-22,S004,Scottsdale,premium suburban,1012.0,0,none,0,none,1,0,0,78.8,0.4327272727272727,6,6,Sunday,25,2,22
2025-06-23,S004,Scottsdale,premium suburban,958.0,0,none,0,none,0,0,0,79.1,0.43818181818181806,0,6,Monday,26,2,23
2025-06-24,S004,Scottsdale,premium suburban,914.0,0,none,0,none,0,0,0,79.4,0.4436363636363637,1,6,Tuesday,26,2,24
2025-06-25,S004,Scottsdale,premium suburban,968.0,0,none,0,none,0,0,0,79.7,0.44909090909090915,2,6,Wednesday,26,2,25
2025-06-26,S004,Scottsdale,premium suburban,984.0,0,none,0,none,0,0,0,80.0,0.45454545454545453,3,6,Thursday,26,2,26
2025-06-27,S004,Scottsdale,premium suburban,1015.0,0,none,0,none,0,0,0,80.4,0.4618181818181819,4,6,Friday,26,2,27
2025-06-28,S004,Scottsdale,premium suburban,1106.0,0,none,0,none,1,0,0,80.7,0.46727272727272734,5,6,Saturday,26,2,28
2025-06-29,S004,Scottsdale,premium suburban,1138.0,0,none,0,none,1,0,0,81.0,0.4727272727272727,6,6,Sunday,26,2,29
2025-06-30,S004,Scottsdale,premium suburban,948.0,0,none,0,none,0,0,0,81.3,0.47818181818181815,0,6,Monday,27,2,30
2025-07-01,S004,Scottsdale,premium suburban,958.0,0,none,0,none,0,1,0,81.6,0.48363636363636353,1,7,Tuesday,27,3,1
2025-07-02,S004,Scottsdale,premium suburban,1049.0,0,none,0,none,0,1,0,81.9,0.4890909090909092,2,7,Wednesday,27,3,2
2025-07-03,S004,Scottsdale,premium suburban,971.0,0,none,0,none,0,0,0,82.2,0.4945454545454546,3,7,Thursday,27,3,3
2025-07-04,S004,Scottsdale,premium suburban,1155.0,1,independence_day,0,none,0,0,0,82.5,0.5,4,7,Friday,27,3,4
2025-07-05,S004,Scottsdale,premium suburban,1149.0,0,none,0,none,1,0,0,82.8,0.5054545454545454,5,7,Saturday,27,3,5
2025-07-06,S004,Scottsdale,premium suburban,1096.0,0,none,0,none,1,0,0,83.1,0.5109090909090908,6,7,Sunday,27,3,6
2025-07-07,S004,Scottsdale,premium suburban,937.0,0,none,0,none,0,0,0,83.4,0.5163636363636365,0,7,Monday,28,3,7
2025-07-08,S004,Scottsdale,premium suburban,915.0,0,none,0,none,0,0,0,83.7,0.5218181818181818,1,7,Tuesday,28,3,8
2025-07-09,S004,Scottsdale,premium suburban,964.0,0,none,0,none,0,0,0,84.0,0.5272727272727272,2,7,Wednesday,28,3,9
2025-07-10,S004,Scottsdale,premium suburban,1024.0,0,none,0,none,0,0,0,84.3,0.5327272727272727,3,7,Thursday,28,3,10
2025-07-11,S004,Scottsdale,premium suburban,1061.0,0,none,0,none,0,0,0,84.6,0.5381818181818181,4,7,Friday,28,3,11
2025-07-12,S004,Scottsdale,premium suburban,1103.0,0,none,0,none,1,0,0,84.9,0.5436363636363637,5,7,Saturday,28,3,12
2025-07-13,S004,Scottsdale,premium suburban,1004.0,0,none,0,none,1,0,0,85.2,0.5490909090909092,6,7,Sunday,28,3,13
2025-07-14,S004,Scottsdale,premium suburban,960.0,0,none,0,none,0,1,0,85.4,0.5527272727272728,0,7,Monday,29,3,14
2025-07-15,S004,Scottsdale,premium suburban,1024.0,0,none,0,none,0,1,0,85.7,0.5581818181818182,1,7,Tuesday,29,3,15
2025-07-16,S004,Scottsdale,premium suburban,989.0,0,none,0,none,0,1,0,86.0,0.5636363636363636,2,7,Wednesday,29,3,16
2025-07-17,S004,Scottsdale,premium suburban,1021.0,0,none,0,none,0,0,0,86.3,0.5690909090909091,3,7,Thursday,29,3,17
2025-07-18,S004,Scottsdale,premium suburban,1059.0,0,none,0,none,0,0,0,86.6,0.5745454545454545,4,7,Friday,29,3,18
2025-07-19,S004,Scottsdale,premium suburban,1141.0,0,none,0,none,1,0,0,86.8,0.5781818181818181,5,7,Saturday,29,3,19
2025-07-20,S004,Scottsdale,premium suburban,1087.0,0,none,0,none,1,0,0,87.1,0.5836363636363635,6,7,Sunday,29,3,20
2025-07-21,S004,Scottsdale,premium suburban,880.0,0,none,0,none,0,0,0,87.4,0.5890909090909092,0,7,Monday,30,3,21
2025-07-22,S004,Scottsdale,premium suburban,878.0,0,none,0,none,0,0,0,87.7,0.5945454545454546,1,7,Tuesday,30,3,22
2025-07-23,S004,Scottsdale,premium suburban,953.0,0,none,0,none,0,0,0,87.9,0.5981818181818183,2,7,Wednesday,30,3,23
2025-07-24,S004,Scottsdale,premium suburban,1030.0,0,none,0,none,0,0,0,88.2,0.6036363636363636,3,7,Thursday,30,3,24
2025-07-25,S004,Scottsdale,premium suburban,1031.0,0,none,0,none,0,0,0,88.4,0.6072727272727274,4,7,Friday,30,3,25
2025-07-26,S004,Scottsdale,premium suburban,1094.0,0,none,0,none,1,0,0,88.7,0.6127272727272728,5,7,Saturday,30,3,26
2025-07-27,S004,Scottsdale,premium suburban,998.0,0,none,0,none,1,0,0,88.9,0.6163636363636364,6,7,Sunday,30,3,27
2025-07-28,S004,Scottsdale,premium suburban,962.0,0,none,0,none,0,0,0,89.2,0.6218181818181818,0,7,Monday,31,3,28
2025-07-29,S004,Scottsdale,premium suburban,960.0,0,none,0,none,0,0,0,89.4,0.6254545454545456,1,7,Tuesday,31,3,29
2025-07-30,S004,Scottsdale,premium suburban,998.0,0,none,0,none,0,0,0,89.7,0.630909090909091,2,7,Wednesday,31,3,30
2025-07-31,S004,Scottsdale,premium suburban,1033.0,0,none,0,none,0,0,0,89.9,0.6345454545454546,3,7,Thursday,31,3,31
2025-08-01,S004,Scottsdale,premium suburban,1132.0,0,none,0,none,0,1,0,90.2,0.64,4,8,Friday,31,3,1
2025-08-02,S004,Scottsdale,premium suburban,1177.0,0,none,0,none,1,1,0,90.4,0.6436363636363638,5,8,Saturday,31,3,2
2025-08-03,S004,Scottsdale,premium suburban,1054.0,0,none,0,none,1,0,0,90.6,0.6472727272727272,6,8,Sunday,31,3,3
2025-08-04,S004,Scottsdale,premium suburban,890.0,0,none,0,none,0,0,0,90.9,0.6527272727272728,0,8,Monday,32,3,4
2025-08-05,S004,Scottsdale,premium suburban,1021.0,0,none,0,none,0,0,0,91.1,0.6563636363636363,1,8,Tuesday,32,3,5
2025-08-06,S004,Scottsdale,premium suburban,991.0,0,none,0,none,0,0,0,91.3,0.6599999999999999,2,8,Wednesday,32,3,6
2025-08-07,S004,Scottsdale,premium suburban,986.0,0,none,0,none,0,0,0,91.5,0.6636363636363637,3,8,Thursday,32,3,7
2025-08-08,S004,Scottsdale,premium suburban,1066.0,0,none,0,none,0,0,0,91.7,0.6672727272727274,4,8,Friday,32,3,8
2025-08-09,S004,Scottsdale,premium suburban,1085.0,0,none,0,none,1,0,0,91.9,0.670909090909091,5,8,Saturday,32,3,9
2025-08-10,S004,Scottsdale,premium suburban,1111.0,0,none,0,none,1,0,0,92.1,0.6745454545454544,6,8,Sunday,32,3,10
2025-08-11,S004,Scottsdale,premium suburban,883.0,0,none,0,none,0,0,0,92.3,0.6781818181818181,0,8,Monday,33,3,11
2025-08-12,S004,Scottsdale,premium suburban,951.0,0,none,0,none,0,0,0,92.5,0.6818181818181818,1,8,Tuesday,33,3,12
2025-08-13,S004,Scottsdale,premium suburban,1009.0,0,none,0,none,0,0,0,92.7,0.6854545454545455,2,8,Wednesday,33,3,13
2025-08-14,S004,Scottsdale,premium suburban,1075.0,0,none,0,none,0,1,0,92.9,0.6890909090909092,3,8,Thursday,33,3,14
2025-08-15,S004,Scottsdale,premium suburban,1117.0,0,none,0,none,0,1,0,93.1,0.6927272727272726,4,8,Friday,33,3,15
2025-08-16,S004,Scottsdale,premium suburban,1187.0,0,none,0,none,1,1,0,93.3,0.6963636363636363,5,8,Saturday,33,3,16
2025-08-17,S004,Scottsdale,premium suburban,1059.0,0,none,0,none,1,0,0,93.5,0.7,6,8,Sunday,33,3,17
2025-08-18,S004,Scottsdale,premium suburban,886.0,0,none,0,none,0,0,0,93.6,0.7018181818181817,0,8,Monday,34,3,18
2025-08-19,S004,Scottsdale,premium suburban,920.0,0,none,0,none,0,0,0,93.8,0.7054545454545454,1,8,Tuesday,34,3,19
2025-08-20,S004,Scottsdale,premium suburban,1023.0,0,none,0,none,0,0,0,94.0,0.7090909090909091,2,8,Wednesday,34,3,20
2025-08-21,S004,Scottsdale,premium suburban,999.0,0,none,0,none,0,0,0,94.1,0.7109090909090908,3,8,Thursday,34,3,21
2025-08-22,S004,Scottsdale,premium suburban,1026.0,0,none,0,none,0,0,0,94.3,0.7145454545454545,4,8,Friday,34,3,22
2025-08-23,S004,Scottsdale,premium suburban,1103.0,0,none,0,none,1,0,0,94.4,0.7163636363636364,5,8,Saturday,34,3,23
2025-08-24,S004,Scottsdale,premium suburban,1098.0,0,none,0,none,1,0,0,94.5,0.7181818181818181,6,8,Sunday,34,3,24
2025-08-25,S004,Scottsdale,premium suburban,928.0,0,none,0,none,0,0,0,94.7,0.7218181818181819,0,8,Monday,35,3,25
2025-08-26,S004,Scottsdale,premium suburban,954.0,0,none,0,none,0,0,0,94.8,0.7236363636363636,1,8,Tuesday,35,3,26
2025-08-27,S004,Scottsdale,premium suburban,966.0,0,none,0,none,0,0,0,94.9,0.7254545454545456,2,8,Wednesday,35,3,27
2025-08-28,S004,Scottsdale,premium suburban,1023.0,0,none,0,none,0,0,0,95.1,0.729090909090909,3,8,Thursday,35,3,28
2025-08-29,S004,Scottsdale,premium suburban,1031.0,0,none,0,none,0,0,0,95.2,0.730909090909091,4,8,Friday,35,3,29
2025-08-30,S004,Scottsdale,premium suburban,1112.0,0,none,0,none,1,0,0,95.3,0.7327272727272727,5,8,Saturday,35,3,30
2025-08-31,S004,Scottsdale,premium suburban,1095.0,0,none,0,none,1,0,0,95.4,0.7345454545454546,6,8,Sunday,35,3,31
2025-09-01,S004,Scottsdale,premium suburban,1144.0,1,labor_day,0,none,0,1,0,95.5,0.7363636363636363,0,9,Monday,36,3,1
2025-09-02,S004,Scottsdale,premium suburban,959.0,0,none,0,none,0,1,0,95.6,0.738181818181818,1,9,Tuesday,36,3,2
2025-09-03,S004,Scottsdale,premium suburban,946.0,0,none,0,none,0,0,0,95.7,0.7400000000000001,2,9,Wednesday,36,3,3
2025-09-04,S004,Scottsdale,premium suburban,1008.0,0,none,0,none,0,0,0,95.8,0.7418181818181818,3,9,Thursday,36,3,4
2025-09-05,S004,Scottsdale,premium suburban,1111.0,0,none,0,none,0,0,0,95.9,0.7436363636363638,4,9,Friday,36,3,5
2025-09-06,S004,Scottsdale,premium suburban,1057.0,0,none,0,none,1,0,0,96.0,0.7454545454545455,5,9,Saturday,36,3,6
2025-09-07,S004,Scottsdale,premium suburban,1072.0,0,none,0,none,1,0,0,96.0,0.7454545454545455,6,9,Sunday,36,3,7
2025-09-08,S004,Scottsdale,premium suburban,861.0,0,none,0,none,0,0,0,96.1,0.7472727272727272,0,9,Monday,37,3,8
2025-09-09,S004,Scottsdale,premium suburban,915.0,0,none,0,none,0,0,0,96.2,0.7490909090909091,1,9,Tuesday,37,3,9
2025-09-10,S004,Scottsdale,premium suburban,963.0,0,none,0,none,0,0,0,96.2,0.7490909090909091,2,9,Wednesday,37,3,10
2025-09-11,S004,Scottsdale,premium suburban,991.0,0,none,0,none,0,0,0,96.3,0.7509090909090909,3,9,Thursday,37,3,11
2025-09-12,S004,Scottsdale,premium suburban,1036.0,0,none,0,none,0,0,0,96.3,0.7509090909090909,4,9,Friday,37,3,12
2025-09-13,S004,Scottsdale,premium suburban,1122.0,0,none,0,none,1,0,0,96.4,0.7527272727272728,5,9,Saturday,37,3,13
2025-09-14,S004,Scottsdale,premium suburban,1110.0,0,none,0,none,1,1,0,96.4,0.7527272727272728,6,9,Sunday,37,3,14
2025-09-15,S004,Scottsdale,premium suburban,913.0,0,none,0,none,0,1,0,96.4,0.7527272727272728,0,9,Monday,38,3,15
2025-09-16,S004,Scottsdale,premium suburban,1019.0,0,none,0,none,0,1,0,96.5,0.7545454545454545,1,9,Tuesday,38,3,16
2025-09-17,S004,Scottsdale,premium suburban,1001.0,0,none,0,none,0,0,0,96.5,0.7545454545454545,2,9,Wednesday,38,3,17
2025-09-18,S004,Scottsdale,premium suburban,1034.0,0,none,0,none,0,0,0,96.5,0.7545454545454545,3,9,Thursday,38,3,18
2025-09-19,S004,Scottsdale,premium suburban,1003.0,0,none,0,none,0,0,0,96.5,0.7545454545454545,4,9,Friday,38,3,19
2025-09-20,S004,Scottsdale,premium suburban,1133.0,0,none,0,none,1,0,0,96.5,0.7545454545454545,5,9,Saturday,38,3,20
2025-09-21,S004,Scottsdale,premium suburban,1087.0,0,none,0,none,1,0,0,96.5,0.7545454545454545,6,9,Sunday,38,3,21
2025-09-22,S004,Scottsdale,premium suburban,874.0,0,none,0,none,0,0,0,96.5,0.7545454545454545,0,9,Monday,39,3,22
2025-09-23,S004,Scottsdale,premium suburban,938.0,0,none,0,none,0,0,0,96.5,0.7545454545454545,1,9,Tuesday,39,3,23
2025-09-24,S004,Scottsdale,premium suburban,973.0,0,none,0,none,0,0,0,96.5,0.7545454545454545,2,9,Wednesday,39,3,24
2025-09-25,S004,Scottsdale,premium suburban,1068.0,0,none,0,none,0,0,0,96.4,0.7527272727272728,3,9,Thursday,39,3,25
2025-09-26,S004,Scottsdale,premium suburban,1119.0,0,none,0,none,0,0,0,96.4,0.7527272727272728,4,9,Friday,39,3,26
2025-09-27,S004,Scottsdale,premium suburban,1068.0,0,none,0,none,1,0,0,96.4,0.7527272727272728,5,9,Saturday,39,3,27
2025-09-28,S004,Scottsdale,premium suburban,1148.0,0,none,0,none,1,0,0,96.3,0.7509090909090909,6,9,Sunday,39,3,28
2025-09-29,S004,Scottsdale,premium suburban,878.0,0,none,0,none,0,0,0,96.3,0.7509090909090909,0,9,Monday,40,3,29
2025-09-30,S004,Scottsdale,premium suburban,971.0,0,none,0,none,0,0,0,96.3,0.7509090909090909,1,9,Tuesday,40,3,30
2025-10-01,S004,Scottsdale,premium suburban,1068.0,0,none,0,none,0,1,0,96.2,0.7490909090909091,2,10,Wednesday,40,4,1
2025-10-02,S004,Scottsdale,premium suburban,1034.0,0,none,0,none,0,1,0,96.1,0.7472727272727272,3,10,Thursday,40,4,2
2025-10-03,S004,Scottsdale,premium suburban,1072.0,0,none,0,none,0,0,0,96.1,0.7472727272727272,4,10,Friday,40,4,3
2025-10-04,S004,Scottsdale,premium suburban,1121.0,0,none,0,none,1,0,0,96.0,0.7454545454545455,5,10,Saturday,40,4,4
2025-10-05,S004,Scottsdale,premium suburban,1084.0,0,none,0,none,1,0,0,95.9,0.7436363636363638,6,10,Sunday,40,4,5
2025-10-06,S004,Scottsdale,premium suburban,917.0,0,none,0,none,0,0,0,95.8,0.7418181818181818,0,10,Monday,41,4,6
2025-10-07,S004,Scottsdale,premium suburban,979.0,0,none,0,none,0,0,0,95.8,0.7418181818181818,1,10,Tuesday,41,4,7
2025-10-08,S004,Scottsdale,premium suburban,981.0,0,none,0,none,0,0,0,95.7,0.7400000000000001,2,10,Wednesday,41,4,8
2025-10-09,S004,Scottsdale,premium suburban,1002.0,0,none,0,none,0,0,0,95.6,0.738181818181818,3,10,Thursday,41,4,9
2025-10-10,S004,Scottsdale,premium suburban,1093.0,0,none,0,none,0,0,0,95.5,0.7363636363636363,4,10,Friday,41,4,10
2025-10-11,S004,Scottsdale,premium suburban,1144.0,0,none,0,none,1,0,0,95.4,0.7345454545454546,5,10,Saturday,41,4,11
2025-10-12,S004,Scottsdale,premium suburban,1091.0,0,none,0,none,1,0,0,95.3,0.7327272727272727,6,10,Sunday,41,4,12
2025-10-13,S004,Scottsdale,premium suburban,888.0,0,none,0,none,0,0,0,95.1,0.729090909090909,0,10,Monday,42,4,13
2025-10-14,S004,Scottsdale,premium suburban,961.0,0,none,0,none,0,1,0,95.0,0.7272727272727273,1,10,Tuesday,42,4,14
2025-10-15,S004,Scottsdale,premium suburban,1018.0,0,none,0,none,0,1,0,94.9,0.7254545454545456,2,10,Wednesday,42,4,15
2025-10-16,S004,Scottsdale,premium suburban,1048.0,0,none,0,none,0,1,0,94.8,0.7236363636363636,3,10,Thursday,42,4,16
2025-10-17,S004,Scottsdale,premium suburban,1083.0,0,none,0,none,0,0,0,94.6,0.7199999999999999,4,10,Friday,42,4,17
2025-10-18,S004,Scottsdale,premium suburban,1158.0,0,none,0,none,1,0,0,94.5,0.7181818181818181,5,10,Saturday,42,4,18
2025-10-19,S004,Scottsdale,premium suburban,1062.0,0,none,0,none,1,0,0,94.4,0.7163636363636364,6,10,Sunday,42,4,19
2025-10-20,S004,Scottsdale,premium suburban,958.0,0,none,0,none,0,0,0,94.2,0.7127272727272728,0,10,Monday,43,4,20
2025-10-21,S004,Scottsdale,premium suburban,986.0,0,none,0,none,0,0,0,94.0,0.7090909090909091,1,10,Tuesday,43,4,21
2025-10-22,S004,Scottsdale,premium suburban,987.0,0,none,0,none,0,0,0,93.9,0.7072727272727274,2,10,Wednesday,43,4,22
2025-10-23,S004,Scottsdale,premium suburban,981.0,0,none,0,none,0,0,0,93.7,0.7036363636363637,3,10,Thursday,43,4,23
2025-10-24,S004,Scottsdale,premium suburban,1110.0,0,none,0,none,0,0,0,93.6,0.7018181818181817,4,10,Friday,43,4,24
2025-10-25,S004,Scottsdale,premium suburban,1124.0,0,none,0,none,1,0,0,93.4,0.6981818181818182,5,10,Saturday,43,4,25
2025-10-26,S004,Scottsdale,premium suburban,1072.0,0,none,0,none,1,0,0,93.2,0.6945454545454546,6,10,Sunday,43,4,26
2025-10-27,S004,Scottsdale,premium suburban,900.0,0,none,0,none,0,0,0,93.0,0.6909090909090909,0,10,Monday,44,4,27
2025-10-28,S004,Scottsdale,premium suburban,911.0,0,none,0,none,0,0,0,92.8,0.6872727272727273,1,10,Tuesday,44,4,28
2025-10-29,S004,Scottsdale,premium suburban,931.0,0,none,0,none,0,0,0,92.7,0.6854545454545455,2,10,Wednesday,44,4,29
2025-10-30,S004,Scottsdale,premium suburban,1031.0,0,none,0,none,0,0,0,92.5,0.6818181818181818,3,10,Thursday,44,4,30
2025-10-31,S004,Scottsdale,premium suburban,1202.0,1,halloween,0,none,0,0,0,92.3,0.6781818181818181,4,10,Friday,44,4,31
2025-11-01,S004,Scottsdale,premium suburban,1297.0,0,none,0,none,1,1,0,92.1,0.6745454545454544,5,11,Saturday,44,4,1
2025-11-02,S004,Scottsdale,premium suburban,1096.0,0,none,0,none,1,1,0,91.9,0.670909090909091,6,11,Sunday,44,4,2
2025-11-03,S004,Scottsdale,premium suburban,870.0,0,none,0,none,0,0,0,91.7,0.6672727272727274,0,11,Monday,45,4,3
2025-11-04,S004,Scottsdale,premium suburban,958.0,0,none,0,none,0,0,0,91.4,0.661818181818182,1,11,Tuesday,45,4,4
2025-11-05,S004,Scottsdale,premium suburban,1032.0,0,none,0,none,0,0,0,91.2,0.6581818181818182,2,11,Wednesday,45,4,5
2025-11-06,S004,Scottsdale,premium suburban,1012.0,0,none,0,none,0,0,0,91.0,0.6545454545454545,3,11,Thursday,45,4,6
2025-11-07,S004,Scottsdale,premium suburban,1078.0,0,none,0,none,0,0,0,90.8,0.6509090909090909,4,11,Friday,45,4,7
2025-11-08,S004,Scottsdale,premium suburban,1066.0,0,none,0,none,1,0,0,90.5,0.6454545454545455,5,11,Saturday,45,4,8
2025-11-09,S004,Scottsdale,premium suburban,1047.0,0,none,0,none,1,0,0,90.3,0.6418181818181817,6,11,Sunday,45,4,9
2025-11-10,S004,Scottsdale,premium suburban,876.0,0,none,0,none,0,0,0,90.1,0.6381818181818181,0,11,Monday,46,4,10
2025-11-11,S004,Scottsdale,premium suburban,879.0,0,none,0,none,0,0,0,89.8,0.6327272727272727,1,11,Tuesday,46,4,11
2025-11-12,S004,Scottsdale,premium suburban,985.0,0,none,0,none,0,0,0,89.6,0.629090909090909,2,11,Wednesday,46,4,12
2025-11-13,S004,Scottsdale,premium suburban,936.0,0,none,0,none,0,0,0,89.4,0.6254545454545456,3,11,Thursday,46,4,13
2025-11-14,S004,Scottsdale,premium suburban,1079.0,0,none,0,none,0,1,0,89.1,0.6199999999999999,4,11,Friday,46,4,14
2025-11-15,S004,Scottsdale,premium suburban,1178.0,0,none,0,none,1,1,0,88.9,0.6163636363636364,5,11,Saturday,46,4,15
2025-11-16,S004,Scottsdale,premium suburban,1106.0,0,none,0,none,1,1,0,88.6,0.6109090909090908,6,11,Sunday,46,4,16
2025-11-17,S004,Scottsdale,premium suburban,926.0,0,none,0,none,0,0,0,88.3,0.6054545454545454,0,11,Monday,47,4,17
2025-11-18,S004,Scottsdale,premium suburban,953.0,0,none,0,none,0,0,0,88.1,0.6018181818181817,1,11,Tuesday,47,4,18
2025-11-19,S004,Scottsdale,premium suburban,1012.0,0,none,0,none,0,0,0,87.8,0.5963636363636363,2,11,Wednesday,47,4,19
2025-11-20,S004,Scottsdale,premium suburban,1036.0,0,none,0,none,0,0,0,87.6,0.5927272727272727,3,11,Thursday,47,4,20
2025-11-21,S004,Scottsdale,premium suburban,1099.0,0,none,0,none,0,0,0,87.3,0.5872727272727272,4,11,Friday,47,4,21
2025-11-22,S004,Scottsdale,premium suburban,1129.0,0,none,0,none,1,0,0,87.0,0.5818181818181818,5,11,Saturday,47,4,22
2025-11-23,S004,Scottsdale,premium suburban,1081.0,0,none,0,none,1,0,0,86.7,0.5763636363636364,6,11,Sunday,47,4,23
2025-11-24,S004,Scottsdale,premium suburban,931.0,0,none,0,none,0,0,0,86.5,0.5727272727272728,0,11,Monday,48,4,24
2025-11-25,S004,Scottsdale,premium suburban,948.0,0,none,0,none,0,0,0,86.2,0.5672727272727274,1,11,Tuesday,48,4,25
2025-11-26,S004,Scottsdale,premium suburban,969.0,0,none,0,none,0,0,0,85.9,0.5618181818181819,2,11,Wednesday,48,4,26
2025-11-27,S004,Scottsdale,premium suburban,1163.0,1,thanksgiving,0,none,0,0,0,85.6,0.5563636363636363,3,11,Thursday,48,4,27
2025-11-28,S004,Scottsdale,premium suburban,1204.0,1,black_friday,0,none,0,0,0,85.3,0.5509090909090909,4,11,Friday,48,4,28
2025-11-29,S004,Scottsdale,premium suburban,1144.0,0,none,0,none,1,0,0,85.0,0.5454545454545454,5,11,Saturday,48,4,29
2025-11-30,S004,Scottsdale,premium suburban,1068.0,0,none,0,none,1,0,0,84.8,0.5418181818181818,6,11,Sunday,48,4,30
2025-12-01,S004,Scottsdale,premium suburban,947.0,0,none,0,none,0,1,0,84.5,0.5363636363636364,0,12,Monday,49,4,1
2025-12-02,S004,Scottsdale,premium suburban,978.0,0,none,0,none,0,1,0,84.2,0.530909090909091,1,12,Tuesday,49,4,2
2025-12-03,S004,Scottsdale,premium suburban,943.0,0,none,0,none,0,0,0,83.9,0.5254545454545455,2,12,Wednesday,49,4,3
2025-12-04,S004,Scottsdale,premium suburban,1045.0,0,none,0,none,0,0,0,83.6,0.5199999999999999,3,12,Thursday,49,4,4
2025-12-05,S004,Scottsdale,premium suburban,1065.0,0,none,0,none,0,0,0,83.3,0.5145454545454545,4,12,Friday,49,4,5
2025-12-06,S004,Scottsdale,premium suburban,1102.0,0,none,0,none,1,0,0,83.0,0.509090909090909,5,12,Saturday,49,4,6
2025-12-07,S004,Scottsdale,premium suburban,1099.0,0,none,0,none,1,0,0,82.7,0.5036363636363637,6,12,Sunday,49,4,7
2025-12-08,S004,Scottsdale,premium suburban,896.0,0,none,0,none,0,0,0,82.4,0.4981818181818183,0,12,Monday,50,4,8
2025-12-09,S004,Scottsdale,premium suburban,897.0,0,none,0,none,0,0,0,82.1,0.4927272727272726,1,12,Tuesday,50,4,9
2025-12-10,S004,Scottsdale,premium suburban,1018.0,0,none,0,none,0,0,0,81.8,0.48727272727272725,2,12,Wednesday,50,4,10
2025-12-11,S004,Scottsdale,premium suburban,995.0,0,none,0,none,0,0,0,81.5,0.4818181818181818,3,12,Thursday,50,4,11
2025-12-12,S004,Scottsdale,premium suburban,1049.0,0,none,0,none,0,0,0,81.2,0.47636363636363643,4,12,Friday,50,4,12
2025-12-13,S004,Scottsdale,premium suburban,1280.0,0,none,1,holiday_shopping_weekend,1,0,0,80.9,0.470909090909091,5,12,Saturday,50,4,13
2025-12-14,S004,Scottsdale,premium suburban,1175.0,0,none,0,none,1,1,0,80.5,0.4636363636363636,6,12,Sunday,50,4,14
2025-12-15,S004,Scottsdale,premium suburban,971.0,0,none,0,none,0,1,0,80.2,0.45818181818181825,0,12,Monday,51,4,15
2025-12-16,S004,Scottsdale,premium suburban,962.0,0,none,0,none,0,1,0,79.9,0.4527272727272728,1,12,Tuesday,51,4,16
2025-12-17,S004,Scottsdale,premium suburban,1002.0,0,none,0,none,0,0,0,79.6,0.44727272727272716,2,12,Wednesday,51,4,17
2025-12-18,S004,Scottsdale,premium suburban,998.0,0,none,0,none,0,0,0,79.3,0.4418181818181818,3,12,Thursday,51,4,18
2025-12-19,S004,Scottsdale,premium suburban,1126.0,0,none,0,none,0,0,0,79.0,0.43636363636363634,4,12,Friday,51,4,19
2025-12-20,S004,Scottsdale,premium suburban,1132.0,0,none,0,none,1,0,0,78.7,0.43090909090909096,5,12,Saturday,51,4,20
2025-12-21,S004,Scottsdale,premium suburban,999.0,0,none,0,none,1,0,0,78.4,0.4254545454545456,6,12,Sunday,51,4,21
2025-12-22,S004,Scottsdale,premium suburban,928.0,0,none,0,none,0,0,0,78.1,0.4199999999999999,0,12,Monday,52,4,22
2025-12-23,S004,Scottsdale,premium suburban,1010.0,0,none,0,none,0,0,0,77.8,0.4145454545454545,1,12,Tuesday,52,4,23
2025-12-24,S004,Scottsdale,premium suburban,1195.0,1,christmas_eve,0,none,0,0,0,77.5,0.4090909090909091,2,12,Wednesday,52,4,24
2025-12-25,S004,Scottsdale,premium suburban,832.0,1,christmas_day,0,none,0,0,0,77.1,0.40181818181818174,3,12,Thursday,52,4,25
2025-12-26,S004,Scottsdale,premium suburban,1030.0,0,none,0,none,0,0,0,76.8,0.3963636363636363,4,12,Friday,52,4,26
2025-12-27,S004,Scottsdale,premium suburban,1163.0,0,none,0,none,1,0,0,76.5,0.39090909090909093,5,12,Saturday,52,4,27
2025-12-28,S004,Scottsdale,premium suburban,1050.0,0,none,0,none,1,0,0,76.2,0.3854545454545455,6,12,Sunday,52,4,28
2025-12-29,S004,Scottsdale,premium suburban,924.0,0,none,0,none,0,0,0,75.9,0.3800000000000001,0,12,Monday,1,4,29
2025-12-30,S004,Scottsdale,premium suburban,904.0,0,none,0,none,0,0,0,75.6,0.37454545454545446,1,12,Tuesday,1,4,30
2025-12-31,S004,Scottsdale,premium suburban,1122.0,1,new_years_eve,0,none,0,0,0,75.3,0.369090909090909,2,12,Wednesday,1,4,31
