date,store_id,city,store_profile,family,onpromotion,holiday_flag,holiday_name,local_event_flag,local_event_name,weekend_flag,payday_flag,heatwave_flag,avg_temp_f,temp_index,day_of_week,day_name,month,week_of_year,quarter,day_of_month,pred_transactions,pred_sales,baseline_sales,explanation,delta_units,uplift_pct,case_pack,safety_stock_units,estimated_on_hand_units,recommended_order_units,event_or_holiday_flag,priority,action,drivers
2026-01-01,S001,Tempe,campus corridor,bakery,0,1,new_years_day,0,none,0,1,0,76.9,0.3981818181818183,3,Thursday,1,1,1,1,925.5362548828124,139.83892822265625,99.5925,"Expect above-normal bakery demand because of new years day, payday effect.",40.24642822265625,40.41110346929362,8,13.983892822265625,109.6,48,1,High,Increase order,"new years day, payday"
2026-01-01,S001,Tempe,campus corridor,beverages,0,1,new_years_day,0,none,0,1,0,76.9,0.3981818181818183,3,Thursday,1,1,1,1,925.5362548828124,273.141845703125,202.825,"Expect above-normal beverages demand because of new years day, payday effect.",70.31684570312501,34.66872708153581,24,49.1655322265625,223.1,120,1,High,Increase order,"new years day, payday"
2026-01-01,S001,Tempe,campus corridor,dairy,0,1,new_years_day,0,none,0,1,0,76.9,0.3981818181818183,3,Thursday,1,1,1,1,925.5362548828124,182.894287109375,131.295,"Expect above-normal dairy demand because of new years day, payday effect.",51.59928710937501,39.30026818186147,12,21.947314453125,144.4,72,1,High,Increase order,"new years day, payday"
2026-01-01,S001,Tempe,campus corridor,frozen,1,1,new_years_day,0,none,0,1,0,76.9,0.3981818181818183,3,Thursday,1,1,1,1,925.5362548828124,137.11219787597656,84.43,"Expect above-normal frozen demand because of new years day, promotion activity, payday effect.",52.682197875976556,62.39748652845736,10,17.824585723876954,92.9,70,1,High,Increase order,"new years day, promotion, payday"
2026-01-01,S001,Tempe,campus corridor,produce,1,1,new_years_day,0,none,0,1,0,76.9,0.3981818181818183,3,Thursday,1,1,1,1,925.5362548828124,277.52392578125,190.2725,"Expect above-normal produce demand because of new years day, promotion activity, payday effect.",87.25142578124999,45.856035833475666,12,33.30287109375,209.3,108,1,High,Increase order,"new years day, promotion, payday"
2026-01-01,S001,Tempe,campus corridor,snacks,1,1,new_years_day,0,none,0,1,0,76.9,0.3981818181818183,3,Thursday,1,1,1,1,925.5362548828124,251.0374755859375,157.2575,"Expect above-normal snacks demand because of new years day, promotion activity, payday effect.",93.7799755859375,59.63466008676057,18,40.16599609375,173.0,126,1,High,Increase order,"new years day, promotion, payday"
2026-01-01,S002,Phoenix,urban flagship,bakery,0,1,new_years_day,0,none,0,1,0,80.4,0.4618181818181819,3,Thursday,1,1,1,1,1075.9169921875,215.3459930419922,133.065,"Expect above-normal bakery demand because of new years day, payday effect.",82.28099304199219,61.83518809754044,8,21.53459930419922,146.4,96,1,High,Increase order,"new years day, payday"
2026-01-01,S002,Phoenix,urban flagship,beverages,0,1,new_years_day,0,none,0,1,0,80.4,0.4618181818181819,3,Thursday,1,1,1,1,1075.9169921875,306.2181091308594,239.305,"Expect above-normal beverages demand because of new years day, payday effect.",66.91310913085937,27.96143378987458,24,55.119259643554685,263.2,120,1,High,Increase order,"new years day, payday"
2026-01-01,S002,Phoenix,urban flagship,dairy,1,1,new_years_day,0,none,0,1,0,80.4,0.4618181818181819,3,Thursday,1,1,1,1,1075.9169921875,252.33914184570312,172.4325,"Expect above-normal dairy demand because of new years day, promotion activity, payday effect.",79.90664184570312,46.340824291072224,12,30.280697021484375,189.7,96,1,High,Increase order,"new years day, promotion, payday"
2026-01-01,S002,Phoenix,urban flagship,frozen,0,1,new_years_day,0,none,0,1,0,80.4,0.4618181818181819,3,Thursday,1,1,1,1,1075.9169921875,182.0427398681641,128.5075,"Expect above-normal frozen demand because of new years day, payday effect.",53.5352398681641,41.659233794264225,10,23.665556182861334,141.4,70,1,High,Increase order,"new years day, payday"
2026-01-01,S002,Phoenix,urban flagship,produce,1,1,new_years_day,0,none,0,1,0,80.4,0.4618181818181819,3,Thursday,1,1,1,1,1075.9169921875,329.73883056640625,245.385,"Expect above-normal produce demand because of new years day, promotion activity, payday effect.",84.35383056640626,34.376115315282625,12,39.568659667968745,269.9,108,1,High,Increase order,"new years day, promotion, payday"
2026-01-01,S002,Phoenix,urban flagship,snacks,0,1,new_years_day,0,none,0,1,0,80.4,0.4618181818181819,3,Thursday,1,1,1,1,1075.9169921875,291.26373291015625,191.8325,"Expect above-normal snacks demand because of new years day, payday effect.",99.43123291015624,51.832318772969245,18,46.602197265625,211.0,144,1,High,Increase order,"new years day, payday"
2026-01-01,S003,Mesa,family suburban,bakery,0,1,new_years_day,0,none,0,1,0,78.4,0.4254545454545456,3,Thursday,1,1,1,1,849.3947143554688,125.79141235351562,86.1375,"Expect above-normal bakery demand because of new years day, payday effect.",39.65391235351562,46.03559698565157,8,12.579141235351564,94.8,48,1,High,Increase order,"new years day, payday"
2026-01-01,S003,Mesa,family suburban,beverages,1,1,new_years_day,0,none,0,1,0,78.4,0.4254545454545456,3,Thursday,1,1,1,1,849.3947143554688,249.3068084716797,160.315,"Expect above-normal beverages demand because of new years day, promotion activity, payday effect.",88.99180847167969,55.51059381323002,24,44.87522552490234,176.3,120,1,High,Increase order,"new years day, promotion, payday"
2026-01-01,S003,Mesa,family suburban,dairy,0,1,new_years_day,0,none,0,1,0,78.4,0.4254545454545456,3,Thursday,1,1,1,1,849.3947143554688,144.80519104003906,101.175,"Expect above-normal dairy demand because of new years day, payday effect.",43.630191040039065,43.12349003216117,12,17.376622924804686,111.3,60,1,High,Increase order,"new years day, payday"
2026-01-01,S003,Mesa,family suburban,frozen,0,1,new_years_day,0,none,0,1,0,78.4,0.4254545454545456,3,Thursday,1,1,1,1,849.3947143554688,98.29408264160156,76.1275,"Expect above-normal frozen demand because of new years day, payday effect.",22.166582641601565,29.117707322060443,10,12.778230743408203,83.7,30,1,High,Increase order,"new years day, payday"
2026-01-01,S003,Mesa,family suburban,produce,0,1,new_years_day,0,none,0,1,0,78.4,0.4254545454545456,3,Thursday,1,1,1,1,849.3947143554688,233.4616851806641,173.1875,"Expect above-normal produce demand because of new years day, payday effect.",60.27418518066409,34.80284961712831,12,28.01540222167969,190.5,72,1,High,Increase order,"new years day, payday"
2026-01-01,S003,Mesa,family suburban,snacks,0,1,new_years_day,0,none,0,1,0,78.4,0.4254545454545456,3,Thursday,1,1,1,1,849.3947143554688,213.73216247558597,146.39999999999998,"Expect above-normal snacks demand because of new years day, payday effect.",67.33216247558599,45.99191425928005,18,34.19714599609375,161.0,90,1,High,Increase order,"new years day, payday"
2026-01-01,S004,Scottsdale,premium suburban,bakery,0,1,new_years_day,0,none,0,1,0,74.9,0.3618181818181819,3,Thursday,1,1,1,1,1026.560791015625,189.9423675537109,111.58,"Expect above-normal bakery demand because of new years day, payday effect.",78.36236755371091,70.22976120605028,8,18.99423675537109,122.7,88,1,High,Increase order,"new years day, payday"
2026-01-01,S004,Scottsdale,premium suburban,beverages,1,1,new_years_day,0,none,0,1,0,74.9,0.3618181818181819,3,Thursday,1,1,1,1,1026.560791015625,315.3454895019531,204.3275,"Expect above-normal beverages demand because of new years day, promotion activity, payday effect.",111.01798950195314,54.333356744419206,24,56.76218811035156,224.8,168,1,High,Increase order,"new years day, promotion, payday"
2026-01-01,S004,Scottsdale,premium suburban,dairy,0,1,new_years_day,0,none,0,1,0,74.9,0.3618181818181819,3,Thursday,1,1,1,1,1026.560791015625,210.1347198486328,140.21,"Expect above-normal dairy demand because of new years day, payday effect.",69.9247198486328,49.87142133131218,12,25.216166381835937,154.2,84,1,High,Increase order,"new years day, payday"
2026-01-01,S004,Scottsdale,premium suburban,frozen,0,1,new_years_day,0,none,0,1,0,74.9,0.3618181818181819,3,Thursday,1,1,1,1,1026.560791015625,141.18466186523438,104.015,"Expect above-normal frozen demand because of new years day, payday effect.",37.169661865234374,35.734905412906194,10,18.35400604248047,114.4,50,1,High,Increase order,"new years day, payday"
2026-01-01,S004,Scottsdale,premium suburban,produce,0,1,new_years_day,0,none,0,1,0,74.9,0.3618181818181819,3,Thursday,1,1,1,1,1026.560791015625,273.6365661621094,222.37,"Expect above-normal produce demand because of new years day, payday effect.",51.26656616210937,23.05462344835606,12,32.836387939453125,244.6,72,1,High,Increase order,"new years day, payday"
2026-01-01,S004,Scottsdale,premium suburban,snacks,0,1,new_years_day,0,none,0,1,0,74.9,0.3618181818181819,3,Thursday,1,1,1,1,1026.560791015625,280.42742919921875,179.8275,"Expect above-normal snacks demand because of new years day, payday effect.",100.59992919921876,55.94246108032351,18,44.868388671875,197.8,144,1,High,Increase order,"new years day, payday"
2026-01-02,S001,Tempe,campus corridor,bakery,0,0,none,0,none,0,1,0,76.6,0.3927272727272726,4,Friday,1,1,1,2,992.96044921875,123.72544860839844,112.6375,Expect near-normal bakery demand because of payday effect.,11.087948608398435,9.843922857306344,8,12.372544860839845,123.9,16,0,Medium,Replenish,payday
2026-01-02,S001,Tempe,campus corridor,beverages,0,0,none,0,none,0,1,0,76.6,0.3927272727272726,4,Friday,1,1,1,2,992.96044921875,212.46115112304688,202.5425,Expect near-normal beverages demand because of payday effect.,9.918651123046885,4.897071539576576,24,38.24300720214843,222.8,48,0,Medium,Replenish,payday
2026-01-02,S001,Tempe,campus corridor,dairy,0,0,none,0,none,0,1,0,76.6,0.3927272727272726,4,Friday,1,1,1,2,992.96044921875,143.0337371826172,137.19,Expect near-normal dairy demand because of payday effect.,5.84373718261719,4.259594126843932,12,17.164048461914064,150.9,12,0,Medium,Replenish,payday
2026-01-02,S001,Tempe,campus corridor,frozen,0,0,none,0,none,0,1,0,76.6,0.3927272727272726,4,Friday,1,1,1,2,992.96044921875,105.42247772216795,103.1875,Expect near-normal frozen demand because of payday effect.,2.2349777221679545,2.1659384345661583,10,13.704922103881835,113.5,10,0,Medium,Replenish,payday
2026-01-02,S001,Tempe,campus corridor,produce,0,0,none,0,none,0,1,0,76.6,0.3927272727272726,4,Friday,1,1,1,2,992.96044921875,209.8114471435547,197.08,Expect near-normal produce demand because of payday effect.,12.731447143554675,6.460040158085384,12,25.17737365722656,216.8,24,0,Medium,Replenish,payday
2026-01-02,S001,Tempe,campus corridor,snacks,0,0,none,0,none,0,1,0,76.6,0.3927272727272726,4,Friday,1,1,1,2,992.96044921875,177.9673309326172,165.0975,Expect near-normal snacks demand because of payday effect.,12.869830932617191,7.795291226467506,18,28.47477294921875,181.6,36,0,Medium,Replenish,payday
2026-01-02,S002,Phoenix,urban flagship,bakery,0,0,none,0,none,0,1,0,80.1,0.4563636363636362,4,Friday,1,1,1,2,1181.5579833984375,166.22608947753906,152.0375,Expect near-normal bakery demand because of payday effect.,14.188589477539068,9.332295964837009,8,16.622608947753907,167.2,16,0,Medium,Replenish,payday
2026-01-02,S002,Phoenix,urban flagship,beverages,0,0,none,0,none,0,1,0,80.1,0.4563636363636362,4,Friday,1,1,1,2,1181.5579833984375,281.8961486816406,274.6575,Expect near-normal beverages demand because of payday effect.,7.238648681640598,2.6355183024824,24,50.74130676269531,302.1,48,0,Medium,Replenish,payday
2026-01-02,S002,Phoenix,urban flagship,dairy,0,0,none,0,none,0,1,0,80.1,0.4563636363636362,4,Friday,1,1,1,2,1181.5579833984375,190.21212768554688,180.0525,Expect near-normal dairy demand because of payday effect.,10.159627685546866,5.64259184712618,12,22.825455322265626,198.1,24,0,Medium,Replenish,payday
2026-01-02,S002,Phoenix,urban flagship,frozen,0,0,none,0,none,0,1,0,80.1,0.4563636363636362,4,Friday,1,1,1,2,1181.5579833984375,146.5789337158203,147.0025,Expect near-normal frozen demand because of payday effect.,-0.4235662841796852,-0.28813542911153567,10,19.055261383056642,161.7,10,0,Medium,Replenish,payday
2026-01-02,S002,Phoenix,urban flagship,produce,0,0,none,0,none,0,1,0,80.1,0.4563636363636362,4,Friday,1,1,1,2,1181.5579833984375,269.7531433105469,282.3075,Expect near-normal produce demand because of payday effect.,-12.55435668945313,-4.447050358014977,12,32.370377197265626,310.5,0,0,Normal,Trim order,payday
2026-01-02,S002,Phoenix,urban flagship,snacks,0,0,none,0,none,0,1,0,80.1,0.4563636363636362,4,Friday,1,1,1,2,1181.5579833984375,234.7008056640625,200.72,Expect above-normal snacks demand because of payday effect.,33.9808056640625,16.929456787595907,18,37.55212890625,220.8,54,0,Medium,Increase order,payday
2026-01-02,S003,Mesa,family suburban,bakery,0,0,none,0,none,0,1,0,78.1,0.4199999999999999,4,Friday,1,1,1,2,946.836181640625,113.4189224243164,108.0975,Expect near-normal bakery demand because of payday effect.,5.32142242431641,4.922798792124157,8,11.34189224243164,118.9,8,0,Medium,Replenish,payday
2026-01-02,S003,Mesa,family suburban,beverages,0,0,none,0,none,0,1,0,78.1,0.4199999999999999,4,Friday,1,1,1,2,946.836181640625,188.82118225097656,173.9425,Expect near-normal beverages demand because of payday effect.,14.878682250976567,8.553793495538219,24,33.98781280517578,191.3,48,0,Medium,Replenish,payday
2026-01-02,S003,Mesa,family suburban,dairy,0,0,none,0,none,0,1,0,78.1,0.4199999999999999,4,Friday,1,1,1,2,946.836181640625,129.4342498779297,128.905,Expect near-normal dairy demand because of payday effect.,0.5292498779296864,0.4105735835923248,12,15.532109985351562,141.8,12,0,Medium,Replenish,payday
2026-01-02,S003,Mesa,family suburban,frozen,0,0,none,0,none,0,1,0,78.1,0.4199999999999999,4,Friday,1,1,1,2,946.836181640625,94.20677947998048,80.595,Expect above-normal frozen demand because of payday effect.,13.611779479980484,16.889111582580167,10,12.246881332397463,88.7,20,0,Medium,Increase order,payday
2026-01-02,S003,Mesa,family suburban,produce,0,0,none,0,none,0,1,0,78.1,0.4199999999999999,4,Friday,1,1,1,2,946.836181640625,193.3819274902344,168.5775,Expect above-normal produce demand because of payday effect.,24.804427490234417,14.713960932054645,12,23.205831298828127,185.4,36,0,Medium,Increase order,payday
2026-01-02,S003,Mesa,family suburban,snacks,0,0,none,0,none,0,1,0,78.1,0.4199999999999999,4,Friday,1,1,1,2,946.836181640625,160.89219665527344,148.1125,Expect near-normal snacks demand because of payday effect.,12.779696655273426,8.62837144418832,18,25.74275146484375,162.9,36,0,Medium,Replenish,payday
2026-01-02,S004,Scottsdale,premium suburban,bakery,0,0,none,0,none,0,1,0,74.6,0.3563636363636362,4,Friday,1,1,1,2,1120.800048828125,146.35043334960938,135.4125,Expect near-normal bakery demand because of payday effect.,10.93793334960938,8.077491627146225,8,14.635043334960939,149.0,16,0,Medium,Replenish,payday
2026-01-02,S004,Scottsdale,premium suburban,beverages,0,0,none,0,none,0,1,0,74.6,0.3563636363636362,4,Friday,1,1,1,2,1120.800048828125,237.0111541748047,212.81,Expect near-normal beverages demand because of payday effect.,24.201154174804685,11.372188419155437,24,42.66200775146484,234.1,48,0,Medium,Replenish,payday
2026-01-02,S004,Scottsdale,premium suburban,dairy,0,0,none,0,none,0,1,0,74.6,0.3563636363636362,4,Friday,1,1,1,2,1120.800048828125,170.31654357910156,150.0125,Expect above-normal dairy demand because of payday effect.,20.304043579101574,13.534901144305692,12,20.437985229492188,165.0,36,0,Medium,Increase order,payday
2026-01-02,S004,Scottsdale,premium suburban,frozen,1,0,none,0,none,0,1,0,74.6,0.3563636363636362,4,Friday,1,1,1,2,1120.800048828125,147.4293670654297,113.575,"Expect above-normal frozen demand because of promotion activity, payday effect.",33.854367065429685,29.807939304802716,10,19.16581771850586,124.9,50,0,High,Increase order,"promotion, payday"
2026-01-02,S004,Scottsdale,premium suburban,produce,1,0,none,0,none,0,1,0,74.6,0.3563636363636362,4,Friday,1,1,1,2,1120.800048828125,291.0150756835937,236.925,"Expect above-normal produce demand because of promotion activity, payday effect.",54.09007568359368,22.830041440790833,12,34.92180908203124,260.6,72,0,Medium,Increase order,"promotion, payday"
2026-01-02,S004,Scottsdale,premium suburban,snacks,1,0,none,0,none,0,1,0,74.6,0.3563636363636362,4,Friday,1,1,1,2,1120.800048828125,244.3552703857422,185.4275,"Expect above-normal snacks demand because of promotion activity, payday effect.",58.92777038574218,31.779412646852368,18,39.09684326171875,204.0,90,0,High,Increase order,"promotion, payday"
2026-01-03,S001,Tempe,campus corridor,bakery,0,0,none,0,none,1,0,0,76.3,0.3872727272727272,5,Saturday,1,1,1,3,1037.4288330078125,127.2797622680664,130.0775,Expect near-normal bakery demand because of weekend traffic.,-2.79773773193358,-2.150823725804678,8,12.727976226806641,143.1,0,0,Normal,Hold steady,baseline demand
2026-01-03,S001,Tempe,campus corridor,beverages,0,0,none,0,none,1,0,0,76.3,0.3872727272727272,5,Saturday,1,1,1,3,1037.4288330078125,207.4704742431641,208.3125,Expect near-normal beverages demand because of weekend traffic.,-0.8420257568359091,-0.40421278455969234,24,37.344685363769536,229.1,24,0,Medium,Replenish,baseline demand
2026-01-03,S001,Tempe,campus corridor,dairy,0,0,none,0,none,1,0,0,76.3,0.3872727272727272,5,Saturday,1,1,1,3,1037.4288330078125,143.916015625,132.86,Expect near-normal dairy demand because of weekend traffic.,11.056015624999986,8.321553232726167,12,17.269921874999998,146.1,24,0,Medium,Replenish,baseline demand
2026-01-03,S001,Tempe,campus corridor,frozen,0,0,none,0,none,1,0,0,76.3,0.3872727272727272,5,Saturday,1,1,1,3,1037.4288330078125,110.16100311279295,107.515,Expect near-normal frozen demand because of weekend traffic.,2.646003112792954,2.461054841457428,10,14.320930404663084,118.3,10,0,Medium,Replenish,baseline demand
2026-01-03,S001,Tempe,campus corridor,produce,0,0,none,0,none,1,0,0,76.3,0.3872727272727272,5,Saturday,1,1,1,3,1037.4288330078125,213.6574249267578,218.44,Expect near-normal produce demand because of weekend traffic.,-4.782575073242185,-2.1894227583053403,12,25.638890991210936,240.3,0,0,Normal,Hold steady,baseline demand
2026-01-03,S001,Tempe,campus corridor,snacks,1,0,none,0,none,1,0,0,76.3,0.3872727272727272,5,Saturday,1,1,1,3,1037.4288330078125,216.43675231933597,197.1125,"Expect near-normal snacks demand because of promotion activity, weekend traffic.",19.324252319335955,9.80366659614989,18,34.629880371093755,216.8,36,0,Medium,Replenish,promotion
2026-01-03,S002,Phoenix,urban flagship,bakery,0,0,none,0,none,1,0,0,79.8,0.4509090909090908,5,Saturday,1,1,1,3,1201.1458740234375,172.1041717529297,179.25,Expect near-normal bakery demand because of weekend traffic.,-7.1458282470703125,-3.9865150611270916,8,17.21041717529297,197.2,0,0,Normal,Hold steady,baseline demand
2026-01-03,S002,Phoenix,urban flagship,beverages,1,0,none,0,none,1,0,0,79.8,0.4509090909090908,5,Saturday,1,1,1,3,1201.1458740234375,324.789794921875,329.7725,"Expect near-normal beverages demand because of promotion activity, weekend traffic.",-4.9827050781249795,-1.5109522710732337,24,58.4621630859375,362.7,24,0,Medium,Replenish,promotion
2026-01-03,S002,Phoenix,urban flagship,dairy,0,0,none,0,none,1,0,0,79.8,0.4509090909090908,5,Saturday,1,1,1,3,1201.1458740234375,183.84542846679688,200.5625,Expect below-normal dairy demand because of weekend traffic.,-16.717071533203125,-8.335093316648488,12,22.061451416015625,220.6,0,0,Normal,Trim order,baseline demand
2026-01-03,S002,Phoenix,urban flagship,frozen,0,0,none,0,none,1,0,0,79.8,0.4509090909090908,5,Saturday,1,1,1,3,1201.1458740234375,145.489013671875,164.0675,Expect below-normal frozen demand because of weekend traffic.,-18.578486328124995,-11.323684659134194,10,18.91357177734375,180.5,0,0,Normal,Trim order,baseline demand
2026-01-03,S002,Phoenix,urban flagship,produce,0,0,none,0,none,1,0,0,79.8,0.4509090909090908,5,Saturday,1,1,1,3,1201.1458740234375,275.4055480957031,301.93,Expect below-normal produce demand because of weekend traffic.,-26.524451904296882,-8.78496734484711,12,33.04866577148437,332.1,0,0,Normal,Trim order,baseline demand
2026-01-03,S002,Phoenix,urban flagship,snacks,0,0,none,0,none,1,0,0,79.8,0.4509090909090908,5,Saturday,1,1,1,3,1201.1458740234375,250.6956329345703,266.955,Expect near-normal snacks demand because of weekend traffic.,-16.25936706542967,-6.090677104916437,18,40.11130126953125,293.7,0,0,Normal,Trim order,baseline demand
2026-01-03,S003,Mesa,family suburban,bakery,0,0,none,0,none,1,0,0,77.8,0.4145454545454545,5,Saturday,1,1,1,3,981.8616333007812,116.91219329833984,128.1575,Expect below-normal bakery demand because of weekend traffic.,-11.245306701660155,-8.77459899082001,8,11.691219329833984,141.0,0,0,Normal,Hold steady,baseline demand
2026-01-03,S003,Mesa,family suburban,beverages,1,0,none,0,none,1,0,0,77.8,0.4145454545454545,5,Saturday,1,1,1,3,981.8616333007812,221.6480712890625,208.985,"Expect near-normal beverages demand because of promotion activity, weekend traffic.",12.663071289062486,6.059320663713896,24,39.89665283203125,229.9,48,0,Medium,Replenish,promotion
2026-01-03,S003,Mesa,family suburban,dairy,0,0,none,0,none,1,0,0,77.8,0.4145454545454545,5,Saturday,1,1,1,3,981.8616333007812,127.5963897705078,137.0925,Expect near-normal dairy demand because of weekend traffic.,-9.496110229492203,-6.926790473214949,12,15.311566772460935,150.8,0,0,Normal,Hold steady,baseline demand
2026-01-03,S003,Mesa,family suburban,frozen,1,0,none,0,none,1,0,0,77.8,0.4145454545454545,5,Saturday,1,1,1,3,981.8616333007812,111.84143829345705,109.59,"Expect near-normal frozen demand because of promotion activity, weekend traffic.",2.251438293457042,2.054419466609218,10,14.539386978149416,120.5,10,0,Medium,Replenish,promotion
2026-01-03,S003,Mesa,family suburban,produce,1,0,none,0,none,1,0,0,77.8,0.4145454545454545,5,Saturday,1,1,1,3,981.8616333007812,229.3228912353516,235.89,"Expect near-normal produce demand because of promotion activity, weekend traffic.",-6.567108764648395,-2.783970818876763,12,27.51874694824219,259.5,0,0,Normal,Hold steady,promotion
2026-01-03,S003,Mesa,family suburban,snacks,1,0,none,0,none,1,0,0,77.8,0.4145454545454545,5,Saturday,1,1,1,3,981.8616333007812,185.78256225585935,175.44,"Expect near-normal snacks demand because of promotion activity, weekend traffic.",10.342562255859349,5.895213324133236,18,29.725209960937494,193.0,36,0,Medium,Replenish,promotion
2026-01-03,S004,Scottsdale,premium suburban,bakery,1,0,none,0,none,1,0,0,74.3,0.3509090909090908,5,Saturday,1,1,1,3,1164.8768310546875,181.3377990722656,178.7725,"Expect near-normal bakery demand because of promotion activity, weekend traffic.",2.5652990722655886,1.4349517248265748,8,18.13377990722656,196.6,8,0,Medium,Replenish,promotion
2026-01-03,S004,Scottsdale,premium suburban,beverages,0,0,none,0,none,1,0,0,74.3,0.3509090909090908,5,Saturday,1,1,1,3,1164.8768310546875,252.91392517089844,273.6625,Expect near-normal beverages demand because of weekend traffic.,-20.748574829101585,-7.581811475485893,24,45.52450653076172,301.0,0,0,Normal,Trim order,baseline demand
2026-01-03,S004,Scottsdale,premium suburban,dairy,0,0,none,0,none,1,0,0,74.3,0.3509090909090908,5,Saturday,1,1,1,3,1164.8768310546875,171.69309997558594,180.405,Expect near-normal dairy demand because of weekend traffic.,-8.711900024414064,-4.829079030189886,12,20.603171997070312,198.4,0,0,Normal,Hold steady,baseline demand
2026-01-03,S004,Scottsdale,premium suburban,frozen,0,0,none,0,none,1,0,0,74.3,0.3509090909090908,5,Saturday,1,1,1,3,1164.8768310546875,129.3681640625,130.9025,Expect near-normal frozen demand because of weekend traffic.,-1.5343359375000034,-1.172121187525069,10,16.817861328125,144.0,10,0,Medium,Replenish,baseline demand
2026-01-03,S004,Scottsdale,premium suburban,produce,1,0,none,0,none,1,0,0,74.3,0.3509090909090908,5,Saturday,1,1,1,3,1164.8768310546875,301.6019897460937,278.235,"Expect near-normal produce demand because of promotion activity, weekend traffic.",23.36698974609368,8.398292718778615,12,36.192238769531244,306.1,36,0,Medium,Replenish,promotion
2026-01-03,S004,Scottsdale,premium suburban,snacks,0,0,none,0,none,1,0,0,74.3,0.3509090909090908,5,Saturday,1,1,1,3,1164.8768310546875,218.7291259765625,237.6375,Expect near-normal snacks demand because of weekend traffic.,-18.90837402343749,-7.956814064883484,18,34.99666015625,261.4,0,0,Normal,Trim order,baseline demand
2026-01-04,S001,Tempe,campus corridor,bakery,0,0,none,0,none,1,0,0,76.0,0.3818181818181818,6,Sunday,1,1,1,4,1019.8740844726562,124.37849426269533,136.2,Expect below-normal bakery demand because of weekend traffic.,-11.821505737304662,-8.67951963091385,8,12.437849426269533,149.8,0,0,Normal,Hold steady,baseline demand
2026-01-04,S001,Tempe,campus corridor,beverages,0,0,none,0,none,1,0,0,76.0,0.3818181818181818,6,Sunday,1,1,1,4,1019.8740844726562,209.03326416015625,218.0675,Expect near-normal beverages demand because of weekend traffic.,-9.034235839843745,-4.142862113723386,24,37.62598754882812,239.9,24,0,Medium,Replenish,baseline demand
2026-01-04,S001,Tempe,campus corridor,dairy,0,0,none,0,none,1,0,0,76.0,0.3818181818181818,6,Sunday,1,1,1,4,1019.8740844726562,142.34849548339844,139.3075,Expect near-normal dairy demand because of weekend traffic.,3.040995483398433,2.1829373747992267,12,17.08181945800781,153.2,12,0,Medium,Replenish,baseline demand
2026-01-04,S001,Tempe,campus corridor,frozen,0,0,none,0,none,1,0,0,76.0,0.3818181818181818,6,Sunday,1,1,1,4,1019.8740844726562,106.73993682861328,109.86,Expect near-normal frozen demand because of weekend traffic.,-3.120063171386718,-2.840035655731584,10,13.876191787719726,120.8,0,0,Normal,Hold steady,baseline demand
2026-01-04,S001,Tempe,campus corridor,produce,0,0,none,0,none,1,0,0,76.0,0.3818181818181818,6,Sunday,1,1,1,4,1019.8740844726562,213.7440185546875,208.19,Expect near-normal produce demand because of weekend traffic.,5.554018554687502,2.6677643281077392,12,25.649282226562498,229.0,12,0,Medium,Replenish,baseline demand
2026-01-04,S001,Tempe,campus corridor,snacks,0,0,none,0,none,1,0,0,76.0,0.3818181818181818,6,Sunday,1,1,1,4,1019.8740844726562,180.1936492919922,190.7625,Expect near-normal snacks demand because of weekend traffic.,-10.568850708007801,-5.540318829962808,18,28.83098388671875,209.8,0,0,Normal,Hold steady,baseline demand
2026-01-04,S002,Phoenix,urban flagship,bakery,0,0,none,0,none,1,0,0,79.5,0.4454545454545454,6,Sunday,1,1,1,4,1174.2080078125,169.73170471191406,172.2225,Expect near-normal bakery demand because of weekend traffic.,-2.490795288085934,-1.4462658991048987,8,16.973170471191406,189.4,0,0,Normal,Hold steady,baseline demand
2026-01-04,S002,Phoenix,urban flagship,beverages,0,0,none,0,none,1,0,0,79.5,0.4454545454545454,6,Sunday,1,1,1,4,1174.2080078125,274.9143371582031,288.3725,Expect near-normal beverages demand because of weekend traffic.,-13.458162841796877,-4.666936979703986,24,49.48458068847656,317.2,24,0,Medium,Replenish,baseline demand
2026-01-04,S002,Phoenix,urban flagship,dairy,0,0,none,0,none,1,0,0,79.5,0.4454545454545454,6,Sunday,1,1,1,4,1174.2080078125,178.00514221191406,184.9925,Expect near-normal dairy demand because of weekend traffic.,-6.987357788085944,-3.777103281530843,12,21.360617065429686,203.5,0,0,Normal,Hold steady,baseline demand
2026-01-04,S002,Phoenix,urban flagship,frozen,0,0,none,0,none,1,0,0,79.5,0.4454545454545454,6,Sunday,1,1,1,4,1174.2080078125,137.62939453125,138.405,Expect near-normal frozen demand because of weekend traffic.,-0.7756054687500011,-0.5603883304432652,10,17.891821289062502,152.2,10,0,Medium,Replenish,baseline demand
2026-01-04,S002,Phoenix,urban flagship,produce,0,0,none,0,none,1,0,0,79.5,0.4454545454545454,6,Sunday,1,1,1,4,1174.2080078125,273.4325561523437,297.92,Expect below-normal produce demand because of weekend traffic.,-24.487443847656323,-8.219469605147799,12,32.811906738281245,327.7,0,0,Normal,Trim order,baseline demand
2026-01-04,S002,Phoenix,urban flagship,snacks,0,0,none,0,none,1,0,0,79.5,0.4454545454545454,6,Sunday,1,1,1,4,1174.2080078125,246.94775390625,244.685,Expect near-normal snacks demand because of weekend traffic.,2.2627539062499977,0.9247620026769102,18,39.511640625,269.2,18,0,Medium,Replenish,baseline demand
2026-01-04,S003,Mesa,family suburban,bakery,0,0,none,0,none,1,0,0,77.5,0.4090909090909091,6,Sunday,1,1,1,4,916.0718994140624,114.45526885986328,119.025,Expect near-normal bakery demand because of weekend traffic.,-4.569731140136724,-3.8393036254036748,8,11.445526885986329,130.9,0,0,Normal,Hold steady,baseline demand
2026-01-04,S003,Mesa,family suburban,beverages,0,0,none,0,none,1,0,0,77.5,0.4090909090909091,6,Sunday,1,1,1,4,916.0718994140624,187.03054809570312,198.2575,Expect near-normal beverages demand because of weekend traffic.,-11.226951904296868,-5.662813212260252,24,33.665498657226564,218.1,24,0,Medium,Replenish,baseline demand
2026-01-04,S003,Mesa,family suburban,dairy,1,0,none,0,none,1,0,0,77.5,0.4090909090909091,6,Sunday,1,1,1,4,916.0718994140624,150.0324249267578,127.1675,"Expect above-normal dairy demand because of promotion activity, weekend traffic.",22.86492492675781,17.98016389939081,12,18.003890991210938,139.9,36,0,Medium,Increase order,promotion
2026-01-04,S003,Mesa,family suburban,frozen,0,0,none,0,none,1,0,0,77.5,0.4090909090909091,6,Sunday,1,1,1,4,916.0718994140624,88.45787048339844,101.82,Expect below-normal frozen demand because of weekend traffic.,-13.362129516601556,-13.123285716560162,10,11.499523162841797,112.0,0,0,Normal,Trim order,baseline demand
2026-01-04,S003,Mesa,family suburban,produce,0,0,none,0,none,1,0,0,77.5,0.4090909090909091,6,Sunday,1,1,1,4,916.0718994140624,187.9729766845703,188.52,Expect near-normal produce demand because of weekend traffic.,-0.5470233154296977,-0.29016725834378193,12,22.556757202148436,207.4,12,0,Medium,Replenish,baseline demand
2026-01-04,S003,Mesa,family suburban,snacks,0,0,none,0,none,1,0,0,77.5,0.4090909090909091,6,Sunday,1,1,1,4,916.0718994140624,158.04556274414062,161.66500000000002,Expect near-normal snacks demand because of weekend traffic.,-3.6194372558593955,-2.238850249503229,18,25.2872900390625,177.8,18,0,Medium,Replenish,baseline demand
2026-01-04,S004,Scottsdale,premium suburban,bakery,0,0,none,0,none,1,0,0,74.0,0.3454545454545454,6,Sunday,1,1,1,4,1109.2587890625,153.46376037597656,141.9225,Expect near-normal bakery demand because of weekend traffic.,11.541260375976549,8.132086438708836,8,15.346376037597658,156.1,16,0,Medium,Replenish,baseline demand
2026-01-04,S004,Scottsdale,premium suburban,beverages,0,0,none,0,none,1,0,0,74.0,0.3454545454545454,6,Sunday,1,1,1,4,1109.2587890625,236.4521026611328,242.3775,Expect near-normal beverages demand because of weekend traffic.,-5.925397338867185,-2.444697770571602,24,42.561378479003906,266.6,24,0,Medium,Replenish,baseline demand
2026-01-04,S004,Scottsdale,premium suburban,dairy,1,0,none,0,none,1,0,0,74.0,0.3454545454545454,6,Sunday,1,1,1,4,1109.2587890625,193.01852416992188,183.805,"Expect near-normal dairy demand because of promotion activity, weekend traffic.",9.213524169921868,5.012662424809917,12,23.162222900390624,202.2,24,0,Medium,Replenish,promotion
2026-01-04,S004,Scottsdale,premium suburban,frozen,1,0,none,0,none,1,0,0,74.0,0.3454545454545454,6,Sunday,1,1,1,4,1109.2587890625,145.47947692871094,123.33,"Expect above-normal frozen demand because of promotion activity, weekend traffic.",22.14947692871094,17.959520740055897,10,18.912332000732423,135.7,30,0,Medium,Increase order,promotion
2026-01-04,S004,Scottsdale,premium suburban,produce,0,0,none,0,none,1,0,0,74.0,0.3454545454545454,6,Sunday,1,1,1,4,1109.2587890625,253.54684448242188,271.8225,Expect near-normal produce demand because of weekend traffic.,-18.275655517578116,-6.7233784979455775,12,30.425621337890625,299.0,0,0,Normal,Trim order,baseline demand
2026-01-04,S004,Scottsdale,premium suburban,snacks,0,0,none,0,none,1,0,0,74.0,0.3454545454545454,6,Sunday,1,1,1,4,1109.2587890625,208.69537353515625,210.415,Expect near-normal snacks demand because of weekend traffic.,-1.719626464843742,-0.8172546942203466,18,33.391259765625,231.5,18,0,Medium,Replenish,baseline demand
2026-01-05,S001,Tempe,campus corridor,bakery,0,0,none,0,none,0,0,0,75.7,0.3763636363636364,0,Monday,1,2,1,5,836.4194946289062,100.64228057861328,105.6675,Expect near-normal demand with no major external spike drivers flagged.,-5.025219421386723,-4.755690653594267,8,10.064228057861328,116.2,0,0,Normal,Hold steady,baseline demand
2026-01-05,S001,Tempe,campus corridor,beverages,0,0,none,0,none,0,0,0,75.7,0.3763636363636364,0,Monday,1,2,1,5,836.4194946289062,167.25120544433594,172.7375,Expect near-normal demand with no major external spike drivers flagged.,-5.486294555664074,-3.1760877375578977,24,30.10521697998047,190.0,24,0,Medium,Replenish,baseline demand
2026-01-05,S001,Tempe,campus corridor,dairy,0,0,none,0,none,0,0,0,75.7,0.3763636363636364,0,Monday,1,2,1,5,836.4194946289062,119.4089126586914,125.9325,Expect near-normal demand with no major external spike drivers flagged.,-6.523587341308598,-5.180225391625353,12,14.329069519042969,138.5,0,0,Normal,Hold steady,baseline demand
2026-01-05,S001,Tempe,campus corridor,frozen,0,0,none,0,none,0,0,0,75.7,0.3763636363636364,0,Monday,1,2,1,5,836.4194946289062,89.59175109863281,93.6375,Expect near-normal demand with no major external spike drivers flagged.,-4.04574890136719,-4.320650275121816,10,11.646927642822266,103.0,0,0,Normal,Hold steady,baseline demand
2026-01-05,S001,Tempe,campus corridor,produce,0,0,none,0,none,0,0,0,75.7,0.3763636363636364,0,Monday,1,2,1,5,836.4194946289062,176.1893768310547,169.05,Expect near-normal demand with no major external spike drivers flagged.,7.139376831054676,4.223233854513266,12,21.14272521972656,186.0,12,0,Medium,Replenish,baseline demand
2026-01-05,S001,Tempe,campus corridor,snacks,0,0,none,0,none,0,0,0,75.7,0.3763636363636364,0,Monday,1,2,1,5,836.4194946289062,143.71392822265625,150.715,Expect near-normal demand with no major external spike drivers flagged.,-7.001071777343753,-4.645238879569886,18,22.994228515625,165.8,18,0,Medium,Replenish,baseline demand
2026-01-05,S002,Phoenix,urban flagship,bakery,0,0,none,0,none,0,0,0,79.2,0.44,0,Monday,1,2,1,5,985.9522094726562,133.27001953125,134.6025,Expect near-normal demand with no major external spike drivers flagged.,-1.332480468749992,-0.9899373850782801,8,13.327001953125,148.1,0,0,Normal,Hold steady,baseline demand
2026-01-05,S002,Phoenix,urban flagship,beverages,0,0,none,0,none,0,0,0,79.2,0.44,0,Monday,1,2,1,5,985.9522094726562,214.7063140869141,250.935,Expect below-normal demand with no major external spike drivers flagged.,-36.22868591308591,-14.437478196778414,24,38.647136535644535,276.0,0,0,Normal,Trim order,baseline demand
2026-01-05,S002,Phoenix,urban flagship,dairy,0,0,none,0,none,0,0,0,79.2,0.44,0,Monday,1,2,1,5,985.9522094726562,153.49510192871094,164.7225,Expect near-normal demand with no major external spike drivers flagged.,-11.227398071289059,-6.815946862929509,12,18.41941223144531,181.2,0,0,Normal,Hold steady,baseline demand
2026-01-05,S002,Phoenix,urban flagship,frozen,0,0,none,0,none,0,0,0,79.2,0.44,0,Monday,1,2,1,5,985.9522094726562,110.8438949584961,123.0625,Expect below-normal demand with no major external spike drivers flagged.,-12.218605041503906,-9.928780125142838,10,14.409706344604492,135.4,0,0,Normal,Trim order,baseline demand
2026-01-05,S002,Phoenix,urban flagship,produce,0,0,none,0,none,0,0,0,79.2,0.44,0,Monday,1,2,1,5,985.9522094726562,226.3902282714844,255.2675,Expect below-normal demand with no major external spike drivers flagged.,-28.87727172851561,-11.312553195575468,12,27.166827392578128,280.8,0,0,Normal,Trim order,baseline demand
2026-01-05,S002,Phoenix,urban flagship,snacks,0,0,none,0,none,0,0,0,79.2,0.44,0,Monday,1,2,1,5,985.9522094726562,190.0925750732422,192.3225,Expect near-normal demand with no major external spike drivers flagged.,-2.2299249267578034,-1.159471682594498,18,30.41481201171875,211.6,18,0,Medium,Replenish,baseline demand
2026-01-05,S003,Mesa,family suburban,bakery,0,0,none,0,none,0,0,0,77.2,0.4036363636363637,0,Monday,1,2,1,5,793.8455810546875,96.59894561767578,100.715,Expect near-normal demand with no major external spike drivers flagged.,-4.116054382324222,-4.086833522637365,8,9.65989456176758,110.8,0,0,Normal,Hold steady,baseline demand
2026-01-05,S003,Mesa,family suburban,beverages,0,0,none,0,none,0,0,0,77.2,0.4036363636363637,0,Monday,1,2,1,5,793.8455810546875,156.11141967773438,160.2525,Expect near-normal demand with no major external spike drivers flagged.,-4.141080322265623,-2.5840971730647713,24,28.100055541992187,176.3,24,0,Medium,Replenish,baseline demand
2026-01-05,S003,Mesa,family suburban,dairy,0,0,none,0,none,0,0,0,77.2,0.4036363636363637,0,Monday,1,2,1,5,793.8455810546875,112.75577545166016,122.64,Expect below-normal demand with no major external spike drivers flagged.,-9.884224548339844,-8.05954382610881,12,13.530693054199219,134.9,0,0,Normal,Hold steady,baseline demand
2026-01-05,S003,Mesa,family suburban,frozen,0,0,none,0,none,0,0,0,77.2,0.4036363636363637,0,Monday,1,2,1,5,793.8455810546875,75.96337890625,76.7725,Expect near-normal demand with no major external spike drivers flagged.,-0.8091210937499937,-1.0539204711973609,10,9.8752392578125,84.4,10,0,Medium,Replenish,baseline demand
2026-01-05,S003,Mesa,family suburban,produce,0,0,none,0,none,0,0,0,77.2,0.4036363636363637,0,Monday,1,2,1,5,793.8455810546875,166.4650421142578,175.19,Expect near-normal demand with no major external spike drivers flagged.,-8.724957885742185,-4.980283055963346,12,19.975805053710936,192.7,0,0,Normal,Hold steady,baseline demand
2026-01-05,S003,Mesa,family suburban,snacks,0,0,none,0,none,0,0,0,77.2,0.4036363636363637,0,Monday,1,2,1,5,793.8455810546875,131.837158203125,130.025,Expect near-normal demand with no major external spike drivers flagged.,1.8121582031249943,1.393699829359734,18,21.0939453125,143.0,18,0,Medium,Replenish,baseline demand
2026-01-05,S004,Scottsdale,premium suburban,bakery,0,0,none,0,none,0,0,0,73.7,0.34,0,Monday,1,2,1,5,915.748779296875,123.05120849609376,119.7325,Expect near-normal demand with no major external spike drivers flagged.,3.3187084960937625,2.7717691488056815,8,12.305120849609377,131.7,8,0,Medium,Replenish,baseline demand
2026-01-05,S004,Scottsdale,premium suburban,beverages,0,0,none,0,none,0,0,0,73.7,0.34,0,Monday,1,2,1,5,915.748779296875,185.89634704589844,192.905,Expect near-normal demand with no major external spike drivers flagged.,-7.008652954101564,-3.63321477105392,24,33.46134246826172,212.2,24,0,Medium,Replenish,baseline demand
2026-01-05,S004,Scottsdale,premium suburban,dairy,0,0,none,0,none,0,0,0,73.7,0.34,0,Monday,1,2,1,5,915.748779296875,137.32667541503906,138.2725,Expect near-normal demand with no major external spike drivers flagged.,-0.9458245849609455,-0.6840294237545032,12,16.479201049804686,152.1,12,0,Medium,Replenish,baseline demand
2026-01-05,S004,Scottsdale,premium suburban,frozen,0,0,none,0,none,0,0,0,73.7,0.34,0,Monday,1,2,1,5,915.748779296875,100.82128143310548,101.995,Expect near-normal demand with no major external spike drivers flagged.,-1.1737185668945216,-1.1507608871949817,10,13.106766586303713,112.2,10,0,Medium,Replenish,baseline demand
2026-01-05,S004,Scottsdale,premium suburban,produce,0,0,none,0,none,0,0,0,73.7,0.34,0,Monday,1,2,1,5,915.748779296875,213.6483459472656,210.3475,Expect near-normal demand with no major external spike drivers flagged.,3.3008459472656,1.5692346936690953,12,25.63780151367187,231.4,12,0,Medium,Replenish,baseline demand
2026-01-05,S004,Scottsdale,premium suburban,snacks,0,0,none,0,none,0,0,0,73.7,0.34,0,Monday,1,2,1,5,915.748779296875,168.19900512695312,188.215,Expect below-normal demand with no major external spike drivers flagged.,-20.01599487304688,-10.634643823843412,18,26.911840820312502,207.0,0,0,Normal,Trim order,baseline demand
2026-01-06,S001,Tempe,campus corridor,bakery,0,0,none,0,none,0,0,0,75.4,0.370909090909091,1,Tuesday,1,2,1,6,894.6683959960938,105.52039337158205,112.355,Expect near-normal demand with no major external spike drivers flagged.,-6.8346066284179585,-6.083046262665621,8,10.552039337158206,123.6,0,0,Normal,Hold steady,baseline demand
2026-01-06,S001,Tempe,campus corridor,beverages,0,0,none,0,none,0,0,0,75.4,0.370909090909091,1,Tuesday,1,2,1,6,894.6683959960938,169.60423278808594,175.2125,Expect near-normal demand with no major external spike drivers flagged.,-5.608267211914068,-3.200837389977352,24,30.528761901855468,192.7,24,0,Medium,Replenish,baseline demand
2026-01-06,S001,Tempe,campus corridor,dairy,0,0,none,0,none,0,0,0,75.4,0.370909090909091,1,Tuesday,1,2,1,6,894.6683959960938,121.99394989013672,121.1025,Expect near-normal demand with no major external spike drivers flagged.,0.8914498901367125,0.7361118805447554,12,14.639273986816406,133.2,12,0,Medium,Replenish,baseline demand
2026-01-06,S001,Tempe,campus corridor,frozen,0,0,none,0,none,0,0,0,75.4,0.370909090909091,1,Tuesday,1,2,1,6,894.6683959960938,93.68358612060548,103.98,Expect below-normal demand with no major external spike drivers flagged.,-10.296413879394521,-9.902302249850472,10,12.178866195678713,114.4,0,0,Normal,Hold steady,baseline demand
2026-01-06,S001,Tempe,campus corridor,produce,0,0,none,0,none,0,0,0,75.4,0.370909090909091,1,Tuesday,1,2,1,6,894.6683959960938,181.0201873779297,181.2825,Expect near-normal demand with no major external spike drivers flagged.,-0.26231262207031136,-0.14469825938538544,12,21.72242248535156,199.4,12,0,Medium,Replenish,baseline demand
2026-01-06,S001,Tempe,campus corridor,snacks,0,0,none,0,none,0,0,0,75.4,0.370909090909091,1,Tuesday,1,2,1,6,894.6683959960938,147.7967071533203,154.275,Expect near-normal demand with no major external spike drivers flagged.,-6.478292846679693,-4.199185121814742,18,23.64747314453125,169.7,18,0,Medium,Replenish,baseline demand
2026-01-06,S002,Phoenix,urban flagship,bakery,0,0,none,0,none,0,0,0,78.9,0.4345454545454546,1,Tuesday,1,2,1,6,1008.265625,138.90162658691406,144.525,Expect near-normal demand with no major external spike drivers flagged.,-5.623373413085943,-3.8909347262314085,8,13.890162658691407,159.0,0,0,Normal,Hold steady,baseline demand
2026-01-06,S002,Phoenix,urban flagship,beverages,0,0,none,0,none,0,0,0,78.9,0.4345454545454546,1,Tuesday,1,2,1,6,1008.265625,214.8072204589844,250.94,Expect below-normal demand with no major external spike drivers flagged.,-36.132779541015594,-14.398971682878614,24,38.66529968261719,276.0,0,0,Normal,Trim order,baseline demand
2026-01-06,S002,Phoenix,urban flagship,dairy,0,0,none,0,none,0,0,0,78.9,0.4345454545454546,1,Tuesday,1,2,1,6,1008.265625,161.49838256835938,177.5325,Expect below-normal demand with no major external spike drivers flagged.,-16.034117431640624,-9.031651912545941,12,19.379805908203124,195.3,0,0,Normal,Trim order,baseline demand
2026-01-06,S002,Phoenix,urban flagship,frozen,0,0,none,0,none,0,0,0,78.9,0.4345454545454546,1,Tuesday,1,2,1,6,1008.265625,117.29608917236328,130.6675,Expect below-normal demand with no major external spike drivers flagged.,-13.371410827636709,-10.233157309688108,10,15.248491592407227,143.7,0,0,Normal,Trim order,baseline demand
2026-01-06,S002,Phoenix,urban flagship,produce,0,0,none,0,none,0,0,0,78.9,0.4345454545454546,1,Tuesday,1,2,1,6,1008.265625,228.8226776123047,263.39250000000004,Expect below-normal demand with no major external spike drivers flagged.,-34.56982238769535,-13.12483171984599,12,27.458721313476563,289.7,0,0,Normal,Trim order,baseline demand
2026-01-06,S002,Phoenix,urban flagship,snacks,0,0,none,0,none,0,0,0,78.9,0.4345454545454546,1,Tuesday,1,2,1,6,1008.265625,192.1622009277344,219.32,Expect below-normal demand with no major external spike drivers flagged.,-27.15779907226559,-12.382728010334484,18,30.745952148437507,241.3,0,0,Normal,Trim order,baseline demand
2026-01-06,S003,Mesa,family suburban,bakery,0,0,none,0,none,0,0,0,76.9,0.3981818181818183,1,Tuesday,1,2,1,6,801.873046875,98.75289916992188,94.415,Expect near-normal demand with no major external spike drivers flagged.,4.337899169921869,4.594502112928951,8,9.875289916992188,103.9,8,0,Medium,Replenish,baseline demand
2026-01-06,S003,Mesa,family suburban,beverages,0,0,none,0,none,0,0,0,76.9,0.3981818181818183,1,Tuesday,1,2,1,6,801.873046875,153.61395263671875,157.16500000000002,Expect near-normal demand with no major external spike drivers flagged.,-3.5510473632812705,-2.2594390374964335,24,27.650511474609374,172.9,24,0,Medium,Replenish,baseline demand
2026-01-06,S003,Mesa,family suburban,dairy,0,0,none,0,none,0,0,0,76.9,0.3981818181818183,1,Tuesday,1,2,1,6,801.873046875,110.3598175048828,107.34,Expect near-normal demand with no major external spike drivers flagged.,3.019817504882795,2.8133198294045045,12,13.243178100585935,118.1,12,0,Medium,Replenish,baseline demand
2026-01-06,S003,Mesa,family suburban,frozen,0,0,none,0,none,0,0,0,76.9,0.3981818181818183,1,Tuesday,1,2,1,6,801.873046875,77.62657165527344,74.69,Expect near-normal demand with no major external spike drivers flagged.,2.9365716552734398,3.9316798169412768,10,10.091454315185548,82.2,10,0,Medium,Replenish,baseline demand
2026-01-06,S003,Mesa,family suburban,produce,0,0,none,0,none,0,0,0,76.9,0.3981818181818183,1,Tuesday,1,2,1,6,801.873046875,165.4875946044922,169.8375,Expect near-normal demand with no major external spike drivers flagged.,-4.349905395507818,-2.56121610098348,12,19.85851135253906,186.8,0,0,Normal,Hold steady,baseline demand
2026-01-06,S003,Mesa,family suburban,snacks,0,0,none,0,none,0,0,0,76.9,0.3981818181818183,1,Tuesday,1,2,1,6,801.873046875,130.27769470214844,130.8,Expect near-normal demand with no major external spike drivers flagged.,-0.5223052978515739,-0.3993159769507445,18,20.844431152343752,143.9,18,0,Medium,Replenish,baseline demand
2026-01-06,S004,Scottsdale,premium suburban,bakery,0,0,none,0,none,0,0,0,73.4,0.3345454545454546,1,Tuesday,1,2,1,6,974.7643432617188,126.97146606445312,125.755,Expect near-normal demand with no major external spike drivers flagged.,1.2164660644531295,0.967330177291662,8,12.697146606445314,138.3,8,0,Medium,Replenish,baseline demand
2026-01-06,S004,Scottsdale,premium suburban,beverages,1,0,none,0,none,0,0,0,73.4,0.3345454545454546,1,Tuesday,1,2,1,6,974.7643432617188,227.1964263916016,202.0575,Expect above-normal beverages demand because of promotion activity.,25.138926391601586,12.441471557156545,24,40.89535675048828,222.3,48,0,Medium,Increase order,promotion
2026-01-06,S004,Scottsdale,premium suburban,dairy,0,0,none,0,none,0,0,0,73.4,0.3345454545454546,1,Tuesday,1,2,1,6,974.7643432617188,139.77996826171875,136.3175,Expect near-normal demand with no major external spike drivers flagged.,3.4624682617187545,2.5400027595273937,12,16.77359619140625,149.9,12,0,Medium,Replenish,baseline demand
2026-01-06,S004,Scottsdale,premium suburban,frozen,0,0,none,0,none,0,0,0,73.4,0.3345454545454546,1,Tuesday,1,2,1,6,974.7643432617188,108.67972564697266,109.0375,Expect near-normal demand with no major external spike drivers flagged.,-0.35777435302733807,-0.3281204659198332,10,14.128364334106445,119.9,10,0,Medium,Replenish,baseline demand
2026-01-06,S004,Scottsdale,premium suburban,produce,0,0,none,0,none,0,0,0,73.4,0.3345454545454546,1,Tuesday,1,2,1,6,974.7643432617188,224.4342803955078,224.3775,Expect near-normal demand with no major external spike drivers flagged.,0.056780395507814774,0.02530574389491583,12,26.932113647460938,246.8,12,0,Medium,Replenish,baseline demand
2026-01-06,S004,Scottsdale,premium suburban,snacks,0,0,none,0,none,0,0,0,73.4,0.3345454545454546,1,Tuesday,1,2,1,6,974.7643432617188,173.1828155517578,169.9125,Expect near-normal demand with no major external spike drivers flagged.,3.270315551757818,1.9247056877850766,18,27.70925048828125,186.9,18,0,Medium,Replenish,baseline demand
2026-01-07,S001,Tempe,campus corridor,bakery,0,0,none,0,none,0,0,0,75.1,0.3654545454545453,2,Wednesday,1,2,1,7,958.3226318359376,118.5224838256836,140.7525,Expect below-normal demand with no major external spike drivers flagged.,-22.230016174316404,-15.793691887757877,8,11.85224838256836,154.8,0,0,Normal,Trim order,baseline demand
2026-01-07,S001,Tempe,campus corridor,beverages,0,0,none,0,none,0,0,0,75.1,0.3654545454545453,2,Wednesday,1,2,1,7,958.3226318359376,183.6324920654297,248.7425,Expect below-normal demand with no major external spike drivers flagged.,-65.11000793457032,-26.175666777720057,24,33.053848571777344,273.6,0,0,Normal,Trim order,baseline demand
2026-01-07,S001,Tempe,campus corridor,dairy,0,0,none,0,none,0,0,0,75.1,0.3654545454545453,2,Wednesday,1,2,1,7,958.3226318359376,131.80677795410156,164.5825,Expect below-normal demand with no major external spike drivers flagged.,-32.77572204589845,-19.91446359479194,12,15.816813354492187,181.0,0,0,Normal,Trim order,baseline demand
2026-01-07,S001,Tempe,campus corridor,frozen,0,0,none,0,none,0,0,0,75.1,0.3654545454545453,2,Wednesday,1,2,1,7,958.3226318359376,98.16778564453124,120.2175,Expect below-normal demand with no major external spike drivers flagged.,-22.049714355468765,-18.341517961585264,10,12.76181213378906,132.2,0,0,Normal,Trim order,baseline demand
2026-01-07,S001,Tempe,campus corridor,produce,0,0,none,0,none,0,0,0,75.1,0.3654545454545453,2,Wednesday,1,2,1,7,958.3226318359376,199.60675048828125,246.2875,Expect below-normal demand with no major external spike drivers flagged.,-46.680749511718744,-18.95376318802974,12,23.952810058593748,270.9,0,0,Normal,Trim order,baseline demand
2026-01-07,S001,Tempe,campus corridor,snacks,0,0,none,0,none,0,0,0,75.1,0.3654545454545453,2,Wednesday,1,2,1,7,958.3226318359376,158.5684814453125,199.525,Expect below-normal demand with no major external spike drivers flagged.,-40.956518554687506,-20.527010928298463,18,25.37095703125,219.5,0,0,Normal,Trim order,baseline demand
2026-01-07,S002,Phoenix,urban flagship,bakery,0,0,none,0,none,0,0,0,78.6,0.4290909090909089,2,Wednesday,1,2,1,7,1104.8118896484375,147.66500854492188,182.8575,Expect below-normal demand with no major external spike drivers flagged.,-35.19249145507811,-19.245856174933003,8,14.766500854492188,201.1,0,0,Normal,Trim order,baseline demand
2026-01-07,S002,Phoenix,urban flagship,beverages,0,0,none,0,none,0,0,0,78.6,0.4290909090909089,2,Wednesday,1,2,1,7,1104.8118896484375,231.50259399414065,347.375,Expect below-normal demand with no major external spike drivers flagged.,-115.87240600585935,-33.35657603623155,24,41.670466918945316,382.1,0,0,Normal,Trim order,baseline demand
2026-01-07,S002,Phoenix,urban flagship,dairy,0,0,none,0,none,0,0,0,78.6,0.4290909090909089,2,Wednesday,1,2,1,7,1104.8118896484375,169.93887329101562,201.4325,Expect below-normal demand with no major external spike drivers flagged.,-31.49362670898438,-15.634828892549304,12,20.392664794921874,221.6,0,0,Normal,Trim order,baseline demand
2026-01-07,S002,Phoenix,urban flagship,frozen,0,0,none,0,none,0,0,0,78.6,0.4290909090909089,2,Wednesday,1,2,1,7,1104.8118896484375,125.68462371826172,163.325,Expect below-normal demand with no major external spike drivers flagged.,-37.64037628173827,-23.046304167603413,10,16.339001083374026,179.7,0,0,Normal,Trim order,baseline demand
2026-01-07,S002,Phoenix,urban flagship,produce,0,0,none,0,none,0,0,0,78.6,0.4290909090909089,2,Wednesday,1,2,1,7,1104.8118896484375,244.076416015625,325.2,Expect below-normal demand with no major external spike drivers flagged.,-81.12358398437499,-24.945751532710638,12,29.289169921875,357.7,0,0,Normal,Trim order,baseline demand
2026-01-07,S002,Phoenix,urban flagship,snacks,0,0,none,0,none,0,0,0,78.6,0.4290909090909089,2,Wednesday,1,2,1,7,1104.8118896484375,216.1792755126953,265.6325,Expect below-normal demand with no major external spike drivers flagged.,-49.45322448730468,-18.617158851911828,18,34.58868408203125,292.2,0,0,Normal,Trim order,baseline demand
2026-01-07,S003,Mesa,family suburban,bakery,0,0,none,0,none,0,0,0,76.6,0.3927272727272726,2,Wednesday,1,2,1,7,878.1901245117188,102.96934509277344,126.33,Expect below-normal demand with no major external spike drivers flagged.,-23.36065490722656,-18.491771477263168,8,10.296934509277344,139.0,0,0,Normal,Trim order,baseline demand
2026-01-07,S003,Mesa,family suburban,beverages,0,0,none,0,none,0,0,0,76.6,0.3927272727272726,2,Wednesday,1,2,1,7,878.1901245117188,156.125732421875,212.48,Expect below-normal demand with no major external spike drivers flagged.,-56.35426757812499,-26.522151533379606,24,28.102631835937498,233.7,0,0,Normal,Trim order,baseline demand
2026-01-07,S003,Mesa,family suburban,dairy,0,0,none,0,none,0,0,0,76.6,0.3927272727272726,2,Wednesday,1,2,1,7,878.1901245117188,123.80584716796876,139.9425,Expect below-normal demand with no major external spike drivers flagged.,-16.13665283203123,-11.530916506444598,12,14.85670166015625,153.9,0,0,Normal,Trim order,baseline demand
2026-01-07,S003,Mesa,family suburban,frozen,0,0,none,0,none,0,0,0,76.6,0.3927272727272726,2,Wednesday,1,2,1,7,878.1901245117188,84.95455169677734,107.84,Expect below-normal demand with no major external spike drivers flagged.,-22.88544830322266,-21.221669420644158,10,11.044091720581054,118.6,0,0,Normal,Trim order,baseline demand
2026-01-07,S003,Mesa,family suburban,produce,0,0,none,0,none,0,0,0,76.6,0.3927272727272726,2,Wednesday,1,2,1,7,878.1901245117188,167.9874725341797,219.2,Expect below-normal demand with no major external spike drivers flagged.,-51.2125274658203,-23.363379318348677,12,20.158496704101562,241.1,0,0,Normal,Trim order,baseline demand
2026-01-07,S003,Mesa,family suburban,snacks,1,0,none,0,none,0,0,0,76.6,0.3927272727272726,2,Wednesday,1,2,1,7,878.1901245117188,166.128173828125,174.58249999999998,Expect near-normal snacks demand because of promotion activity.,-8.454326171874982,-4.842596578623277,18,26.580507812500002,192.0,18,0,Medium,Replenish,promotion
2026-01-07,S004,Scottsdale,premium suburban,bakery,1,0,none,0,none,0,0,0,73.1,0.329090909090909,2,Wednesday,1,2,1,7,1054.93798828125,157.32028198242188,172.25,Expect below-normal bakery demand because of promotion activity.,-14.929718017578125,-8.667470547215167,8,15.732028198242189,189.5,0,0,Normal,Trim order,promotion
2026-01-07,S004,Scottsdale,premium suburban,beverages,0,0,none,0,none,0,0,0,73.1,0.329090909090909,2,Wednesday,1,2,1,7,1054.93798828125,221.6463623046875,276.83500000000004,Expect below-normal demand with no major external spike drivers flagged.,-55.188637695312536,-19.93557089794012,24,39.89634521484375,304.5,0,0,Normal,Trim order,baseline demand
2026-01-07,S004,Scottsdale,premium suburban,dairy,0,0,none,0,none,0,0,0,73.1,0.329090909090909,2,Wednesday,1,2,1,7,1054.93798828125,140.72091674804688,186.12,Expect below-normal demand with no major external spike drivers flagged.,-45.39908325195313,-24.39237226088176,12,16.886510009765626,204.7,0,0,Normal,Trim order,baseline demand
2026-01-07,S004,Scottsdale,premium suburban,frozen,0,0,none,0,none,0,0,0,73.1,0.329090909090909,2,Wednesday,1,2,1,7,1054.93798828125,114.3730239868164,134.47500000000002,Expect below-normal demand with no major external spike drivers flagged.,-20.101976013183616,-14.948485601921261,10,14.868493118286134,147.9,0,0,Normal,Trim order,baseline demand
2026-01-07,S004,Scottsdale,premium suburban,produce,0,0,none,0,none,0,0,0,73.1,0.329090909090909,2,Wednesday,1,2,1,7,1054.93798828125,238.42160034179688,283.945,Expect below-normal demand with no major external spike drivers flagged.,-45.52339965820312,-16.032470956770894,12,28.610592041015625,312.3,0,0,Normal,Trim order,baseline demand
2026-01-07,S004,Scottsdale,premium suburban,snacks,0,0,none,0,none,0,0,0,73.1,0.329090909090909,2,Wednesday,1,2,1,7,1054.93798828125,186.27310180664065,248.0025,Expect below-normal demand with no major external spike drivers flagged.,-61.729398193359344,-24.8906354546262,18,29.803696289062504,272.8,0,0,Normal,Trim order,baseline demand
2026-01-08,S001,Tempe,campus corridor,bakery,0,0,none,0,none,0,0,0,74.8,0.3599999999999999,3,Thursday,1,2,1,8,892.6432495117188,104.6272964477539,106.25223205566404,Expect near-normal demand with no major external spike drivers flagged.,-1.6249356079101318,-1.529319033089913,8,10.462729644775392,116.9,0,0,Normal,Hold steady,baseline demand
2026-01-08,S001,Tempe,campus corridor,beverages,0,0,none,0,none,0,0,0,74.8,0.3599999999999999,3,Thursday,1,2,1,8,892.6432495117188,178.7643280029297,221.4329614257813,Expect below-normal demand with no major external spike drivers flagged.,-42.6686334228516,-19.269323387138567,24,32.17757904052734,243.6,0,0,Normal,Trim order,baseline demand
2026-01-08,S001,Tempe,campus corridor,dairy,0,0,none,0,none,0,0,0,74.8,0.3599999999999999,3,Thursday,1,2,1,8,892.6432495117188,126.44696807861328,141.25357177734375,Expect below-normal demand with no major external spike drivers flagged.,-14.80660369873047,-10.482286226411276,12,15.173636169433593,155.4,0,0,Normal,Trim order,baseline demand
2026-01-08,S001,Tempe,campus corridor,frozen,0,0,none,0,none,0,0,0,74.8,0.3599999999999999,3,Thursday,1,2,1,8,892.6432495117188,94.82838439941406,99.00554946899416,Expect near-normal demand with no major external spike drivers flagged.,-4.177165069580099,-4.219122152226702,10,12.327689971923828,108.9,0,0,Normal,Hold steady,baseline demand
2026-01-08,S001,Tempe,campus corridor,produce,0,0,none,0,none,0,0,0,74.8,0.3599999999999999,3,Thursday,1,2,1,8,892.6432495117188,189.09815979003903,212.40098144531248,Expect below-normal demand with no major external spike drivers flagged.,-23.302821655273448,-10.971145941372825,12,22.691779174804683,233.6,0,0,Normal,Trim order,baseline demand
2026-01-08,S001,Tempe,campus corridor,snacks,0,0,none,0,none,0,0,0,74.8,0.3599999999999999,3,Thursday,1,2,1,8,892.6432495117188,155.23733520507812,175.02936889648436,Expect below-normal demand with no major external spike drivers flagged.,-19.792033691406232,-11.307835831317892,18,24.8379736328125,192.5,0,0,Normal,Trim order,baseline demand
2026-01-08,S002,Phoenix,urban flagship,bakery,0,0,none,0,none,0,0,0,78.3,0.4236363636363636,3,Thursday,1,2,1,8,1022.0899047851562,138.90243530273438,153.43399826049804,Expect below-normal demand with no major external spike drivers flagged.,-14.531562957763668,-9.470888540030215,8,13.890243530273438,168.8,0,0,Normal,Trim order,baseline demand
2026-01-08,S002,Phoenix,urban flagship,beverages,0,0,none,0,none,0,0,0,78.3,0.4236363636363636,3,Thursday,1,2,1,8,1022.0899047851562,214.94027709960935,257.15952728271486,Expect below-normal demand with no major external spike drivers flagged.,-42.219250183105515,-16.417532972321382,24,38.68924987792968,282.9,0,0,Normal,Trim order,baseline demand
2026-01-08,S002,Phoenix,urban flagship,dairy,0,0,none,0,none,0,0,0,78.3,0.4236363636363636,3,Thursday,1,2,1,8,1022.0899047851562,166.83848571777344,192.16228546142577,Expect below-normal demand with no major external spike drivers flagged.,-25.32379974365233,-13.178340215325848,12,20.020618286132812,211.4,0,0,Normal,Trim order,baseline demand
2026-01-08,S002,Phoenix,urban flagship,frozen,0,0,none,0,none,0,0,0,78.3,0.4236363636363636,3,Thursday,1,2,1,8,1022.0899047851562,117.38211059570312,140.145684967041,Expect below-normal demand with no major external spike drivers flagged.,-22.76357437133788,-16.242793616293888,10,15.259674377441407,154.2,0,0,Normal,Trim order,baseline demand
2026-01-08,S002,Phoenix,urban flagship,produce,0,0,none,0,none,0,0,0,78.3,0.4236363636363636,3,Thursday,1,2,1,8,1022.0899047851562,225.0223693847656,262.07970764160154,Expect below-normal demand with no major external spike drivers flagged.,-37.05733825683595,-14.139720541627163,12,27.00268432617187,288.3,0,0,Normal,Trim order,baseline demand
2026-01-08,S002,Phoenix,urban flagship,snacks,0,0,none,0,none,0,0,0,78.3,0.4236363636363636,3,Thursday,1,2,1,8,1022.0899047851562,200.5204315185547,216.91343322753903,Expect near-normal demand with no major external spike drivers flagged.,-16.393001708984343,-7.557393502590651,18,32.08326904296875,238.6,0,0,Normal,Trim order,baseline demand
2026-01-08,S003,Mesa,family suburban,bakery,0,0,none,0,none,0,0,0,76.3,0.3872727272727272,3,Thursday,1,2,1,8,848.9783325195312,102.60826873779295,96.25285308837891,Expect near-normal demand with no major external spike drivers flagged.,6.3554156494140415,6.602833521805872,8,10.260826873779296,105.9,8,0,Medium,Replenish,baseline demand
2026-01-08,S003,Mesa,family suburban,beverages,0,0,none,0,none,0,0,0,76.3,0.3872727272727272,3,Thursday,1,2,1,8,848.9783325195312,156.3357391357422,180.31670211791996,Expect below-normal demand with no major external spike drivers flagged.,-23.980962982177772,-13.29935757503771,24,28.140433044433593,198.3,0,0,Normal,Trim order,baseline demand
2026-01-08,S003,Mesa,family suburban,dairy,0,0,none,0,none,0,0,0,76.3,0.3872727272727272,3,Thursday,1,2,1,8,848.9783325195312,119.97100067138672,110.85629776000977,Expect near-normal demand with no major external spike drivers flagged.,9.114702911376952,8.222088501556456,12,14.396520080566406,121.9,24,0,Medium,Replenish,baseline demand
2026-01-08,S003,Mesa,family suburban,frozen,0,0,none,0,none,0,0,0,76.3,0.3872727272727272,3,Thursday,1,2,1,8,848.9783325195312,83.26534271240234,80.75352066040038,Expect near-normal demand with no major external spike drivers flagged.,2.5118220520019605,3.110479928875347,10,10.824494552612306,88.8,10,0,Medium,Replenish,baseline demand
2026-01-08,S003,Mesa,family suburban,produce,1,0,none,0,none,0,0,0,76.3,0.3872727272727272,3,Thursday,1,2,1,8,848.9783325195312,196.3529815673828,174.460421295166,Expect above-normal produce demand because of promotion activity.,21.892560272216826,12.54872601458256,12,23.562357788085937,191.9,36,0,Medium,Increase order,promotion
2026-01-08,S003,Mesa,family suburban,snacks,0,0,none,0,none,0,0,0,76.3,0.3872727272727272,3,Thursday,1,2,1,8,848.9783325195312,137.35720825195312,161.15054061889649,Expect below-normal demand with no major external spike drivers flagged.,-23.79333236694336,-14.764661834558785,18,21.9771533203125,177.3,0,0,Normal,Trim order,baseline demand
2026-01-08,S004,Scottsdale,premium suburban,bakery,0,0,none,0,none,0,0,0,72.8,0.3236363636363636,3,Thursday,1,2,1,8,983.4478759765624,128.7806396484375,129.12559188842772,Expect near-normal demand with no major external spike drivers flagged.,-0.34495223999022073,-0.26714475027404344,8,12.87806396484375,142.0,0,0,Normal,Hold steady,baseline demand
2026-01-08,S004,Scottsdale,premium suburban,beverages,0,0,none,0,none,0,0,0,72.8,0.3236363636363636,3,Thursday,1,2,1,8,983.4478759765624,209.5308532714844,231.6063723754883,Expect below-normal demand with no major external spike drivers flagged.,-22.075519104003888,-9.531481745335698,24,37.71555358886719,254.8,0,0,Normal,Trim order,baseline demand
2026-01-08,S004,Scottsdale,premium suburban,dairy,0,0,none,0,none,0,0,0,72.8,0.3236363636363636,3,Thursday,1,2,1,8,983.4478759765624,137.22225952148438,155.2861799621582,Expect below-normal demand with no major external spike drivers flagged.,-18.063920440673826,-11.632664571358402,12,16.466671142578125,170.8,0,0,Normal,Trim order,baseline demand
2026-01-08,S004,Scottsdale,premium suburban,frozen,0,0,none,0,none,0,0,0,72.8,0.3236363636363636,3,Thursday,1,2,1,8,983.4478759765624,106.5371551513672,111.3186654663086,Expect near-normal demand with no major external spike drivers flagged.,-4.7815103149414,-4.295335642869846,10,13.849830169677738,122.5,0,0,Normal,Hold steady,baseline demand
2026-01-08,S004,Scottsdale,premium suburban,produce,0,0,none,0,none,0,0,0,72.8,0.3236363636363636,3,Thursday,1,2,1,8,983.4478759765624,223.20730590820312,227.7616415405273,Expect near-normal demand with no major external spike drivers flagged.,-4.554335632324182,-1.9996060800755142,12,26.784876708984374,250.5,0,0,Normal,Hold steady,baseline demand
2026-01-08,S004,Scottsdale,premium suburban,snacks,0,0,none,0,none,0,0,0,72.8,0.3236363636363636,3,Thursday,1,2,1,8,983.4478759765624,175.33489990234375,204.3568572998047,Expect below-normal demand with no major external spike drivers flagged.,-29.021957397460938,-14.201606826867499,18,28.053583984375,224.8,0,0,Normal,Trim order,baseline demand
2026-01-09,S001,Tempe,campus corridor,bakery,0,0,none,0,none,0,0,0,74.5,0.3545454545454545,4,Friday,1,2,1,9,972.5623168945312,113.62171936035156,111.1913621520996,Expect near-normal demand with no major external spike drivers flagged.,2.430357208251962,2.185742814201211,8,11.362171936035157,122.3,8,0,Medium,Replenish,baseline demand
2026-01-09,S001,Tempe,campus corridor,beverages,0,0,none,0,none,0,0,0,74.5,0.3545454545454545,4,Friday,1,2,1,9,972.5623168945312,182.9777374267578,208.3677877807617,Expect below-normal demand with no major external spike drivers flagged.,-25.390050354003876,-12.185208963641982,24,32.9359927368164,229.2,0,0,Normal,Trim order,baseline demand
2026-01-09,S001,Tempe,campus corridor,dairy,0,0,none,0,none,0,0,0,74.5,0.3545454545454545,4,Friday,1,2,1,9,972.5623168945312,132.96218872070312,140.1034342956543,Expect near-normal demand with no major external spike drivers flagged.,-7.141245574951171,-5.097123857707374,12,15.955462646484374,154.1,0,0,Normal,Hold steady,baseline demand
2026-01-09,S001,Tempe,campus corridor,frozen,0,0,none,0,none,0,0,0,74.5,0.3545454545454545,4,Friday,1,2,1,9,972.5623168945312,96.09061431884766,102.273119430542,Expect near-normal demand with no major external spike drivers flagged.,-6.18250511169434,-6.045092929714675,10,12.491779861450196,112.5,0,0,Normal,Hold steady,baseline demand
2026-01-09,S001,Tempe,campus corridor,produce,0,0,none,0,none,0,0,0,74.5,0.3545454545454545,4,Friday,1,2,1,9,972.5623168945312,189.40538024902344,205.68036178588864,Expect near-normal demand with no major external spike drivers flagged.,-16.274981536865198,-7.912754234557067,12,22.728645629882813,226.2,0,0,Normal,Trim order,baseline demand
2026-01-09,S001,Tempe,campus corridor,snacks,1,0,none,0,none,0,0,0,74.5,0.3545454545454545,4,Friday,1,2,1,9,972.5623168945312,184.2880706787109,167.19183273315429,Expect near-normal snacks demand because of promotion activity.,17.096237945556624,10.225522183755825,18,29.486091308593746,183.9,36,0,Medium,Replenish,promotion
2026-01-09,S002,Phoenix,urban flagship,bakery,0,0,none,0,none,0,0,0,78.0,0.4181818181818181,4,Friday,1,2,1,9,1148.4951171875,149.9458770751953,156.01402236938478,Expect near-normal demand with no major external spike drivers flagged.,-6.068145294189463,-3.8894871127816257,8,14.994587707519532,171.6,0,0,Normal,Hold steady,baseline demand
2026-01-09,S002,Phoenix,urban flagship,beverages,0,0,none,0,none,0,0,0,78.0,0.4181818181818181,4,Friday,1,2,1,9,1148.4951171875,245.7374420166016,283.5740371704102,Expect below-normal demand with no major external spike drivers flagged.,-37.83659515380859,-13.342757161887558,24,44.232739562988286,311.9,0,0,Normal,Trim order,baseline demand
2026-01-09,S002,Phoenix,urban flagship,dairy,0,0,none,0,none,0,0,0,78.0,0.4181818181818181,4,Friday,1,2,1,9,1148.4951171875,175.5637969970703,179.64803192138672,Expect near-normal demand with no major external spike drivers flagged.,-4.084234924316405,-2.27346488610777,12,21.067655639648436,197.6,0,0,Normal,Hold steady,baseline demand
2026-01-09,S002,Phoenix,urban flagship,frozen,0,0,none,0,none,0,0,0,78.0,0.4181818181818181,4,Friday,1,2,1,9,1148.4951171875,126.71492004394533,144.4372334289551,Expect below-normal demand with no major external spike drivers flagged.,-17.72231338500977,-12.269906425289511,10,16.47293960571289,158.9,0,0,Normal,Trim order,baseline demand
2026-01-09,S002,Phoenix,urban flagship,produce,1,0,none,0,none,0,0,0,78.0,0.4181818181818181,4,Friday,1,2,1,9,1148.4951171875,297.7408752441406,282.2532858276367,Expect near-normal produce demand because of promotion activity.,15.487589416503909,5.487124577164957,12,35.728905029296875,310.5,24,0,Medium,Replenish,promotion
2026-01-09,S002,Phoenix,urban flagship,snacks,1,0,none,0,none,0,0,0,78.0,0.4181818181818181,4,Friday,1,2,1,9,1148.4951171875,251.56370544433597,208.5827014160156,Expect above-normal snacks demand because of promotion activity.,42.98100402832037,20.60621697606423,18,40.25019287109375,229.4,72,0,Medium,Increase order,promotion
2026-01-09,S003,Mesa,family suburban,bakery,0,0,none,0,none,0,0,0,76.0,0.3818181818181818,4,Friday,1,2,1,9,906.9500732421876,106.1691665649414,109.33223060607912,Expect near-normal demand with no major external spike drivers flagged.,-3.1630640411377158,-2.8930755584180337,8,10.61691665649414,120.3,0,0,Normal,Hold steady,baseline demand
2026-01-09,S003,Mesa,family suburban,beverages,0,0,none,0,none,0,0,0,76.0,0.3818181818181818,4,Friday,1,2,1,9,906.9500732421876,163.5054168701172,173.22029556274413,Expect near-normal demand with no major external spike drivers flagged.,-9.71487869262694,-5.6083951716316065,24,29.430975036621092,190.5,24,0,Medium,Replenish,baseline demand
2026-01-09,S003,Mesa,family suburban,dairy,0,0,none,0,none,0,0,0,76.0,0.3818181818181818,4,Friday,1,2,1,9,906.9500732421876,122.75006103515624,128.16856246948242,Expect near-normal demand with no major external spike drivers flagged.,-5.418501434326188,-4.227636894668582,12,14.730007324218748,141.0,0,0,Normal,Hold steady,baseline demand
2026-01-09,S003,Mesa,family suburban,frozen,0,0,none,0,none,0,0,0,76.0,0.3818181818181818,4,Friday,1,2,1,9,906.9500732421876,85.61946105957031,85.07419486999511,Expect near-normal demand with no major external spike drivers flagged.,0.5452661895752016,0.6409301791318063,10,11.130529937744141,93.6,10,0,Medium,Replenish,baseline demand
2026-01-09,S003,Mesa,family suburban,produce,0,0,none,0,none,0,0,0,76.0,0.3818181818181818,4,Friday,1,2,1,9,906.9500732421876,177.88546752929688,173.0704818725586,Expect near-normal demand with no major external spike drivers flagged.,4.814985656738287,2.782095250814537,12,21.346256103515625,190.4,12,0,Medium,Replenish,baseline demand
2026-01-09,S003,Mesa,family suburban,snacks,0,0,none,0,none,0,0,0,76.0,0.3818181818181818,4,Friday,1,2,1,9,906.9500732421876,144.0115966796875,148.05304916381837,Expect near-normal demand with no major external spike drivers flagged.,-4.041452484130872,-2.729732691732048,18,23.04185546875,162.9,18,0,Medium,Replenish,baseline demand
2026-01-09,S004,Scottsdale,premium suburban,bakery,0,0,none,0,none,0,0,0,72.5,0.3181818181818182,4,Friday,1,2,1,9,1057.9356689453125,138.09490966796875,137.01260833740236,Expect near-normal demand with no major external spike drivers flagged.,1.0823013305663949,0.789928272806221,8,13.809490966796876,150.7,8,0,Medium,Replenish,baseline demand
2026-01-09,S004,Scottsdale,premium suburban,beverages,0,0,none,0,none,0,0,0,72.5,0.3181818181818182,4,Friday,1,2,1,9,1057.9356689453125,213.0292205810547,220.5802885437012,Expect near-normal demand with no major external spike drivers flagged.,-7.551067962646499,-3.4232741341030963,24,38.34525970458984,242.6,24,0,Medium,Replenish,baseline demand
2026-01-09,S004,Scottsdale,premium suburban,dairy,0,0,none,0,none,0,0,0,72.5,0.3181818181818182,4,Friday,1,2,1,9,1057.9356689453125,153.72647094726562,159.0741358947754,Expect near-normal demand with no major external spike drivers flagged.,-5.34766494750977,-3.3617438293344883,12,18.447176513671874,175.0,0,0,Normal,Hold steady,baseline demand
2026-01-09,S004,Scottsdale,premium suburban,frozen,1,0,none,0,none,0,0,0,72.5,0.3181818181818182,4,Friday,1,2,1,9,1057.9356689453125,130.5735626220703,123.81734176635744,Expect near-normal frozen demand because of promotion activity.,6.7562208557128685,5.45660305683336,10,16.97456314086914,136.2,20,0,Medium,Replenish,promotion
2026-01-09,S004,Scottsdale,premium suburban,produce,0,0,none,0,none,0,0,0,72.5,0.3181818181818182,4,Friday,1,2,1,9,1057.9356689453125,238.65170288085935,252.92376892089845,Expect near-normal demand with no major external spike drivers flagged.,-14.272066040039107,-5.642833056351725,12,28.63820434570312,278.2,0,0,Normal,Trim order,baseline demand
2026-01-09,S004,Scottsdale,premium suburban,snacks,0,0,none,0,none,0,0,0,72.5,0.3181818181818182,4,Friday,1,2,1,9,1057.9356689453125,184.3360595703125,202.49131759643555,Expect below-normal demand with no major external spike drivers flagged.,-18.15525802612305,-8.965943943486215,18,29.49376953125,222.7,0,0,Normal,Trim order,baseline demand
2026-01-10,S001,Tempe,campus corridor,bakery,0,0,none,0,none,1,0,0,74.2,0.3490909090909091,5,Saturday,1,2,1,10,1031.824462890625,126.7270278930664,128.77744056701658,Expect near-normal bakery demand because of weekend traffic.,-2.050412673950177,-1.5922141835728825,8,12.67270278930664,141.7,0,0,Normal,Hold steady,baseline demand
2026-01-10,S001,Tempe,campus corridor,beverages,1,0,none,0,none,1,0,0,74.2,0.3490909090909091,5,Saturday,1,2,1,10,1031.824462890625,242.9744110107422,207.165118560791,"Expect above-normal beverages demand because of promotion activity, weekend traffic.",35.80929244995119,17.28538698924029,24,43.73539398193359,227.9,72,0,Medium,Increase order,promotion
2026-01-10,S001,Tempe,campus corridor,dairy,0,0,none,0,none,1,0,0,74.2,0.3490909090909091,5,Saturday,1,2,1,10,1031.824462890625,141.6293182373047,136.19400390625,Expect near-normal dairy demand because of weekend traffic.,5.435314331054684,3.9908616937322123,12,16.995518188476563,149.8,12,0,Medium,Replenish,baseline demand
2026-01-10,S001,Tempe,campus corridor,frozen,0,0,none,0,none,1,0,0,74.2,0.3490909090909091,5,Saturday,1,2,1,10,1031.824462890625,107.21768188476562,112.17025077819824,Expect near-normal frozen demand because of weekend traffic.,-4.952568893432613,-4.415224945182354,10,13.938298645019533,123.4,0,0,Normal,Hold steady,baseline demand
2026-01-10,S001,Tempe,campus corridor,produce,0,0,none,0,none,1,0,0,74.2,0.3490909090909091,5,Saturday,1,2,1,10,1031.824462890625,205.2757873535156,214.54685623168945,Expect near-normal produce demand because of weekend traffic.,-9.27106887817385,-4.321232685955561,12,24.63309448242187,236.0,0,0,Normal,Hold steady,baseline demand
2026-01-10,S001,Tempe,campus corridor,snacks,0,0,none,0,none,1,0,0,74.2,0.3490909090909091,5,Saturday,1,2,1,10,1031.824462890625,187.22129821777344,200.911688079834,Expect near-normal snacks demand because of weekend traffic.,-13.690389862060556,-6.8141331113700865,18,29.95540771484375,221.0,0,0,Normal,Trim order,baseline demand
2026-01-10,S002,Phoenix,urban flagship,bakery,0,0,none,0,none,1,0,0,77.7,0.4127272727272728,5,Saturday,1,2,1,10,1199.973388671875,173.56283569335938,168.7560429382324,Expect near-normal bakery demand because of weekend traffic.,4.806792755126963,2.848367780753387,8,17.35628356933594,185.6,8,0,Medium,Replenish,baseline demand
2026-01-10,S002,Phoenix,urban flagship,beverages,1,0,none,0,none,1,0,0,77.7,0.4127272727272728,5,Saturday,1,2,1,10,1199.973388671875,313.7037353515625,307.4374487304688,"Expect near-normal beverages demand because of promotion activity, weekend traffic.",6.266286621093684,2.038231401857408,24,56.46667236328125,338.2,48,0,Medium,Replenish,promotion
2026-01-10,S002,Phoenix,urban flagship,dairy,1,0,none,0,none,1,0,0,77.7,0.4127272727272728,5,Saturday,1,2,1,10,1199.973388671875,224.89779663085935,193.2788571166992,"Expect above-normal dairy demand because of promotion activity, weekend traffic.",31.618939514160132,16.359233485672483,12,26.98773559570312,212.6,48,0,Medium,Increase order,promotion
2026-01-10,S002,Phoenix,urban flagship,frozen,0,0,none,0,none,1,0,0,77.7,0.4127272727272728,5,Saturday,1,2,1,10,1199.973388671875,142.40878295898438,148.36725341796875,Expect near-normal frozen demand because of weekend traffic.,-5.9584704589843795,-4.016028012730436,10,18.51314178466797,163.2,0,0,Normal,Hold steady,baseline demand
2026-01-10,S002,Phoenix,urban flagship,produce,0,0,none,0,none,1,0,0,77.7,0.4127272727272728,5,Saturday,1,2,1,10,1199.973388671875,273.1496887207031,283.12138702392576,Expect near-normal produce demand because of weekend traffic.,-9.971698303222638,-3.5220575909300553,12,32.777962646484376,311.4,0,0,Normal,Hold steady,baseline demand
2026-01-10,S002,Phoenix,urban flagship,snacks,0,0,none,0,none,1,0,0,77.7,0.4127272727272728,5,Saturday,1,2,1,10,1199.973388671875,246.2310028076172,246.1314082336426,Expect near-normal snacks demand because of weekend traffic.,0.09959457397459914,0.04046398413324725,18,39.39696044921875,270.7,18,0,Medium,Replenish,baseline demand
2026-01-10,S003,Mesa,family suburban,bakery,0,0,none,0,none,1,0,0,75.7,0.3763636363636364,5,Saturday,1,2,1,10,960.1968383789062,115.90801239013672,128.32554832458496,Expect below-normal bakery demand because of weekend traffic.,-12.417535934448239,-9.676589032013707,8,11.590801239013672,141.2,0,0,Normal,Trim order,baseline demand
2026-01-10,S003,Mesa,family suburban,beverages,1,0,none,0,none,1,0,0,75.7,0.3763636363636364,5,Saturday,1,2,1,10,960.1968383789062,223.12716674804688,218.51951782226564,"Expect near-normal beverages demand because of promotion activity, weekend traffic.",4.607648925781234,2.108575458934015,24,40.16289001464843,240.4,24,0,Medium,Replenish,promotion
2026-01-10,S003,Mesa,family suburban,dairy,0,0,none,0,none,1,0,0,75.7,0.3763636363636364,5,Saturday,1,2,1,10,960.1968383789062,130.1971435546875,132.82659744262696,Expect near-normal dairy demand because of weekend traffic.,-2.629453887939462,-1.9796139768431746,12,15.6236572265625,146.1,0,0,Normal,Hold steady,baseline demand
2026-01-10,S003,Mesa,family suburban,frozen,0,0,none,0,none,1,0,0,75.7,0.3763636363636364,5,Saturday,1,2,1,10,960.1968383789062,93.18502044677734,107.77535957336426,Expect below-normal frozen demand because of weekend traffic.,-14.590339126586912,-13.537731800982817,10,12.114052658081055,118.6,0,0,Normal,Trim order,baseline demand
2026-01-10,S003,Mesa,family suburban,produce,0,0,none,0,none,1,0,0,75.7,0.3763636363636364,5,Saturday,1,2,1,10,960.1968383789062,196.56919860839844,248.8507228088379,Expect below-normal produce demand because of weekend traffic.,-52.28152420043946,-21.00919121725882,12,23.58830383300781,273.7,0,0,Normal,Trim order,baseline demand
2026-01-10,S003,Mesa,family suburban,snacks,0,0,none,0,none,1,0,0,75.7,0.3763636363636364,5,Saturday,1,2,1,10,960.1968383789062,162.09219360351562,186.55814056396488,Expect below-normal snacks demand because of weekend traffic.,-24.46594696044926,-13.1143818685632,18,25.9347509765625,205.2,0,0,Normal,Trim order,baseline demand
2026-01-10,S004,Scottsdale,premium suburban,bakery,0,0,none,0,none,1,0,0,72.2,0.3127272727272728,5,Saturday,1,2,1,10,1145.589111328125,155.70616149902344,185.2644497680664,Expect below-normal bakery demand because of weekend traffic.,-29.558288269042976,-15.95464661787362,8,15.570616149902344,203.8,0,0,Normal,Trim order,baseline demand
2026-01-10,S004,Scottsdale,premium suburban,beverages,0,0,none,0,none,1,0,0,72.2,0.3127272727272728,5,Saturday,1,2,1,10,1145.589111328125,245.39051818847656,273.6709812927246,Expect below-normal beverages demand because of weekend traffic.,-28.280463104248042,-10.333745642545356,24,44.17029327392578,301.0,0,0,Normal,Trim order,baseline demand
2026-01-10,S004,Scottsdale,premium suburban,dairy,0,0,none,0,none,1,0,0,72.2,0.3127272727272728,5,Saturday,1,2,1,10,1145.589111328125,171.69454956054688,182.50077499389647,Expect near-normal dairy demand because of weekend traffic.,-10.806225433349596,-5.921194270934464,12,20.603345947265623,200.8,0,0,Normal,Hold steady,baseline demand
2026-01-10,S004,Scottsdale,premium suburban,frozen,0,0,none,0,none,1,0,0,72.2,0.3127272727272728,5,Saturday,1,2,1,10,1145.589111328125,126.06141662597656,133.747041015625,Expect near-normal frozen demand because of weekend traffic.,-7.685624389648439,-5.746388354678116,10,16.387984161376952,147.1,0,0,Normal,Hold steady,baseline demand
2026-01-10,S004,Scottsdale,premium suburban,produce,0,0,none,0,none,1,0,0,72.2,0.3127272727272728,5,Saturday,1,2,1,10,1145.589111328125,262.6598205566406,287.82799743652345,Expect below-normal produce demand because of weekend traffic.,-25.16817687988282,-8.744172597536597,12,31.519178466796873,316.6,0,0,Normal,Trim order,baseline demand
2026-01-10,S004,Scottsdale,premium suburban,snacks,0,0,none,0,none,1,0,0,72.2,0.3127272727272728,5,Saturday,1,2,1,10,1145.589111328125,218.0341644287109,241.40228149414065,Expect below-normal snacks demand because of weekend traffic.,-23.368117065429743,-9.680155846413133,18,34.88546630859375,265.5,0,0,Normal,Trim order,baseline demand
2026-01-11,S001,Tempe,campus corridor,bakery,0,0,none,0,none,1,0,0,74.0,0.3454545454545454,6,Sunday,1,2,1,11,997.7230834960938,120.3739242553711,133.69712356567382,Expect below-normal bakery demand because of weekend traffic.,-13.323199310302726,-9.965210136894376,8,12.03739242553711,147.1,0,0,Normal,Trim order,baseline demand
2026-01-11,S001,Tempe,campus corridor,beverages,0,0,none,0,none,1,0,0,74.0,0.3454545454545454,6,Sunday,1,2,1,11,997.7230834960938,201.29437255859372,219.86081604003903,Expect below-normal beverages demand because of weekend traffic.,-18.566443481445305,-8.444635026763548,24,36.23298706054687,241.8,0,0,Normal,Trim order,baseline demand
2026-01-11,S001,Tempe,campus corridor,dairy,0,0,none,0,none,1,0,0,74.0,0.3454545454545454,6,Sunday,1,2,1,11,997.7230834960938,139.50465393066406,142.5521238708496,Expect near-normal dairy demand because of weekend traffic.,-3.0474699401855503,-2.1377934312269655,12,16.740558471679687,156.8,0,0,Normal,Hold steady,baseline demand
2026-01-11,S001,Tempe,campus corridor,frozen,0,0,none,0,none,1,0,0,74.0,0.3454545454545454,6,Sunday,1,2,1,11,997.7230834960938,102.5582046508789,107.08248420715331,Expect near-normal frozen demand because of weekend traffic.,-4.524279556274408,-4.2250416487556395,10,13.332566604614259,117.8,0,0,Normal,Hold steady,baseline demand
2026-01-11,S001,Tempe,campus corridor,produce,0,0,none,0,none,1,0,0,74.0,0.3454545454545454,6,Sunday,1,2,1,11,997.7230834960938,201.00555419921875,214.9835046386719,Expect near-normal produce demand because of weekend traffic.,-13.977950439453139,-6.5018711379490375,12,24.12066650390625,236.5,0,0,Normal,Trim order,baseline demand
2026-01-11,S001,Tempe,campus corridor,snacks,0,0,none,0,none,1,0,0,74.0,0.3454545454545454,6,Sunday,1,2,1,11,997.7230834960938,174.30296325683594,191.32091232299803,Expect below-normal snacks demand because of weekend traffic.,-17.01794906616209,-8.894975912215749,18,27.88847412109375,210.5,0,0,Normal,Trim order,baseline demand
2026-01-11,S002,Phoenix,urban flagship,bakery,0,0,none,0,none,1,0,0,77.5,0.4090909090909091,6,Sunday,1,2,1,11,1170.9521484375,169.59605407714844,175.18292617797852,Expect near-normal bakery demand because of weekend traffic.,-5.586872100830078,-3.1891647335277695,8,16.959605407714843,192.7,0,0,Normal,Hold steady,baseline demand
2026-01-11,S002,Phoenix,urban flagship,beverages,0,0,none,0,none,1,0,0,77.5,0.4090909090909091,6,Sunday,1,2,1,11,1170.9521484375,269.3671569824219,285.5860842895508,Expect near-normal beverages demand because of weekend traffic.,-16.218927307128922,-5.679172830663847,24,48.486088256835934,314.1,24,0,Medium,Replenish,baseline demand
2026-01-11,S002,Phoenix,urban flagship,dairy,0,0,none,0,none,1,0,0,77.5,0.4090909090909091,6,Sunday,1,2,1,11,1170.9521484375,182.55078125,191.55128555297853,Expect near-normal dairy demand because of weekend traffic.,-9.000504302978527,-4.698743877910024,12,21.90609375,210.7,0,0,Normal,Hold steady,baseline demand
2026-01-11,S002,Phoenix,urban flagship,frozen,0,0,none,0,none,1,0,0,77.5,0.4090909090909091,6,Sunday,1,2,1,11,1170.9521484375,138.98387145996094,141.9123486328125,Expect near-normal frozen demand because of weekend traffic.,-2.928477172851558,-2.06358164110776,10,18.067903289794923,156.1,10,0,Medium,Replenish,baseline demand
2026-01-11,S002,Phoenix,urban flagship,produce,0,0,none,0,none,1,0,0,77.5,0.4090909090909091,6,Sunday,1,2,1,11,1170.9521484375,269.4907531738281,298.10313903808594,Expect below-normal produce demand because of weekend traffic.,-28.612385864257817,-9.598149807004305,12,32.338890380859375,327.9,0,0,Normal,Trim order,baseline demand
2026-01-11,S002,Phoenix,urban flagship,snacks,0,0,none,0,none,1,0,0,77.5,0.4090909090909091,6,Sunday,1,2,1,11,1170.9521484375,246.13877868652344,251.5944384765625,Expect near-normal snacks demand because of weekend traffic.,-5.45565979003905,-2.1684341764761537,18,39.38220458984375,276.8,18,0,Medium,Replenish,baseline demand
2026-01-11,S003,Mesa,family suburban,bakery,0,0,none,0,none,1,0,0,75.5,0.3727272727272727,6,Sunday,1,2,1,11,918.7943725585938,111.57986450195312,120.66631721496582,Expect near-normal bakery demand because of weekend traffic.,-9.08645271301269,-7.530231238287705,8,11.157986450195313,132.7,0,0,Normal,Hold steady,baseline demand
2026-01-11,S003,Mesa,family suburban,beverages,0,0,none,0,none,1,0,0,75.5,0.3727272727272727,6,Sunday,1,2,1,11,918.7943725585938,183.2777404785156,198.94763702392575,Expect near-normal beverages demand because of weekend traffic.,-15.669896545410154,-7.876392391393755,24,32.98999328613281,218.8,0,0,Normal,Trim order,baseline demand
2026-01-11,S003,Mesa,family suburban,dairy,0,0,none,0,none,1,0,0,75.5,0.3727272727272727,6,Sunday,1,2,1,11,918.7943725585938,126.20808410644533,134.58560623168944,Expect near-normal dairy demand because of weekend traffic.,-8.377522125244113,-6.224679116741644,12,15.14497009277344,148.0,0,0,Normal,Hold steady,baseline demand
2026-01-11,S003,Mesa,family suburban,frozen,0,0,none,0,none,1,0,0,75.5,0.3727272727272727,6,Sunday,1,2,1,11,918.7943725585938,89.64717864990234,99.3794676208496,Expect below-normal frozen demand because of weekend traffic.,-9.732288970947252,-9.793058067162999,10,11.654133224487305,109.3,0,0,Normal,Hold steady,baseline demand
2026-01-11,S003,Mesa,family suburban,produce,0,0,none,0,none,1,0,0,75.5,0.3727272727272727,6,Sunday,1,2,1,11,918.7943725585938,191.38958740234372,187.71574417114255,Expect near-normal produce demand because of weekend traffic.,3.6738432312011753,1.9571311119496144,12,22.966750488281246,206.5,12,0,Medium,Replenish,baseline demand
2026-01-11,S003,Mesa,family suburban,snacks,0,0,none,0,none,1,0,0,75.5,0.3727272727272727,6,Sunday,1,2,1,11,918.7943725585938,157.58663940429688,156.92639068603518,Expect near-normal snacks demand because of weekend traffic.,0.6602487182616983,0.420737847455287,18,25.2138623046875,172.6,18,0,Medium,Replenish,baseline demand
2026-01-11,S004,Scottsdale,premium suburban,bakery,0,0,none,0,none,1,0,0,72.0,0.3090909090909091,6,Sunday,1,2,1,11,1098.6220703125,150.7454376220703,149.29094009399415,Expect near-normal bakery demand because of weekend traffic.,1.4544975280761605,0.9742704595204525,8,15.074543762207032,164.2,8,0,Medium,Replenish,baseline demand
2026-01-11,S004,Scottsdale,premium suburban,beverages,0,0,none,0,none,1,0,0,72.0,0.3090909090909091,6,Sunday,1,2,1,11,1098.6220703125,235.3706970214844,240.2105256652832,Expect near-normal beverages demand because of weekend traffic.,-4.839828643798796,-2.0148278808326507,24,42.36672546386719,264.2,24,0,Medium,Replenish,baseline demand
2026-01-11,S004,Scottsdale,premium suburban,dairy,0,0,none,0,none,1,0,0,72.0,0.3090909090909091,6,Sunday,1,2,1,11,1098.6220703125,165.72296142578125,186.7971310424805,Expect below-normal dairy demand because of weekend traffic.,-21.074169616699237,-11.281848655323648,12,19.88675537109375,205.5,0,0,Normal,Trim order,baseline demand
2026-01-11,S004,Scottsdale,premium suburban,frozen,1,0,none,0,none,1,0,0,72.0,0.3090909090909091,6,Sunday,1,2,1,11,1098.6220703125,144.52845764160156,127.10986923217774,"Expect above-normal frozen demand because of promotion activity, weekend traffic.",17.41858840942382,13.703568821715317,10,18.788699493408203,139.8,30,0,Medium,Increase order,promotion
2026-01-11,S004,Scottsdale,premium suburban,produce,0,0,none,0,none,1,0,0,72.0,0.3090909090909091,6,Sunday,1,2,1,11,1098.6220703125,245.6143951416016,277.7892111206055,Expect below-normal produce demand because of weekend traffic.,-32.17481597900391,-11.582457018114656,12,29.47372741699219,305.6,0,0,Normal,Trim order,baseline demand
2026-01-11,S004,Scottsdale,premium suburban,snacks,0,0,none,0,none,1,0,0,72.0,0.3090909090909091,6,Sunday,1,2,1,11,1098.6220703125,205.19390869140625,208.12884338378905,Expect near-normal snacks demand because of weekend traffic.,-2.9349346923827966,-1.4101527902938396,18,32.831025390625,228.9,18,0,Medium,Replenish,baseline demand
2026-01-12,S001,Tempe,campus corridor,bakery,0,0,none,0,none,0,0,0,73.7,0.34,0,Monday,1,3,1,12,846.3767700195312,99.42707824707033,103.65307014465331,Expect near-normal demand with no major external spike drivers flagged.,-4.225991897582986,-4.077054246136069,8,9.942707824707034,114.0,0,0,Normal,Hold steady,baseline demand
2026-01-12,S001,Tempe,campus corridor,beverages,0,0,none,0,none,0,0,0,73.7,0.34,0,Monday,1,3,1,12,846.3767700195312,162.71212768554688,169.50280136108398,Expect near-normal demand with no major external spike drivers flagged.,-6.790673675537107,-4.006230941913018,24,29.288182983398436,186.5,24,0,Medium,Replenish,baseline demand
2026-01-12,S001,Tempe,campus corridor,dairy,1,0,none,0,none,0,0,0,73.7,0.34,0,Monday,1,3,1,12,846.3767700195312,138.79522705078125,122.11972816467284,Expect above-normal dairy demand because of promotion activity.,16.675498886108414,13.655040947701972,12,16.65542724609375,134.3,24,0,Medium,Increase order,promotion
2026-01-12,S001,Tempe,campus corridor,frozen,0,0,none,0,none,0,0,0,73.7,0.34,0,Monday,1,3,1,12,846.3767700195312,86.72574615478516,92.7829377746582,Expect near-normal demand with no major external spike drivers flagged.,-6.057191619873038,-6.528346445101935,10,11.27434700012207,102.1,0,0,Normal,Hold steady,baseline demand
2026-01-12,S001,Tempe,campus corridor,produce,0,0,none,0,none,0,0,0,73.7,0.34,0,Monday,1,3,1,12,846.3767700195312,175.812255859375,175.27484420776366,Expect near-normal demand with no major external spike drivers flagged.,0.5374116516113361,0.30661082829108677,12,21.097470703124998,192.8,12,0,Medium,Replenish,baseline demand
2026-01-12,S001,Tempe,campus corridor,snacks,1,0,none,0,none,0,0,0,73.7,0.34,0,Monday,1,3,1,12,846.3767700195312,171.1048583984375,152.18098205566406,Expect above-normal snacks demand because of promotion activity.,18.92387634277344,12.435112513501556,18,27.37677734375,167.4,36,0,Medium,Increase order,promotion
2026-01-12,S002,Phoenix,urban flagship,bakery,0,0,none,0,none,0,0,0,77.2,0.4036363636363637,0,Monday,1,3,1,12,997.9325561523438,136.70559692382812,139.1850048828125,Expect near-normal demand with no major external spike drivers flagged.,-2.479407958984382,-1.7813757746906225,8,13.670559692382813,153.1,0,0,Normal,Hold steady,baseline demand
2026-01-12,S002,Phoenix,urban flagship,beverages,0,0,none,0,none,0,0,0,77.2,0.4036363636363637,0,Monday,1,3,1,12,997.9325561523438,215.2700958251953,247.8090785217285,Expect below-normal demand with no major external spike drivers flagged.,-32.538982696533196,-13.130666112250644,24,38.748617248535155,272.6,0,0,Normal,Trim order,baseline demand
2026-01-12,S002,Phoenix,urban flagship,dairy,0,0,none,0,none,0,0,0,77.2,0.4036363636363637,0,Monday,1,3,1,12,997.9325561523438,154.94122314453125,163.26627548217772,Expect near-normal demand with no major external spike drivers flagged.,-8.325052337646468,-5.099064281989601,12,18.592946777343748,179.6,0,0,Normal,Hold steady,baseline demand
2026-01-12,S002,Phoenix,urban flagship,frozen,1,0,none,0,none,0,0,0,77.2,0.4036363636363637,0,Monday,1,3,1,12,997.9325561523438,132.64219665527344,120.818473739624,Expect near-normal frozen demand because of promotion activity.,11.82372291564944,9.786353485254876,10,17.243485565185548,132.9,20,0,Medium,Replenish,promotion
2026-01-12,S002,Phoenix,urban flagship,produce,0,0,none,0,none,0,0,0,77.2,0.4036363636363637,0,Monday,1,3,1,12,997.9325561523438,224.9282989501953,252.7850570678711,Expect below-normal demand with no major external spike drivers flagged.,-27.85675811767578,-11.019938615357484,12,26.991395874023436,278.1,0,0,Normal,Trim order,baseline demand
2026-01-12,S002,Phoenix,urban flagship,snacks,0,0,none,0,none,0,0,0,77.2,0.4036363636363637,0,Monday,1,3,1,12,997.9325561523438,187.42904663085935,196.4681437683105,Expect near-normal demand with no major external spike drivers flagged.,-9.039097137451165,-4.600795306597249,18,29.988647460937496,216.1,18,0,Medium,Replenish,baseline demand
2026-01-12,S003,Mesa,family suburban,bakery,0,0,none,0,none,0,0,0,75.2,0.3672727272727273,0,Monday,1,3,1,12,776.3155517578125,93.09300231933594,101.08223640441896,Expect near-normal demand with no major external spike drivers flagged.,-7.989234085083027,-7.903697394583728,8,9.309300231933594,111.2,0,0,Normal,Hold steady,baseline demand
2026-01-12,S003,Mesa,family suburban,beverages,0,0,none,0,none,0,0,0,75.2,0.3672727272727273,0,Monday,1,3,1,12,776.3155517578125,153.88870239257812,156.54535491943358,Expect near-normal demand with no major external spike drivers flagged.,-2.656652526855453,-1.6970497324706346,24,27.699966430664062,172.2,24,0,Medium,Replenish,baseline demand
2026-01-12,S003,Mesa,family suburban,dairy,0,0,none,0,none,0,0,0,75.2,0.3672727272727273,0,Monday,1,3,1,12,776.3155517578125,111.7149887084961,121.31144386291504,Expect near-normal demand with no major external spike drivers flagged.,-9.596455154418948,-7.910593468216554,12,13.40579864501953,133.4,0,0,Normal,Hold steady,baseline demand
2026-01-12,S003,Mesa,family suburban,frozen,0,0,none,0,none,0,0,0,75.2,0.3672727272727273,0,Monday,1,3,1,12,776.3155517578125,74.8398208618164,78.2683447265625,Expect near-normal demand with no major external spike drivers flagged.,-3.428523864746097,-4.380473199891927,10,9.729176712036134,86.1,0,0,Normal,Hold steady,baseline demand
2026-01-12,S003,Mesa,family suburban,produce,0,0,none,0,none,0,0,0,75.2,0.3672727272727273,0,Monday,1,3,1,12,776.3155517578125,162.8809814453125,178.39126052856443,Expect below-normal demand with no major external spike drivers flagged.,-15.51027908325193,-8.6945285533023,12,19.5457177734375,196.2,0,0,Normal,Trim order,baseline demand
2026-01-12,S003,Mesa,family suburban,snacks,0,0,none,0,none,0,0,0,75.2,0.3672727272727273,0,Monday,1,3,1,12,776.3155517578125,129.2434539794922,127.22428955078124,Expect near-normal demand with no major external spike drivers flagged.,2.019164428710951,1.5870903550261186,18,20.67895263671875,139.9,18,0,Medium,Replenish,baseline demand
2026-01-12,S004,Scottsdale,premium suburban,bakery,0,0,none,0,none,0,0,0,71.7,0.3036363636363637,0,Monday,1,3,1,12,915.33349609375,121.48079681396484,123.02530212402344,Expect near-normal demand with no major external spike drivers flagged.,-1.5445053100585966,-1.2554371201637533,8,12.148079681396485,135.3,0,0,Normal,Hold steady,baseline demand
2026-01-12,S004,Scottsdale,premium suburban,beverages,0,0,none,0,none,0,0,0,71.7,0.3036363636363637,0,Monday,1,3,1,12,915.33349609375,184.6439666748047,192.6390867614746,Expect near-normal demand with no major external spike drivers flagged.,-7.995120086669914,-4.150310417827852,24,33.23591400146484,211.9,24,0,Medium,Replenish,baseline demand
2026-01-12,S004,Scottsdale,premium suburban,dairy,0,0,none,0,none,0,0,0,71.7,0.3036363636363637,0,Monday,1,3,1,12,915.33349609375,136.6035614013672,138.53916885375978,Expect near-normal demand with no major external spike drivers flagged.,-1.9356074523925884,-1.3971553809708441,12,16.39242736816406,152.4,12,0,Medium,Replenish,baseline demand
2026-01-12,S004,Scottsdale,premium suburban,frozen,0,0,none,0,none,0,0,0,71.7,0.3036363636363637,0,Monday,1,3,1,12,915.33349609375,101.65560913085938,105.34032035827636,Expect near-normal demand with no major external spike drivers flagged.,-3.684711227416983,-3.4979115450615614,10,13.215229187011719,115.9,0,0,Normal,Hold steady,baseline demand
2026-01-12,S004,Scottsdale,premium suburban,produce,0,0,none,0,none,0,0,0,71.7,0.3036363636363637,0,Monday,1,3,1,12,915.33349609375,211.221923828125,214.7420864868164,Expect near-normal demand with no major external spike drivers flagged.,-3.5201626586913903,-1.6392513997983822,12,25.346630859375,236.2,12,0,Medium,Replenish,baseline demand
2026-01-12,S004,Scottsdale,premium suburban,snacks,0,0,none,0,none,0,0,0,71.7,0.3036363636363637,0,Monday,1,3,1,12,915.33349609375,163.63812255859375,184.26975128173828,Expect below-normal demand with no major external spike drivers flagged.,-20.63162872314453,-11.196427291856443,18,26.182099609375,202.7,0,0,Normal,Trim order,baseline demand
2026-01-13,S001,Tempe,campus corridor,bakery,0,0,none,0,none,0,0,0,73.4,0.3345454545454546,1,Tuesday,1,3,1,13,869.8989868164062,101.77987670898438,108.22009834289553,Expect near-normal demand with no major external spike drivers flagged.,-6.44022163391115,-5.951040271193711,8,10.177987670898439,119.0,0,0,Normal,Hold steady,baseline demand
2026-01-13,S001,Tempe,campus corridor,beverages,0,0,none,0,none,0,0,0,73.4,0.3345454545454546,1,Tuesday,1,3,1,13,869.8989868164062,163.43783569335938,178.53605819702148,Expect below-normal demand with no major external spike drivers flagged.,-15.0982225036621,-8.456679651233605,24,29.418810424804686,196.4,0,0,Normal,Trim order,baseline demand
2026-01-13,S001,Tempe,campus corridor,dairy,0,0,none,0,none,0,0,0,73.4,0.3345454545454546,1,Tuesday,1,3,1,13,869.8989868164062,122.1247100830078,123.8634874725342,Expect near-normal demand with no major external spike drivers flagged.,-1.7387773895264047,-1.4037852679644318,12,14.654965209960935,136.2,12,0,Medium,Replenish,baseline demand
2026-01-13,S001,Tempe,campus corridor,frozen,0,0,none,0,none,0,0,0,73.4,0.3345454545454546,1,Tuesday,1,3,1,13,869.8989868164062,87.75978088378906,102.80589653015136,Expect below-normal demand with no major external spike drivers flagged.,-15.046115646362296,-14.63545978799913,10,11.408771514892578,113.1,0,0,Normal,Trim order,baseline demand
2026-01-13,S001,Tempe,campus corridor,produce,0,0,none,0,none,0,0,0,73.4,0.3345454545454546,1,Tuesday,1,3,1,13,869.8989868164062,179.92364501953125,181.0075468444824,Expect near-normal demand with no major external spike drivers flagged.,-1.0839018249511412,-0.5988158194765245,12,21.590837402343748,199.1,12,0,Medium,Replenish,baseline demand
2026-01-13,S001,Tempe,campus corridor,snacks,0,0,none,0,none,0,0,0,73.4,0.3345454545454546,1,Tuesday,1,3,1,13,869.8989868164062,148.73838806152344,148.42167678833007,Expect near-normal demand with no major external spike drivers flagged.,0.3167112731933628,0.21338613068294401,18,23.79814208984375,163.3,18,0,Medium,Replenish,baseline demand
2026-01-13,S002,Phoenix,urban flagship,bakery,0,0,none,0,none,0,0,0,76.9,0.3981818181818183,1,Tuesday,1,3,1,13,1023.2269897460938,140.98623657226562,141.95540664672853,Expect near-normal demand with no major external spike drivers flagged.,-0.9691700744629088,-0.6827285394453442,8,14.098623657226563,156.2,0,0,Normal,Hold steady,baseline demand
2026-01-13,S002,Phoenix,urban flagship,beverages,0,0,none,0,none,0,0,0,76.9,0.3981818181818183,1,Tuesday,1,3,1,13,1023.2269897460938,219.40234375,242.8268051147461,Expect below-normal demand with no major external spike drivers flagged.,-23.424461364746094,-9.64657149513499,24,39.492421875,267.1,0,0,Normal,Trim order,baseline demand
2026-01-13,S002,Phoenix,urban flagship,dairy,0,0,none,0,none,0,0,0,76.9,0.3981818181818183,1,Tuesday,1,3,1,13,1023.2269897460938,160.84104919433594,177.18709564208984,Expect below-normal demand with no major external spike drivers flagged.,-16.346046447753906,-9.225302998798627,12,19.300925903320312,194.9,0,0,Normal,Trim order,baseline demand
2026-01-13,S002,Phoenix,urban flagship,frozen,0,0,none,0,none,0,0,0,76.9,0.3981818181818183,1,Tuesday,1,3,1,13,1023.2269897460938,117.4171371459961,127.06152229309082,Expect near-normal demand with no major external spike drivers flagged.,-9.644385147094724,-7.590327089618974,10,15.264227828979493,139.8,0,0,Normal,Hold steady,baseline demand
2026-01-13,S002,Phoenix,urban flagship,produce,0,0,none,0,none,0,0,0,76.9,0.3981818181818183,1,Tuesday,1,3,1,13,1023.2269897460938,232.662353515625,255.28566940307616,Expect below-normal demand with no major external spike drivers flagged.,-22.623315887451156,-8.8619607752955,12,27.919482421875,280.8,0,0,Normal,Trim order,baseline demand
2026-01-13,S002,Phoenix,urban flagship,snacks,0,0,none,0,none,0,0,0,76.9,0.3981818181818183,1,Tuesday,1,3,1,13,1023.2269897460938,198.3273468017578,203.0655502319336,Expect near-normal demand with no major external spike drivers flagged.,-4.738203430175787,-2.3333369075965837,18,31.73237548828125,223.4,18,0,Medium,Replenish,baseline demand
2026-01-13,S003,Mesa,family suburban,bakery,0,0,none,0,none,0,0,0,74.9,0.3618181818181819,1,Tuesday,1,3,1,13,809.308349609375,92.75205993652344,93.43822479248048,Expect near-normal demand with no major external spike drivers flagged.,-0.6861648559570455,-0.7343513401297679,8,9.275205993652344,102.8,0,0,Normal,Hold steady,baseline demand
2026-01-13,S003,Mesa,family suburban,beverages,1,0,none,0,none,0,0,0,74.9,0.3618181818181819,1,Tuesday,1,3,1,13,809.308349609375,178.09030151367188,159.2109881591797,Expect near-normal beverages demand because of promotion activity.,18.879313354492183,11.858046716987008,24,32.05625427246093,175.1,48,0,Medium,Replenish,promotion
2026-01-13,S003,Mesa,family suburban,dairy,0,0,none,0,none,0,0,0,74.9,0.3618181818181819,1,Tuesday,1,3,1,13,809.308349609375,110.49671936035156,108.3899543762207,Expect near-normal demand with no major external spike drivers flagged.,2.106764984130862,1.943690258248746,12,13.259606323242187,119.2,12,0,Medium,Replenish,baseline demand
2026-01-13,S003,Mesa,family suburban,frozen,0,0,none,0,none,0,0,0,74.9,0.3618181818181819,1,Tuesday,1,3,1,13,809.308349609375,78.57964324951172,77.49914291381836,Expect near-normal demand with no major external spike drivers flagged.,1.0805003356933582,1.3942094003477055,10,10.215353622436524,85.2,10,0,Medium,Replenish,baseline demand
2026-01-13,S003,Mesa,family suburban,produce,0,0,none,0,none,0,0,0,74.9,0.3618181818181819,1,Tuesday,1,3,1,13,809.308349609375,168.2587890625,168.64939865112305,Expect near-normal demand with no major external spike drivers flagged.,-0.3906095886230503,-0.2316104247908323,12,20.1910546875,185.5,12,0,Medium,Replenish,baseline demand
2026-01-13,S003,Mesa,family suburban,snacks,0,0,none,0,none,0,0,0,74.9,0.3618181818181819,1,Tuesday,1,3,1,13,809.308349609375,129.6614227294922,129.6419236755371,Expect near-normal demand with no major external spike drivers flagged.,0.01949905395508722,0.015040700879978235,18,20.74582763671875,142.6,18,0,Medium,Replenish,baseline demand
2026-01-13,S004,Scottsdale,premium suburban,bakery,0,0,none,0,none,0,0,0,71.4,0.2981818181818182,1,Tuesday,1,3,1,13,948.0706176757812,124.58351135253906,122.32536651611328,Expect near-normal demand with no major external spike drivers flagged.,2.2581448364257852,1.8460151812652297,8,12.458351135253906,134.6,8,0,Medium,Replenish,baseline demand
2026-01-13,S004,Scottsdale,premium suburban,beverages,0,0,none,0,none,0,0,0,71.4,0.2981818181818182,1,Tuesday,1,3,1,13,948.0706176757812,198.8943023681641,209.7091065979004,Expect near-normal demand with no major external spike drivers flagged.,-10.814804229736296,-5.157050356650832,24,35.80097442626953,230.7,24,0,Medium,Replenish,baseline demand
2026-01-13,S004,Scottsdale,premium suburban,dairy,0,0,none,0,none,0,0,0,71.4,0.2981818181818182,1,Tuesday,1,3,1,13,948.0706176757812,138.4136199951172,137.5299920654297,Expect near-normal demand with no major external spike drivers flagged.,0.883627929687492,0.642498349935996,12,16.609634399414062,151.3,12,0,Medium,Replenish,baseline demand
2026-01-13,S004,Scottsdale,premium suburban,frozen,0,0,none,0,none,0,0,0,71.4,0.2981818181818182,1,Tuesday,1,3,1,13,948.0706176757812,104.02265167236328,110.62243141174316,Expect near-normal demand with no major external spike drivers flagged.,-6.599779739379883,-5.966041114044146,10,13.522944717407228,121.7,0,0,Normal,Hold steady,baseline demand
2026-01-13,S004,Scottsdale,premium suburban,produce,0,0,none,0,none,0,0,0,71.4,0.2981818181818182,1,Tuesday,1,3,1,13,948.0706176757812,219.4813232421875,228.39357009887692,Expect near-normal demand with no major external spike drivers flagged.,-8.912246856689421,-3.9021443785966046,12,26.337758789062498,251.2,0,0,Normal,Hold steady,baseline demand
2026-01-13,S004,Scottsdale,premium suburban,snacks,1,0,none,0,none,0,0,0,71.4,0.2981818181818182,1,Tuesday,1,3,1,13,948.0706176757812,190.6616668701172,168.99820388793944,Expect above-normal snacks demand because of promotion activity.,21.663462982177748,12.818753385416166,18,30.50586669921875,185.9,36,0,Medium,Increase order,promotion
2026-01-14,S001,Tempe,campus corridor,bakery,0,0,none,0,none,0,1,0,73.1,0.329090909090909,2,Wednesday,1,3,1,14,969.794921875,116.64147186279295,147.5931209564209,Expect below-normal bakery demand because of payday effect.,-30.95164909362795,-20.970929331297825,8,11.664147186279296,162.4,0,0,Normal,Trim order,payday
2026-01-14,S001,Tempe,campus corridor,beverages,0,0,none,0,none,0,1,0,73.1,0.329090909090909,2,Wednesday,1,3,1,14,969.794921875,205.1127471923828,250.99562301635743,Expect below-normal beverages demand because of payday effect.,-45.882875823974615,-18.280348984804576,24,36.920294494628905,276.1,0,0,Normal,Trim order,payday
2026-01-14,S001,Tempe,campus corridor,dairy,0,0,none,0,none,0,1,0,73.1,0.329090909090909,2,Wednesday,1,3,1,14,969.794921875,135.45960998535156,164.89669448852538,Expect below-normal dairy demand because of payday effect.,-29.43708450317382,-17.851834201092643,12,16.255153198242187,181.4,0,0,Normal,Trim order,payday
2026-01-14,S001,Tempe,campus corridor,frozen,0,0,none,0,none,0,1,0,73.1,0.329090909090909,2,Wednesday,1,3,1,14,969.794921875,102.30030059814452,117.9019464111328,Expect below-normal frozen demand because of payday effect.,-15.60164581298828,-13.232729643482042,10,13.299039077758788,129.7,0,0,Normal,Trim order,payday
2026-01-14,S001,Tempe,campus corridor,produce,0,0,none,0,none,0,1,0,73.1,0.329090909090909,2,Wednesday,1,3,1,14,969.794921875,202.68307495117188,249.77168762207032,Expect below-normal produce demand because of payday effect.,-47.08861267089844,-18.85266225295649,12,24.321968994140626,274.7,0,0,Normal,Trim order,payday
2026-01-14,S001,Tempe,campus corridor,snacks,1,0,none,0,none,0,1,0,73.1,0.329090909090909,2,Wednesday,1,3,1,14,969.794921875,203.0997009277344,205.98212036132813,"Expect near-normal snacks demand because of promotion activity, payday effect.",-2.882419433593725,-1.3993541908091172,18,32.4959521484375,226.6,18,0,Medium,Replenish,"promotion, payday"
2026-01-14,S002,Phoenix,urban flagship,bakery,0,0,none,0,none,0,1,0,76.6,0.3927272727272726,2,Wednesday,1,3,1,14,1122.099609375,154.7264862060547,187.4912521362305,Expect below-normal bakery demand because of payday effect.,-32.7647659301758,-17.4753571469932,8,15.472648620605469,206.2,0,0,Normal,Trim order,payday
2026-01-14,S002,Phoenix,urban flagship,beverages,1,0,none,0,none,0,1,0,76.6,0.3927272727272726,2,Wednesday,1,3,1,14,1122.099609375,299.33404541015625,341.4206484985351,"Expect below-normal beverages demand because of promotion activity, payday effect.",-42.086603088378865,-12.326906200156035,24,53.880128173828126,375.6,0,0,Normal,Trim order,"promotion, payday"
2026-01-14,S002,Phoenix,urban flagship,dairy,0,0,none,0,none,0,1,0,76.6,0.3927272727272726,2,Wednesday,1,3,1,14,1122.099609375,180.48794555664065,205.2297183227539,Expect below-normal dairy demand because of payday effect.,-24.741772766113257,-12.055648162613165,12,21.658553466796878,225.8,0,0,Normal,Trim order,payday
2026-01-14,S002,Phoenix,urban flagship,frozen,0,0,none,0,none,0,1,0,76.6,0.3927272727272726,2,Wednesday,1,3,1,14,1122.099609375,133.408935546875,162.77615592956545,Expect below-normal frozen demand because of payday effect.,-29.367220382690448,-18.041475555792015,10,17.34316162109375,179.1,0,0,Normal,Trim order,payday
2026-01-14,S002,Phoenix,urban flagship,produce,0,0,none,0,none,0,1,0,76.6,0.3927272727272726,2,Wednesday,1,3,1,14,1122.099609375,256.1312561035156,322.14910400390625,Expect below-normal produce demand because of payday effect.,-66.01784790039062,-20.492947855471954,12,30.735750732421874,354.4,0,0,Normal,Trim order,payday
2026-01-14,S002,Phoenix,urban flagship,snacks,0,0,none,0,none,0,1,0,76.6,0.3927272727272726,2,Wednesday,1,3,1,14,1122.099609375,226.7079315185547,270.0448188781738,Expect below-normal snacks demand because of payday effect.,-43.33688735961914,-16.048035114930254,18,36.27326904296875,297.0,0,0,Normal,Trim order,payday
2026-01-14,S003,Mesa,family suburban,bakery,0,0,none,0,none,0,1,0,74.6,0.3563636363636362,2,Wednesday,1,3,1,14,882.16796875,104.38583374023438,128.95233627319337,Expect below-normal bakery demand because of payday effect.,-24.566502532958992,-19.050839436451437,8,10.438583374023438,141.8,0,0,Normal,Trim order,payday
2026-01-14,S003,Mesa,family suburban,beverages,0,0,none,0,none,0,1,0,74.6,0.3563636363636362,2,Wednesday,1,3,1,14,882.16796875,168.03762817382812,208.62143310546875,Expect below-normal beverages demand because of payday effect.,-40.58380493164063,-19.453324774700135,24,30.246773071289063,229.5,0,0,Normal,Trim order,payday
2026-01-14,S003,Mesa,family suburban,dairy,0,0,none,0,none,0,1,0,74.6,0.3563636363636362,2,Wednesday,1,3,1,14,882.16796875,121.94500732421876,143.8589617919922,Expect below-normal dairy demand because of payday effect.,-21.913954467773422,-15.232943568339618,12,14.63340087890625,158.2,0,0,Normal,Trim order,payday
2026-01-14,S003,Mesa,family suburban,frozen,0,0,none,0,none,0,1,0,74.6,0.3563636363636362,2,Wednesday,1,3,1,14,882.16796875,87.60627746582031,107.33613792419432,Expect below-normal frozen demand because of payday effect.,-19.729860458374006,-18.381377269515824,10,11.388816070556642,118.1,0,0,Normal,Trim order,payday
2026-01-14,S003,Mesa,family suburban,produce,0,0,none,0,none,0,1,0,74.6,0.3563636363636362,2,Wednesday,1,3,1,14,882.16796875,174.32713317871094,217.9743681335449,Expect below-normal produce demand because of payday effect.,-43.647234954833976,-20.02402178227346,12,20.91925598144531,239.8,0,0,Normal,Trim order,payday
2026-01-14,S003,Mesa,family suburban,snacks,0,0,none,0,none,0,1,0,74.6,0.3563636363636362,2,Wednesday,1,3,1,14,882.16796875,147.26214599609375,184.46454345703123,Expect below-normal snacks demand because of payday effect.,-37.202397460937476,-20.16777683327708,18,23.561943359375,202.9,0,0,Normal,Trim order,payday
2026-01-14,S004,Scottsdale,premium suburban,bakery,0,0,none,0,none,0,1,0,71.1,0.2927272727272726,2,Wednesday,1,3,1,14,1050.978515625,141.76698303222656,181.15007049560543,Expect below-normal bakery demand because of payday effect.,-39.38308746337887,-21.740586330235114,8,14.176698303222658,199.3,0,0,Normal,Trim order,payday
2026-01-14,S004,Scottsdale,premium suburban,beverages,0,0,none,0,none,0,1,0,71.1,0.2927272727272726,2,Wednesday,1,3,1,14,1050.978515625,226.7919158935547,281.0590905761719,Expect below-normal beverages demand because of payday effect.,-54.267174682617224,-19.308101570872292,24,40.82254486083984,309.2,0,0,Normal,Trim order,payday
2026-01-14,S004,Scottsdale,premium suburban,dairy,0,0,none,0,none,0,1,0,71.1,0.2927272727272726,2,Wednesday,1,3,1,14,1050.978515625,154.1036834716797,182.7252291870117,Expect below-normal dairy demand because of payday effect.,-28.62154571533202,-15.663707656942682,12,18.49244201660156,201.0,0,0,Normal,Trim order,payday
2026-01-14,S004,Scottsdale,premium suburban,frozen,0,0,none,0,none,0,1,0,71.1,0.2927272727272726,2,Wednesday,1,3,1,14,1050.978515625,118.5815658569336,134.3932559967041,Expect below-normal frozen demand because of payday effect.,-15.81169013977052,-11.765240764877582,10,15.415603561401367,147.8,0,0,Normal,Trim order,payday
2026-01-14,S004,Scottsdale,premium suburban,produce,0,0,none,0,none,0,1,0,71.1,0.2927272727272726,2,Wednesday,1,3,1,14,1050.978515625,241.1388092041016,287.1404000854492,Expect below-normal produce demand because of payday effect.,-46.001590881347596,-16.020591622655026,12,28.93665710449219,315.9,0,0,Normal,Trim order,payday
2026-01-14,S004,Scottsdale,premium suburban,snacks,0,0,none,0,none,0,1,0,71.1,0.2927272727272726,2,Wednesday,1,3,1,14,1050.978515625,197.13235473632807,246.60827545166012,Expect below-normal snacks demand because of payday effect.,-49.47592071533205,-20.062554926316846,18,31.54117675781249,271.3,0,0,Normal,Trim order,payday
